case_id,uplift_score,targeted,model_auc_reported
C000004898,0.4861,False,0.71
C000009906,0.3871,False,0.71
C000037869,0.6837,True,0.71
C000005656,0.645,True,0.71
C000037224,0.504,False,0.71
C000033024,0.2913,False,0.71
C000016485,0.8475,True,0.71
C000014617,0.2814,False,0.71
C000034977,0.4238,False,0.71
C000003736,0.2592,False,0.71
C000037086,0.0723,False,0.71
C000028569,0.7673,True,0.71
C000028650,0.3504,False,0.71
C000034131,0.0722,False,0.71
C000024359,0.8627,True,0.71
C000021792,0.427,False,0.71
C000002215,0.3328,False,0.71
C000017597,0.3627,False,0.71
C000035136,0.0,False,0.71
C000036713,0.5148,False,0.71
C000033388,0.6122,True,0.71
C000007913,0.2162,False,0.71
C000033032,0.1794,False,0.71
C000010614,0.4993,False,0.71
C000029761,0.7883,True,0.71
C000023437,0.615,True,0.71
C000033180,0.6594,True,0.71
C000001827,0.6066,True,0.71
C000000815,0.6676,True,0.71
C000008026,0.1752,False,0.71
C000025334,0.3613,False,0.71
C000002157,0.6365,True,0.71
C000004759,0.684,True,0.71
C000014472,0.7224,True,0.71
C000012955,0.3831,False,0.71
C000033935,0.4208,False,0.71
C000011839,0.8193,True,0.71
C000010591,0.5444,False,0.71
C000022285,0.6555,True,0.71
C000021504,0.7148,True,0.71
C000032697,0.5134,False,0.71
C000036481,0.04,False,0.71
C000023311,0.376,False,0.71
C000003036,0.4626,False,0.71
C000033692,0.8394,True,0.71
C000025892,0.6432,True,0.71
C000006107,0.6291,True,0.71
C000015966,0.2909,False,0.71
C000013636,0.3332,False,0.71
C000011101,0.1318,False,0.71
C000038358,0.5802,True,0.71
C000012272,0.5638,True,0.71
C000005735,0.8042,True,0.71
C000021801,0.472,False,0.71
C000027410,0.2029,False,0.71
C000004105,0.5075,False,0.71
C000038208,0.8733,True,0.71
C000013125,0.8005,True,0.71
C000011517,0.2726,False,0.71
C000015278,0.4594,False,0.71
C000028467,0.3726,False,0.71
C000017897,0.6717,True,0.71
C000016720,0.9714,True,0.71
C000029285,0.3285,False,0.71
C000025838,0.1255,False,0.71
C000008720,0.4502,False,0.71
C000018540,0.6968,True,0.71
C000037860,0.4655,False,0.71
C000037967,0.5941,True,0.71
C000017322,0.7117,True,0.71
C000005144,0.2266,False,0.71
C000005546,0.8352,True,0.71
C000035268,0.1308,False,0.71
C000028106,0.7773,True,0.71
C000016672,0.2076,False,0.71
C000017604,0.4785,False,0.71
C000020869,0.3286,False,0.71
C000004026,0.4163,False,0.71
C000010560,0.5404,False,0.71
C000033736,0.3071,False,0.71
C000027201,0.5305,False,0.71
C000035034,0.285,False,0.71
C000014975,0.5612,True,0.71
C000013083,0.6243,True,0.71
C000037606,0.534,False,0.71
C000005750,0.3211,False,0.71
C000039097,0.8434,True,0.71
C000027162,0.8505,True,0.71
C000011114,0.5462,False,0.71
C000031897,0.835,True,0.71
C000000694,0.4224,False,0.71
C000028250,0.2578,False,0.71
C000001562,0.6746,True,0.71
C000006937,0.0,False,0.71
C000032275,0.2676,False,0.71
C000000545,0.6812,True,0.71
C000006318,0.4275,False,0.71
C000022844,0.9164,True,0.71
C000019962,0.6855,True,0.71
C000019725,0.7342,True,0.71
C000038155,0.5932,True,0.71
C000014740,0.6587,True,0.71
C000004396,0.4707,False,0.71
C000039645,0.3653,False,0.71
C000009952,0.4386,False,0.71
C000014691,0.6197,True,0.71
C000027908,0.8314,True,0.71
C000019688,0.5171,False,0.71
C000014267,0.717,True,0.71
C000024286,0.4774,False,0.71
C000025317,0.1969,False,0.71
C000038627,0.4228,False,0.71
C000031337,0.7658,True,0.71
C000030188,0.6404,True,0.71
C000004214,0.3867,False,0.71
C000018185,0.4778,False,0.71
C000017869,0.1563,False,0.71
C000001681,0.4942,False,0.71
C000027677,0.2488,False,0.71
C000024796,0.3096,False,0.71
C000031762,0.659,True,0.71
C000002256,0.7038,True,0.71
C000027384,0.9607,True,0.71
C000037448,0.7814,True,0.71
C000031463,0.5322,False,0.71
C000012193,0.6799,True,0.71
C000002685,0.5024,False,0.71
C000002487,0.7195,True,0.71
C000005838,0.333,False,0.71
C000019295,0.3684,False,0.71
C000025774,0.2307,False,0.71
C000004305,0.5347,False,0.71
C000026779,0.4247,False,0.71
C000008676,0.7044,True,0.71
C000000204,0.1565,False,0.71
C000027132,0.6503,True,0.71
C000028394,0.387,False,0.71
C000014172,0.6211,True,0.71
C000009394,0.7596,True,0.71
C000015022,0.7634,True,0.71
C000021484,0.2393,False,0.71
C000017963,0.5071,False,0.71
C000019188,0.5434,False,0.71
C000009948,0.4121,False,0.71
C000034192,0.5284,False,0.71
C000030178,0.4212,False,0.71
C000019129,0.8779,True,0.71
C000032620,0.3221,False,0.71
C000021613,0.3513,False,0.71
C000012475,0.3025,False,0.71
C000018332,0.3128,False,0.71
C000027563,0.6646,True,0.71
C000014366,0.4327,False,0.71
C000024872,0.7124,True,0.71
C000004330,0.7054,True,0.71
C000031579,0.5745,True,0.71
C000013302,0.466,False,0.71
C000014963,0.3763,False,0.71
C000009162,0.8307,True,0.71
C000014630,0.699,True,0.71
C000006171,0.5616,True,0.71
C000005270,0.6305,True,0.71
C000030695,0.5422,False,0.71
C000034220,0.3668,False,0.71
C000001287,0.2919,False,0.71
C000006869,0.5241,False,0.71
C000038895,0.4181,False,0.71
C000012410,0.5508,True,0.71
C000016876,0.461,False,0.71
C000012296,0.3906,False,0.71
C000000470,0.6591,True,0.71
C000003914,0.6098,True,0.71
C000030533,0.4471,False,0.71
C000033459,0.387,False,0.71
C000035364,0.7065,True,0.71
C000032223,0.436,False,0.71
C000014579,0.4115,False,0.71
C000002185,0.7201,True,0.71
C000035764,0.247,False,0.71
C000021638,0.7589,True,0.71
C000011942,0.3306,False,0.71
C000024799,0.6183,True,0.71
C000023649,0.2214,False,0.71
C000003417,0.2833,False,0.71
C000036889,0.2122,False,0.71
C000029813,0.4275,False,0.71
C000019067,0.5714,True,0.71
C000006191,0.7998,True,0.71
C000003101,0.6376,True,0.71
C000020409,0.5615,True,0.71
C000003568,0.0,False,0.71
C000021555,0.473,False,0.71
C000033755,0.4556,False,0.71
C000011744,0.5281,False,0.71
C000018054,0.3129,False,0.71
C000001069,0.6843,True,0.71
C000037411,0.321,False,0.71
C000006414,0.3913,False,0.71
C000031758,0.5499,False,0.71
C000039062,0.5105,False,0.71
C000034972,0.6198,True,0.71
C000028564,0.5128,False,0.71
C000017674,0.3565,False,0.71
C000001564,0.5007,False,0.71
C000022307,0.264,False,0.71
C000016694,0.3025,False,0.71
C000013262,0.7281,True,0.71
C000002442,0.6363,True,0.71
C000004974,0.1635,False,0.71
C000012208,0.765,True,0.71
C000018268,0.3376,False,0.71
C000035818,0.368,False,0.71
C000031499,0.5823,True,0.71
C000023416,0.4495,False,0.71
C000029102,0.477,False,0.71
C000026612,0.5538,True,0.71
C000026704,0.578,True,0.71
C000028588,0.463,False,0.71
C000025956,0.2323,False,0.71
C000009652,0.899,True,0.71
C000028739,0.8211,True,0.71
C000034526,0.4419,False,0.71
C000010733,0.6528,True,0.71
C000013847,0.0119,False,0.71
C000036098,0.6176,True,0.71
C000008118,0.6083,True,0.71
C000026592,0.12,False,0.71
C000029306,0.7561,True,0.71
C000033958,0.6692,True,0.71
C000033647,0.1499,False,0.71
C000015362,0.5359,False,0.71
C000006960,0.6589,True,0.71
C000000689,0.1073,False,0.71
C000004622,0.281,False,0.71
C000019646,0.7945,True,0.71
C000005645,0.5818,True,0.71
C000020718,0.2797,False,0.71
C000026833,0.0247,False,0.71
C000030544,0.7693,True,0.71
C000020570,0.6476,True,0.71
C000003230,0.734,True,0.71
C000031781,0.5518,True,0.71
C000000380,0.6328,True,0.71
C000021034,0.6737,True,0.71
C000023412,0.2664,False,0.71
C000001364,0.1413,False,0.71
C000026241,0.5719,True,0.71
C000003902,0.7026,True,0.71
C000035004,0.4994,False,0.71
C000031080,0.2107,False,0.71
C000016957,0.3992,False,0.71
C000025310,0.4549,False,0.71
C000004199,0.362,False,0.71
C000025959,0.4375,False,0.71
C000000664,0.481,False,0.71
C000003772,0.4626,False,0.71
C000023720,0.4603,False,0.71
C000026398,0.5398,False,0.71
C000030773,0.5533,True,0.71
C000026856,0.716,True,0.71
C000021167,0.659,True,0.71
C000018403,0.6149,True,0.71
C000030785,0.5396,False,0.71
C000039394,0.2358,False,0.71
C000037969,0.5683,True,0.71
C000006117,0.2499,False,0.71
C000014624,0.6249,True,0.71
C000036561,0.372,False,0.71
C000035935,0.6463,True,0.71
C000039341,0.6645,True,0.71
C000031326,0.2887,False,0.71
C000012903,0.452,False,0.71
C000029692,0.0703,False,0.71
C000027556,0.5838,True,0.71
C000031891,0.361,False,0.71
C000027936,0.4338,False,0.71
C000020162,0.6401,True,0.71
C000027500,0.6364,True,0.71
C000017818,0.4174,False,0.71
C000008265,0.4812,False,0.71
C000002191,0.451,False,0.71
C000029293,0.5868,True,0.71
C000008515,0.6022,True,0.71
C000001132,0.3751,False,0.71
C000027578,0.7734,True,0.71
C000009410,0.7618,True,0.71
C000002926,0.81,True,0.71
C000007633,0.7543,True,0.71
C000010104,0.5334,False,0.71
C000019887,0.0693,False,0.71
C000021119,0.2032,False,0.71
C000007157,0.6816,True,0.71
C000000370,0.2758,False,0.71
C000025798,0.7936,True,0.71
C000018463,0.6076,True,0.71
C000034202,0.7322,True,0.71
C000025554,0.4977,False,0.71
C000039760,0.6284,True,0.71
C000024025,0.5515,True,0.71
C000012348,0.0093,False,0.71
C000025761,0.3528,False,0.71
C000016786,0.4167,False,0.71
C000011632,0.5685,True,0.71
C000009309,0.8621,True,0.71
C000036577,0.5708,True,0.71
C000031750,0.632,True,0.71
C000005729,0.1906,False,0.71
C000001091,0.4677,False,0.71
C000029538,0.6675,True,0.71
C000001128,0.2625,False,0.71
C000006868,0.7502,True,0.71
C000006239,0.5026,False,0.71
C000030381,0.765,True,0.71
C000019941,0.5777,True,0.71
C000033378,0.5143,False,0.71
C000003565,0.8217,True,0.71
C000022755,0.3186,False,0.71
C000037752,0.3495,False,0.71
C000028710,0.5338,False,0.71
C000000559,0.7229,True,0.71
C000028513,0.3665,False,0.71
C000011947,0.9877,True,0.71
C000008657,0.5152,False,0.71
C000006638,0.7971,True,0.71
C000007823,0.3153,False,0.71
C000013366,0.4555,False,0.71
C000010873,0.5891,True,0.71
C000037333,0.4755,False,0.71
C000022322,0.3418,False,0.71
C000031228,0.7516,True,0.71
C000009753,0.5576,True,0.71
C000036297,0.6822,True,0.71
C000023634,0.2401,False,0.71
C000028073,0.5005,False,0.71
C000000620,0.6421,True,0.71
C000010259,0.496,False,0.71
C000019435,0.1762,False,0.71
C000001656,0.8168,True,0.71
C000015099,0.3165,False,0.71
C000017493,0.4179,False,0.71
C000013923,0.6757,True,0.71
C000014195,0.5214,False,0.71
C000021829,0.4805,False,0.71
C000005643,0.7158,True,0.71
C000002659,0.6109,True,0.71
C000034831,0.4729,False,0.71
C000006852,0.4381,False,0.71
C000037280,0.6644,True,0.71
C000017526,0.1804,False,0.71
C000026200,0.673,True,0.71
C000031309,0.608,True,0.71
C000012717,0.647,True,0.71
C000015617,0.1911,False,0.71
C000014987,0.408,False,0.71
C000003782,0.3059,False,0.71
C000030937,0.7041,True,0.71
C000020264,0.8393,True,0.71
C000022308,0.367,False,0.71
C000036855,0.7046,True,0.71
C000008337,0.8353,True,0.71
C000029871,0.597,True,0.71
C000024022,0.6584,True,0.71
C000006202,0.4245,False,0.71
C000003726,0.5755,True,0.71
C000028634,0.0749,False,0.71
C000027795,0.3597,False,0.71
C000034169,0.0489,False,0.71
C000014524,0.2922,False,0.71
C000005313,0.4569,False,0.71
C000007673,0.6926,True,0.71
C000034808,0.5107,False,0.71
C000010342,0.725,True,0.71
C000038862,0.389,False,0.71
C000026533,0.6146,True,0.71
C000027819,0.3353,False,0.71
C000001518,0.3727,False,0.71
C000002927,0.4721,False,0.71
C000037185,0.6942,True,0.71
C000014991,0.9708,True,0.71
C000025904,0.4744,False,0.71
C000039530,0.562,True,0.71
C000007162,0.6248,True,0.71
C000024656,0.447,False,0.71
C000027312,0.5495,False,0.71
C000004786,0.7066,True,0.71
C000014719,0.6572,True,0.71
C000017429,0.5827,True,0.71
C000029686,0.5301,False,0.71
C000034448,0.315,False,0.71
C000033523,0.2746,False,0.71
C000024143,0.2894,False,0.71
C000007114,0.6099,True,0.71
C000002706,0.3576,False,0.71
C000028072,0.4463,False,0.71
C000029618,0.2308,False,0.71
C000027423,0.5874,True,0.71
C000001946,0.2325,False,0.71
C000006612,0.3219,False,0.71
C000020197,0.6935,True,0.71
C000035792,1.0,True,0.71
C000032112,0.3979,False,0.71
C000039632,0.4812,False,0.71
C000022193,0.4612,False,0.71
C000022018,0.5232,False,0.71
C000024296,0.3163,False,0.71
C000037671,0.4015,False,0.71
C000016543,0.7227,True,0.71
C000006845,0.4381,False,0.71
C000026471,0.5069,False,0.71
C000038473,0.4996,False,0.71
C000021951,0.7172,True,0.71
C000039873,0.3125,False,0.71
C000007380,0.448,False,0.71
C000019699,0.6204,True,0.71
C000037203,0.2155,False,0.71
C000022646,0.313,False,0.71
C000030435,0.8536,True,0.71
C000026591,0.508,False,0.71
C000013566,0.9272,True,0.71
C000012381,0.1957,False,0.71
C000008467,0.8732,True,0.71
C000005570,0.5958,True,0.71
C000030416,0.4733,False,0.71
C000014042,0.4143,False,0.71
C000020861,0.39,False,0.71
C000017997,0.3793,False,0.71
C000015796,0.2579,False,0.71
C000025256,0.6893,True,0.71
C000025223,0.6312,True,0.71
C000029925,0.6005,True,0.71
C000015678,0.6417,True,0.71
C000005893,0.2922,False,0.71
C000024301,0.4092,False,0.71
C000038955,0.9018,True,0.71
C000001133,0.6143,True,0.71
C000025533,0.5011,False,0.71
C000034074,0.4098,False,0.71
C000027641,0.484,False,0.71
C000013469,0.5599,True,0.71
C000036945,0.4613,False,0.71
C000032895,0.5232,False,0.71
C000023907,0.4997,False,0.71
C000023982,0.7713,True,0.71
C000024811,0.204,False,0.71
C000014010,0.6649,True,0.71
C000003461,0.1636,False,0.71
C000001266,0.6288,True,0.71
C000031367,0.4405,False,0.71
C000037316,0.5737,True,0.71
C000022471,0.5596,True,0.71
C000000255,0.6945,True,0.71
C000007838,0.5448,False,0.71
C000009148,0.3279,False,0.71
C000019418,0.3557,False,0.71
C000009755,0.2896,False,0.71
C000012171,0.3646,False,0.71
C000004505,0.3658,False,0.71
C000006441,0.4496,False,0.71
C000001357,0.3915,False,0.71
C000012820,0.401,False,0.71
C000015935,0.7043,True,0.71
C000020990,0.6228,True,0.71
C000012435,0.7559,True,0.71
C000016513,0.729,True,0.71
C000005082,0.6326,True,0.71
C000011068,0.754,True,0.71
C000021879,0.5182,False,0.71
C000005191,0.2342,False,0.71
C000028125,0.6481,True,0.71
C000018026,0.0,False,0.71
C000011503,0.737,True,0.71
C000019395,0.5615,True,0.71
C000018858,0.1507,False,0.71
C000031671,0.2503,False,0.71
C000009377,0.2996,False,0.71
C000020453,0.1859,False,0.71
C000036121,0.75,True,0.71
C000001033,0.5919,True,0.71
C000038476,0.9482,True,0.71
C000017908,0.7017,True,0.71
C000033525,0.694,True,0.71
C000017948,0.4229,False,0.71
C000025628,0.2551,False,0.71
C000032365,0.7763,True,0.71
C000013064,0.4278,False,0.71
C000027304,0.7001,True,0.71
C000024323,0.3441,False,0.71
C000023470,0.4289,False,0.71
C000001316,0.3826,False,0.71
C000034304,0.3316,False,0.71
C000039719,0.0393,False,0.71
C000027239,0.6221,True,0.71
C000030158,0.5144,False,0.71
C000001789,0.6836,True,0.71
C000026900,0.8106,True,0.71
C000007226,0.5977,True,0.71
C000029650,0.7366,True,0.71
C000028462,0.3133,False,0.71
C000015283,0.8113,True,0.71
C000038614,0.5016,False,0.71
C000017340,0.5539,True,0.71
C000001867,0.8677,True,0.71
C000036400,0.5194,False,0.71
C000027619,0.8446,True,0.71
C000005549,0.6977,True,0.71
C000012994,0.6439,True,0.71
C000028271,0.8033,True,0.71
C000005826,0.6965,True,0.71
C000007906,0.3153,False,0.71
C000020544,0.546,False,0.71
C000005253,0.6684,True,0.71
C000007320,0.47,False,0.71
C000035359,0.5955,True,0.71
C000035969,0.4773,False,0.71
C000028627,0.8942,True,0.71
C000015506,0.3119,False,0.71
C000002400,0.2239,False,0.71
C000024924,0.5294,False,0.71
C000030735,0.465,False,0.71
C000016363,0.5665,True,0.71
C000013043,0.5878,True,0.71
C000024672,0.1412,False,0.71
C000037244,0.3435,False,0.71
C000038730,0.2258,False,0.71
C000025828,0.5129,False,0.71
C000016585,0.4594,False,0.71
C000016212,0.6725,True,0.71
C000028267,0.7121,True,0.71
C000014110,0.494,False,0.71
C000038975,0.3889,False,0.71
C000003649,0.8254,True,0.71
C000027260,0.3113,False,0.71
C000034467,0.4874,False,0.71
C000000641,0.5741,True,0.71
C000024073,0.3629,False,0.71
C000015932,0.4522,False,0.71
C000016089,0.8933,True,0.71
C000036644,0.2203,False,0.71
C000022031,0.6569,True,0.71
C000003047,0.4153,False,0.71
C000004079,0.4944,False,0.71
C000024439,0.7122,True,0.71
C000037281,0.0,False,0.71
C000013096,0.4547,False,0.71
C000014814,0.275,False,0.71
C000010392,0.5237,False,0.71
C000018213,0.3331,False,0.71
C000030366,0.6008,True,0.71
C000039610,0.3914,False,0.71
C000020625,0.3684,False,0.71
C000016291,0.7751,True,0.71
C000001591,0.3858,False,0.71
C000016280,0.1825,False,0.71
C000018547,0.4338,False,0.71
C000011557,0.5724,True,0.71
C000037872,0.1762,False,0.71
C000015331,0.4982,False,0.71
C000026750,0.3904,False,0.71
C000022950,0.419,False,0.71
C000038406,0.4284,False,0.71
C000022947,0.6079,True,0.71
C000011867,0.4095,False,0.71
C000026628,0.6624,True,0.71
C000006928,0.4155,False,0.71
C000017442,0.409,False,0.71
C000006887,0.2808,False,0.71
C000001157,0.5955,True,0.71
C000011981,0.5928,True,0.71
C000009639,0.2678,False,0.71
C000011303,0.4416,False,0.71
C000038161,0.6265,True,0.71
C000022611,0.6958,True,0.71
C000027882,0.368,False,0.71
C000009411,0.5195,False,0.71
C000037562,0.7245,True,0.71
C000004866,0.5304,False,0.71
C000024830,0.4538,False,0.71
C000020344,0.6513,True,0.71
C000021893,0.5448,False,0.71
C000006914,0.2382,False,0.71
C000005578,0.6571,True,0.71
C000033750,0.5028,False,0.71
C000028813,0.5005,False,0.71
C000007896,0.7259,True,0.71
C000034706,0.6618,True,0.71
C000014498,0.5637,True,0.71
C000009167,1.0,True,0.71
C000017929,0.5093,False,0.71
C000013110,0.9337,True,0.71
C000017384,0.4969,False,0.71
C000003490,0.2158,False,0.71
C000039653,0.3044,False,0.71
C000019738,0.3566,False,0.71
C000018578,0.8779,True,0.71
C000016302,0.4694,False,0.71
C000023327,0.3994,False,0.71
C000010014,0.3679,False,0.71
C000026175,0.3742,False,0.71
C000013769,0.7654,True,0.71
C000006958,0.6828,True,0.71
C000003089,0.7407,True,0.71
C000013183,0.2528,False,0.71
C000035348,0.1781,False,0.71
C000024954,0.3601,False,0.71
C000039722,0.4864,False,0.71
C000001644,0.3852,False,0.71
C000018252,0.5844,True,0.71
C000021679,0.3657,False,0.71
C000025160,0.3754,False,0.71
C000006339,0.586,True,0.71
C000034139,0.6792,True,0.71
C000035270,0.5178,False,0.71
C000004448,0.1106,False,0.71
C000016863,0.4212,False,0.71
C000031001,0.8247,True,0.71
C000038359,0.8486,True,0.71
C000018046,0.6305,True,0.71
C000033419,0.1514,False,0.71
C000009142,0.6441,True,0.71
C000039021,0.3959,False,0.71
C000033094,0.2164,False,0.71
C000024603,0.5747,True,0.71
C000024193,0.5104,False,0.71
C000023597,0.4893,False,0.71
C000009951,0.5058,False,0.71
C000001684,0.3401,False,0.71
C000017625,0.3901,False,0.71
C000025509,0.4193,False,0.71
C000004568,0.692,True,0.71
C000019694,0.1648,False,0.71
C000028174,0.7648,True,0.71
C000013642,0.4788,False,0.71
C000006303,0.4718,False,0.71
C000021109,0.2986,False,0.71
C000020506,0.501,False,0.71
C000018128,0.9156,True,0.71
C000016969,0.1394,False,0.71
C000013116,0.7077,True,0.71
C000016177,0.6114,True,0.71
C000003691,0.6555,True,0.71
C000017407,0.921,True,0.71
C000002142,0.4172,False,0.71
C000005720,0.4478,False,0.71
C000033900,0.5263,False,0.71
C000003777,0.2788,False,0.71
C000007087,0.5006,False,0.71
C000039526,0.3126,False,0.71
C000012523,0.3477,False,0.71
C000015998,0.9165,True,0.71
C000034095,0.6314,True,0.71
C000009408,0.5469,False,0.71
C000027896,0.2901,False,0.71
C000005733,0.1536,False,0.71
C000037480,0.566,True,0.71
C000015013,0.1979,False,0.71
C000021189,0.4836,False,0.71
C000022107,0.5861,True,0.71
C000037578,0.5019,False,0.71
C000035141,0.9251,True,0.71
C000007215,0.3962,False,0.71
C000019785,0.3941,False,0.71
C000019490,0.2531,False,0.71
C000020959,0.0,False,0.71
C000005436,0.1158,False,0.71
C000023854,0.7373,True,0.71
C000024761,0.3821,False,0.71
C000032354,0.641,True,0.71
C000028440,0.2588,False,0.71
C000024215,0.3942,False,0.71
C000001170,0.5024,False,0.71
C000034978,0.6603,True,0.71
C000002182,0.5684,True,0.71
C000002771,0.3131,False,0.71
C000017244,0.581,True,0.71
C000023230,0.35,False,0.71
C000026116,0.6139,True,0.71
C000027987,0.5141,False,0.71
C000013153,0.2989,False,0.71
C000005001,0.8327,True,0.71
C000009678,0.7347,True,0.71
C000007077,0.5122,False,0.71
C000026338,0.5998,True,0.71
C000031162,0.6903,True,0.71
C000013404,0.5834,True,0.71
C000008885,0.3793,False,0.71
C000007905,0.6989,True,0.71
C000018040,0.4623,False,0.71
C000018224,0.3572,False,0.71
C000006210,0.5632,True,0.71
C000026957,0.4383,False,0.71
C000021279,0.2267,False,0.71
C000006454,0.4047,False,0.71
C000026357,0.2309,False,0.71
C000007907,0.4689,False,0.71
C000017720,0.2365,False,0.71
C000025007,0.2098,False,0.71
C000004884,0.4459,False,0.71
C000029174,0.2839,False,0.71
C000025333,0.6872,True,0.71
C000013599,0.5858,True,0.71
C000031666,0.3245,False,0.71
C000028015,0.3581,False,0.71
C000012905,0.3252,False,0.71
C000005202,0.6623,True,0.71
C000022429,0.2398,False,0.71
C000010621,0.7653,True,0.71
C000018283,0.2692,False,0.71
C000036663,0.6469,True,0.71
C000005892,0.4987,False,0.71
C000030007,0.6193,True,0.71
C000006253,0.2568,False,0.71
C000013308,0.6851,True,0.71
C000028456,0.0312,False,0.71
C000006771,0.662,True,0.71
C000038449,0.4745,False,0.71
C000009982,0.3182,False,0.71
C000003658,0.4682,False,0.71
C000028913,0.4294,False,0.71
C000013963,0.2442,False,0.71
C000005586,0.3944,False,0.71
C000034199,0.4472,False,0.71
C000020108,0.3913,False,0.71
C000034172,0.3036,False,0.71
C000010336,0.4103,False,0.71
C000031882,0.5029,False,0.71
C000020102,0.3708,False,0.71
C000007784,0.6046,True,0.71
C000026020,0.0393,False,0.71
C000021312,0.4016,False,0.71
C000000098,1.0,True,0.71
C000031721,0.4788,False,0.71
C000013288,0.8611,True,0.71
C000006758,0.513,False,0.71
C000002211,0.3316,False,0.71
C000023282,0.657,True,0.71
C000010228,0.1724,False,0.71
C000014781,0.6356,True,0.71
C000001531,0.7084,True,0.71
C000011390,0.6993,True,0.71
C000031549,0.524,False,0.71
C000016572,0.504,False,0.71
C000039003,0.5738,True,0.71
C000019252,0.34,False,0.71
C000002579,0.3126,False,0.71
C000008977,0.5838,True,0.71
C000006673,0.4479,False,0.71
C000027326,0.0,False,0.71
C000034436,0.5753,True,0.71
C000003092,0.2926,False,0.71
C000012227,0.3197,False,0.71
C000011869,0.2631,False,0.71
C000026858,0.5996,True,0.71
C000001567,0.2565,False,0.71
C000027789,0.5757,True,0.71
C000022601,0.5503,True,0.71
C000028631,0.5341,False,0.71
C000016181,0.4345,False,0.71
C000002711,0.4607,False,0.71
C000021416,0.3935,False,0.71
C000034406,0.4297,False,0.71
C000011713,0.3497,False,0.71
C000003139,0.8781,True,0.71
C000001659,0.258,False,0.71
C000004133,0.6105,True,0.71
C000005862,0.2844,False,0.71
C000029718,0.2118,False,0.71
C000008983,0.3998,False,0.71
C000032857,0.5035,False,0.71
C000038522,0.42,False,0.71
C000001645,0.3448,False,0.71
C000033007,0.7887,True,0.71
C000032086,0.5443,False,0.71
C000027793,0.2706,False,0.71
C000039629,0.4259,False,0.71
C000004644,0.6263,True,0.71
C000020457,0.4576,False,0.71
C000026597,0.569,True,0.71
C000009721,0.4278,False,0.71
C000015035,0.4546,False,0.71
C000016798,0.9449,True,0.71
C000002715,0.4687,False,0.71
C000005369,0.5589,True,0.71
C000031126,0.4353,False,0.71
C000027282,0.4148,False,0.71
C000012142,0.5784,True,0.71
C000008936,0.2052,False,0.71
C000009101,0.6288,True,0.71
C000002861,0.4937,False,0.71
C000017714,0.4084,False,0.71
C000022820,0.7157,True,0.71
C000021164,0.4115,False,0.71
C000010388,0.5214,False,0.71
C000032163,0.431,False,0.71
C000004259,0.2104,False,0.71
C000039718,0.698,True,0.71
C000021048,0.4243,False,0.71
C000030330,0.7174,True,0.71
C000035588,0.5702,True,0.71
C000038330,0.3874,False,0.71
C000013591,0.3754,False,0.71
C000008191,0.4362,False,0.71
C000007830,0.699,True,0.71
C000003501,0.4142,False,0.71
C000007977,0.5944,True,0.71
C000037846,0.3694,False,0.71
C000007691,0.4181,False,0.71
C000000087,0.4918,False,0.71
C000025943,0.6744,True,0.71
C000022434,0.2564,False,0.71
C000008566,0.6668,True,0.71
C000025178,0.3803,False,0.71
C000029639,0.589,True,0.71
C000019587,0.1573,False,0.71
C000022923,0.3665,False,0.71
C000033156,0.5404,False,0.71
C000007974,0.7346,True,0.71
C000031468,0.2367,False,0.71
C000035702,0.3642,False,0.71
C000013011,0.8553,True,0.71
C000009926,0.4946,False,0.71
C000001790,0.8399,True,0.71
C000028315,0.8495,True,0.71
C000001205,0.3021,False,0.71
C000019843,0.4932,False,0.71
C000012549,0.3187,False,0.71
C000038904,0.4704,False,0.71
C000026706,0.4052,False,0.71
C000002809,0.7709,True,0.71
C000020559,0.3901,False,0.71
C000010633,0.1758,False,0.71
C000013732,0.1956,False,0.71
C000037377,0.3256,False,0.71
C000011450,0.3289,False,0.71
C000001757,0.3803,False,0.71
C000029200,0.4083,False,0.71
C000033129,0.5848,True,0.71
C000001885,0.291,False,0.71
C000029557,0.146,False,0.71
C000013150,0.6614,True,0.71
C000000339,0.1497,False,0.71
C000024315,0.3989,False,0.71
C000027703,0.478,False,0.71
C000019547,0.6509,True,0.71
C000001099,0.2169,False,0.71
C000039624,0.4167,False,0.71
C000001047,0.659,True,0.71
C000025804,1.0,True,0.71
C000004063,0.2679,False,0.71
C000014714,0.3008,False,0.71
C000034874,0.3949,False,0.71
C000037552,0.2244,False,0.71
C000031521,0.5052,False,0.71
C000026980,0.7199,True,0.71
C000010749,0.76,True,0.71
C000003522,0.3961,False,0.71
C000001137,0.6978,True,0.71
C000001163,0.3061,False,0.71
C000020555,0.5123,False,0.71
C000024678,0.3473,False,0.71
C000039730,0.4711,False,0.71
C000016269,0.5706,True,0.71
C000010002,0.7398,True,0.71
C000011278,0.6498,True,0.71
C000012759,0.021,False,0.71
C000034367,0.713,True,0.71
C000001667,0.62,True,0.71
C000011131,0.4843,False,0.71
C000015453,0.454,False,0.71
C000030667,0.5195,False,0.71
C000033330,0.3562,False,0.71
C000018199,0.6178,True,0.71
C000021811,0.4507,False,0.71
C000026109,0.6745,True,0.71
C000022642,0.7489,True,0.71
C000010327,0.1095,False,0.71
C000020448,0.507,False,0.71
C000017671,0.1589,False,0.71
C000015384,0.334,False,0.71
C000030386,0.4831,False,0.71
C000019539,0.4705,False,0.71
C000010144,0.6155,True,0.71
C000017603,0.7356,True,0.71
C000013712,0.6027,True,0.71
C000007630,0.5552,True,0.71
C000007747,0.4424,False,0.71
C000011148,0.9154,True,0.71
C000037798,0.4961,False,0.71
C000010479,0.7545,True,0.71
C000023196,0.3842,False,0.71
C000014968,0.4078,False,0.71
C000025177,0.5373,False,0.71
C000001700,0.4016,False,0.71
C000026012,0.4142,False,0.71
C000002660,0.2716,False,0.71
C000026396,0.4167,False,0.71
C000037882,0.8561,True,0.71
C000015891,0.7854,True,0.71
C000018516,0.5421,False,0.71
C000014165,0.7382,True,0.71
C000033493,0.7328,True,0.71
C000023876,0.2824,False,0.71
C000019329,0.5597,True,0.71
C000031186,0.6015,True,0.71
C000034652,0.5458,False,0.71
C000003612,0.8643,True,0.71
C000009871,0.4036,False,0.71
C000031277,0.6932,True,0.71
C000026851,0.5996,True,0.71
C000014311,0.6033,True,0.71
C000016258,0.42,False,0.71
C000039561,0.5323,False,0.71
C000011497,0.2632,False,0.71
C000029882,0.5784,True,0.71
C000007358,0.1813,False,0.71
C000006639,0.779,True,0.71
C000024259,0.4264,False,0.71
C000039349,0.6471,True,0.71
C000022777,0.4374,False,0.71
C000015519,0.7379,True,0.71
C000012529,0.2823,False,0.71
C000008046,0.4866,False,0.71
C000018229,0.7821,True,0.71
C000022813,0.6306,True,0.71
C000018385,0.3905,False,0.71
C000007243,0.8798,True,0.71
C000008280,0.8365,True,0.71
C000038127,0.3509,False,0.71
C000019317,0.4549,False,0.71
C000008028,0.6459,True,0.71
C000032740,0.6567,True,0.71
C000000361,0.3914,False,0.71
C000019819,0.5368,False,0.71
C000012649,0.1246,False,0.71
C000003276,0.3077,False,0.71
C000010541,0.2614,False,0.71
C000011424,0.2405,False,0.71
C000017208,0.5598,True,0.71
C000037106,0.5757,True,0.71
C000019994,0.2987,False,0.71
C000012830,0.2405,False,0.71
C000021257,0.2438,False,0.71
C000032901,0.4627,False,0.71
C000018027,0.562,True,0.71
C000007287,0.2902,False,0.71
C000028403,0.701,True,0.71
C000018209,0.6562,True,0.71
C000039892,0.39,False,0.71
C000035148,0.7919,True,0.71
C000033997,0.7751,True,0.71
C000013841,0.6847,True,0.71
C000032989,0.4665,False,0.71
C000009369,0.3874,False,0.71
C000016919,0.6572,True,0.71
C000034242,0.524,False,0.71
C000026861,0.3381,False,0.71
C000033166,0.6518,True,0.71
C000013800,0.2513,False,0.71
C000005006,0.7546,True,0.71
C000017644,0.547,False,0.71
C000034254,0.5085,False,0.71
C000029887,0.5626,True,0.71
C000030467,0.4764,False,0.71
C000011924,0.5316,False,0.71
C000037396,0.7139,True,0.71
C000032860,0.4199,False,0.71
C000004654,0.7118,True,0.71
C000023350,0.6243,True,0.71
C000034023,0.6084,True,0.71
C000032128,0.7914,True,0.71
C000022768,0.3296,False,0.71
C000039299,0.3386,False,0.71
C000001941,0.5504,True,0.71
C000001689,0.315,False,0.71
C000023194,0.3148,False,0.71
C000008008,0.4902,False,0.71
C000002005,0.4131,False,0.71
C000034044,0.6279,True,0.71
C000019546,0.0371,False,0.71
C000031724,1.0,True,0.71
C000025803,0.476,False,0.71
C000032376,0.2828,False,0.71
C000024508,0.4923,False,0.71
C000018002,0.5985,True,0.71
C000014076,0.4484,False,0.71
C000026834,0.4407,False,0.71
C000039688,0.6417,True,0.71
C000009281,0.382,False,0.71
C000016429,0.6034,True,0.71
C000036103,0.5167,False,0.71
C000019468,0.739,True,0.71
C000012819,0.8519,True,0.71
C000022692,0.4643,False,0.71
C000036130,0.6434,True,0.71
C000020796,0.6499,True,0.71
C000015673,0.4796,False,0.71
C000008745,0.3279,False,0.71
C000009367,0.2627,False,0.71
C000029171,0.528,False,0.71
C000010855,0.7593,True,0.71
C000038956,0.1268,False,0.71
C000012116,0.4068,False,0.71
C000037189,0.7889,True,0.71
C000007740,0.3482,False,0.71
C000007399,0.3465,False,0.71
C000035071,0.2771,False,0.71
C000008661,0.3306,False,0.71
C000017592,0.4285,False,0.71
C000034754,0.5932,True,0.71
C000010983,0.4568,False,0.71
C000036430,0.3391,False,0.71
C000021621,0.6876,True,0.71
C000017428,0.2898,False,0.71
C000036882,0.8,True,0.71
C000031734,0.1111,False,0.71
C000006554,0.2626,False,0.71
C000001493,0.3233,False,0.71
C000006959,0.4677,False,0.71
C000037469,0.5506,True,0.71
C000024252,0.4242,False,0.71
C000004817,0.3589,False,0.71
C000009804,0.5019,False,0.71
C000011346,0.4469,False,0.71
C000000514,0.8977,True,0.71
C000001905,0.7244,True,0.71
C000000272,0.5955,True,0.71
C000025849,0.6817,True,0.71
C000026991,0.3864,False,0.71
C000013731,0.4943,False,0.71
C000035093,0.2574,False,0.71
C000006934,0.415,False,0.71
C000000014,0.8114,True,0.71
C000015660,0.3442,False,0.71
C000020125,0.6538,True,0.71
C000026530,0.4107,False,0.71
C000011476,0.62,True,0.71
C000036696,0.1427,False,0.71
C000001324,0.4846,False,0.71
C000028155,0.6798,True,0.71
C000006363,0.7432,True,0.71
C000024781,0.3561,False,0.71
C000000707,0.2619,False,0.71
C000007545,0.355,False,0.71
C000011396,0.873,True,0.71
C000019200,0.5509,True,0.71
C000010607,0.2572,False,0.71
C000037531,0.2323,False,0.71
C000008706,0.5441,False,0.71
C000011994,0.7222,True,0.71
C000011249,0.3782,False,0.71
C000018475,0.443,False,0.71
C000026907,0.5124,False,0.71
C000012077,0.4227,False,0.71
C000024072,0.6167,True,0.71
C000019080,0.795,True,0.71
C000027129,0.998,True,0.71
C000009996,1.0,True,0.71
C000013824,0.4257,False,0.71
C000008445,0.3791,False,0.71
C000000320,0.4831,False,0.71
C000001669,0.8356,True,0.71
C000007867,0.5633,True,0.71
C000034323,0.9065,True,0.71
C000015449,0.846,True,0.71
C000037981,0.0,False,0.71
C000030912,0.3159,False,0.71
C000028221,0.3399,False,0.71
C000038171,0.4331,False,0.71
C000016953,0.2697,False,0.71
C000032059,0.2647,False,0.71
C000026307,0.8206,True,0.71
C000037642,0.3982,False,0.71
C000031820,0.8496,True,0.71
C000014836,0.7365,True,0.71
C000023356,0.4533,False,0.71
C000025626,0.6126,True,0.71
C000025190,0.2537,False,0.71
C000009232,0.6969,True,0.71
C000014396,0.7422,True,0.71
C000002069,0.5474,False,0.71
C000000849,0.6304,True,0.71
C000002930,0.5405,False,0.71
C000017233,0.2769,False,0.71
C000004264,0.3055,False,0.71
C000033675,0.3271,False,0.71
C000000408,0.5335,False,0.71
C000011488,0.4006,False,0.71
C000007276,0.6196,True,0.71
C000010328,0.8453,True,0.71
C000007396,0.5342,False,0.71
C000027156,0.4018,False,0.71
C000029130,0.4605,False,0.71
C000025115,0.862,True,0.71
C000020509,0.7751,True,0.71
C000025468,0.4753,False,0.71
C000033643,0.1105,False,0.71
C000039876,0.8754,True,0.71
C000010988,0.4784,False,0.71
C000035570,0.6688,True,0.71
C000012230,0.5788,True,0.71
C000004624,0.2055,False,0.71
C000035575,0.6659,True,0.71
C000037733,0.5919,True,0.71
C000007160,0.4985,False,0.71
C000016096,0.325,False,0.71
C000014314,0.5624,True,0.71
C000027553,0.3626,False,0.71
C000029613,0.3179,False,0.71
C000006092,0.5319,False,0.71
C000031479,0.64,True,0.71
C000031029,0.8452,True,0.71
C000004955,0.2256,False,0.71
C000025067,0.1532,False,0.71
C000011399,0.465,False,0.71
C000030661,0.4659,False,0.71
C000033979,0.2937,False,0.71
C000018158,0.4018,False,0.71
C000013710,0.4683,False,0.71
C000003132,0.5692,True,0.71
C000010122,0.7785,True,0.71
C000038695,0.0516,False,0.71
C000015485,0.5866,True,0.71
C000002888,0.5963,True,0.71
C000013671,0.636,True,0.71
C000011173,0.2767,False,0.71
C000024961,0.7548,True,0.71
C000031281,0.449,False,0.71
C000028871,0.1795,False,0.71
C000021303,0.4395,False,0.71
C000015937,0.4256,False,0.71
C000019626,0.5878,True,0.71
C000001381,0.6455,True,0.71
C000000009,0.5077,False,0.71
C000009556,0.694,True,0.71
C000026311,0.633,True,0.71
C000031329,0.9092,True,0.71
C000011598,0.4722,False,0.71
C000036714,0.5623,True,0.71
C000015416,0.2496,False,0.71
C000018397,0.5065,False,0.71
C000016839,0.4504,False,0.71
C000006525,0.4338,False,0.71
C000039834,0.5216,False,0.71
C000019822,0.6835,True,0.71
C000036640,0.6754,True,0.71
C000027513,0.239,False,0.71
C000011584,0.2883,False,0.71
C000018782,0.4295,False,0.71
C000026325,0.3738,False,0.71
C000021184,0.6478,True,0.71
C000018602,0.2353,False,0.71
C000020229,0.7358,True,0.71
C000002240,0.5086,False,0.71
C000013253,0.6424,True,0.71
C000017698,0.4965,False,0.71
C000011433,0.7794,True,0.71
C000013149,0.1196,False,0.71
C000036815,0.4451,False,0.71
C000028580,0.182,False,0.71
C000019217,0.5568,True,0.71
C000012243,0.3838,False,0.71
C000029836,0.6004,True,0.71
C000027177,0.1115,False,0.71
C000025817,0.3232,False,0.71
C000036734,0.4987,False,0.71
C000007433,0.2598,False,0.71
C000016561,0.3728,False,0.71
C000007169,0.1915,False,0.71
C000014350,0.8246,True,0.71
C000027161,0.3505,False,0.71
C000039549,0.2056,False,0.71
C000021634,0.4371,False,0.71
C000022745,0.6293,True,0.71
C000031606,0.6128,True,0.71
C000007997,0.1822,False,0.71
C000015057,0.3783,False,0.71
C000024269,0.3637,False,0.71
C000021923,0.7349,True,0.71
C000035132,0.3873,False,0.71
C000002468,0.1737,False,0.71
C000038720,0.3054,False,0.71
C000015477,0.6007,True,0.71
C000010476,0.353,False,0.71
C000028811,1.0,True,0.71
C000005920,0.6312,True,0.71
C000030466,0.4221,False,0.71
C000022640,0.4974,False,0.71
C000009228,0.3478,False,0.71
C000027091,0.6134,True,0.71
C000032595,0.3735,False,0.71
C000023752,0.2491,False,0.71
C000012466,0.2967,False,0.71
C000032856,0.4904,False,0.71
C000004917,0.4477,False,0.71
C000030021,0.7018,True,0.71
C000026158,0.3609,False,0.71
C000039458,0.7251,True,0.71
C000008328,0.7125,True,0.71
C000030658,0.4897,False,0.71
C000023166,0.8404,True,0.71
C000022315,0.477,False,0.71
C000015529,0.2513,False,0.71
C000029743,0.6672,True,0.71
C000030132,0.6709,True,0.71
C000016894,0.5901,True,0.71
C000004643,0.6881,True,0.71
C000029222,0.8824,True,0.71
C000001291,0.4792,False,0.71
C000033121,0.4955,False,0.71
C000035504,0.9162,True,0.71
C000008073,0.5416,False,0.71
C000036374,0.4524,False,0.71
C000038664,0.4235,False,0.71
C000033835,0.6431,True,0.71
C000007045,0.5776,True,0.71
C000022177,0.6717,True,0.71
C000021994,0.4556,False,0.71
C000028447,0.3814,False,0.71
C000033011,0.5175,False,0.71
C000037134,0.5701,True,0.71
C000000053,0.4231,False,0.71
C000014976,0.0951,False,0.71
C000029654,0.5134,False,0.71
C000005536,0.804,True,0.71
C000022609,0.2403,False,0.71
C000008570,0.3891,False,0.71
C000029177,0.3679,False,0.71
C000038527,0.6293,True,0.71
C000035582,0.5596,True,0.71
C000004596,0.4114,False,0.71
C000016366,0.7709,True,0.71
C000036348,0.5275,False,0.71
C000039366,0.4746,False,0.71
C000010636,0.5297,False,0.71
C000032414,0.3588,False,0.71
C000005231,0.2709,False,0.71
C000011489,0.409,False,0.71
C000038442,0.4854,False,0.71
C000026292,0.8311,True,0.71
C000032716,0.8272,True,0.71
C000022911,0.5392,False,0.71
C000027204,0.3008,False,0.71
C000008370,0.5949,True,0.71
C000021740,0.7868,True,0.71
C000028839,0.7482,True,0.71
C000002008,0.674,True,0.71
C000028008,0.6475,True,0.71
C000031147,0.8448,True,0.71
C000020637,0.5497,False,0.71
C000025237,0.6383,True,0.71
C000023346,0.751,True,0.71
C000039279,0.2082,False,0.71
C000039286,0.4713,False,0.71
C000026669,0.2133,False,0.71
C000010712,0.4244,False,0.71
C000017609,0.2993,False,0.71
C000034147,0.76,True,0.71
C000007991,0.5392,False,0.71
C000001250,0.8007,True,0.71
C000005233,0.1338,False,0.71
C000004778,0.523,False,0.71
C000007345,0.8978,True,0.71
C000022643,0.5035,False,0.71
C000031319,0.53,False,0.71
C000033359,0.527,False,0.71
C000023676,0.6613,True,0.71
C000023303,0.5876,True,0.71
C000034190,0.5972,True,0.71
C000031562,0.4211,False,0.71
C000029129,0.898,True,0.71
C000020116,0.4791,False,0.71
C000033990,0.5293,False,0.71
C000013905,0.1954,False,0.71
C000025281,0.2828,False,0.71
C000003668,0.1701,False,0.71
C000010885,0.5793,True,0.71
C000019443,0.4838,False,0.71
C000002409,0.7189,True,0.71
C000019297,0.7518,True,0.71
C000038394,1.0,True,0.71
C000006169,0.6188,True,0.71
C000011843,0.6757,True,0.71
C000023188,0.4703,False,0.71
C000001201,0.5399,False,0.71
C000028579,0.6775,True,0.71
C000025978,0.133,False,0.71
C000018427,0.0706,False,0.71
C000020958,0.4882,False,0.71
C000004411,0.6325,True,0.71
C000015454,0.7662,True,0.71
C000030687,0.7243,True,0.71
C000033387,0.5102,False,0.71
C000035791,0.7309,True,0.71
C000032114,0.9787,True,0.71
C000020708,0.5075,False,0.71
C000018828,0.1477,False,0.71
C000008517,0.7408,True,0.71
C000025686,0.2456,False,0.71
C000003872,0.5167,False,0.71
C000012690,0.3372,False,0.71
C000010351,0.4925,False,0.71
C000025840,0.461,False,0.71
C000002687,0.0495,False,0.71
C000038601,0.8845,True,0.71
C000023698,0.4967,False,0.71
C000028948,0.4819,False,0.71
C000014831,0.3328,False,0.71
C000037818,0.6997,True,0.71
C000025921,0.2058,False,0.71
C000001040,0.2475,False,0.71
C000032193,0.6231,True,0.71
C000020699,0.4215,False,0.71
C000032912,0.1516,False,0.71
C000002339,0.6992,True,0.71
C000023512,0.0979,False,0.71
C000005010,0.6134,True,0.71
C000033592,0.6911,True,0.71
C000010784,0.1909,False,0.71
C000021663,0.161,False,0.71
C000015411,0.5651,True,0.71
C000011223,0.0,False,0.71
C000020647,0.5,False,0.71
C000028379,0.2738,False,0.71
C000016294,0.1876,False,0.71
C000015455,0.5291,False,0.71
C000035700,0.6602,True,0.71
C000031981,0.5422,False,0.71
C000000341,0.7677,True,0.71
C000013338,0.9944,True,0.71
C000021411,0.8983,True,0.71
C000039168,0.9142,True,0.71
C000025728,0.5421,False,0.71
C000021652,0.6325,True,0.71
C000033920,0.4584,False,0.71
C000027305,0.5223,False,0.71
C000001925,0.2086,False,0.71
C000007218,0.4083,False,0.71
C000013443,0.4685,False,0.71
C000023860,0.6879,True,0.71
C000028733,0.5652,True,0.71
C000021418,0.4627,False,0.71
C000002559,0.4368,False,0.71
C000021677,0.9355,True,0.71
C000009699,0.3397,False,0.71
C000000893,0.3946,False,0.71
C000034554,0.5536,True,0.71
C000006208,0.153,False,0.71
C000032536,0.3401,False,0.71
C000012151,0.4555,False,0.71
C000012254,0.2307,False,0.71
C000019180,0.5514,True,0.71
C000011211,0.8952,True,0.71
C000011144,0.9062,True,0.71
C000032598,0.4379,False,0.71
C000025297,0.5755,True,0.71
C000014884,0.5695,True,0.71
C000005412,0.4475,False,0.71
C000038705,0.4381,False,0.71
C000030909,0.4567,False,0.71
C000018733,0.4355,False,0.71
C000024490,0.47,False,0.71
C000034623,0.6148,True,0.71
C000011634,0.3315,False,0.71
C000038033,0.568,True,0.71
C000027932,0.5221,False,0.71
C000000539,0.3604,False,0.71
C000017861,0.2958,False,0.71
C000019137,0.8924,True,0.71
C000024923,0.7398,True,0.71
C000006257,0.6872,True,0.71
C000002450,0.4561,False,0.71
C000001902,0.8536,True,0.71
C000005677,0.7762,True,0.71
C000039668,0.2457,False,0.71
C000000430,0.6218,True,0.71
C000013776,0.5721,True,0.71
C000015202,0.2346,False,0.71
C000021290,0.3731,False,0.71
C000010003,0.6556,True,0.71
C000014767,0.6582,True,0.71
C000001514,0.5466,False,0.71
C000029567,0.4701,False,0.71
C000028977,0.4978,False,0.71
C000024725,0.581,True,0.71
C000005533,0.3521,False,0.71
C000014258,0.2601,False,0.71
C000009371,0.3083,False,0.71
C000028900,0.5761,True,0.71
C000029906,0.7202,True,0.71
C000036248,0.9296,True,0.71
C000038058,0.3752,False,0.71
C000019895,0.7798,True,0.71
C000031554,0.5095,False,0.71
C000022690,0.2273,False,0.71
C000032998,0.8165,True,0.71
C000032720,0.3596,False,0.71
C000005834,0.5261,False,0.71
C000018754,0.6022,True,0.71
C000021657,0.2744,False,0.71
C000025157,0.5338,False,0.71
C000028837,0.5106,False,0.71
C000032909,0.607,True,0.71
C000008735,0.3531,False,0.71
C000038322,0.8563,True,0.71
C000026502,0.17,False,0.71
C000014888,0.6371,True,0.71
C000012190,0.0644,False,0.71
C000015562,0.5588,True,0.71
C000015055,0.9118,True,0.71
C000030485,0.0742,False,0.71
C000010973,0.2604,False,0.71
C000001464,0.3747,False,0.71
C000026268,0.4448,False,0.71
C000031143,0.4311,False,0.71
C000037771,0.242,False,0.71
C000037607,0.3687,False,0.71
C000007511,0.0059,False,0.71
C000025679,0.9651,True,0.71
C000025218,0.8658,True,0.71
C000014034,0.6435,True,0.71
C000020828,0.2584,False,0.71
C000006019,0.5049,False,0.71
C000039438,0.5436,False,0.71
C000023963,0.2677,False,0.71
C000002897,0.5244,False,0.71
C000001897,0.5561,True,0.71
C000023866,0.5645,True,0.71
C000028303,0.3104,False,0.71
C000023918,0.6582,True,0.71
C000002184,0.5732,True,0.71
C000032589,0.6146,True,0.71
C000008368,0.4648,False,0.71
C000029992,0.7201,True,0.71
C000019588,0.3917,False,0.71
C000001989,0.3174,False,0.71
C000007094,0.3673,False,0.71
C000004027,0.4286,False,0.71
C000015393,0.5542,True,0.71
C000004228,0.6939,True,0.71
C000037810,0.8016,True,0.71
C000024572,0.6029,True,0.71
C000007269,0.6993,True,0.71
C000028161,0.4837,False,0.71
C000002158,0.4352,False,0.71
C000017175,0.8813,True,0.71
C000028387,0.3461,False,0.71
C000010710,0.5147,False,0.71
C000004462,0.2848,False,0.71
C000005514,0.6146,True,0.71
C000015885,0.4955,False,0.71
C000016199,0.2629,False,0.71
C000010709,0.4824,False,0.71
C000034708,0.8239,True,0.71
C000012186,0.2803,False,0.71
C000035140,0.5272,False,0.71
C000019849,0.3395,False,0.71
C000019974,0.1752,False,0.71
C000023864,0.7875,True,0.71
C000027226,0.2526,False,0.71
C000027291,0.0573,False,0.71
C000038577,0.3925,False,0.71
C000032345,0.4414,False,0.71
C000019692,0.472,False,0.71
C000032843,0.2791,False,0.71
C000028455,0.6749,True,0.71
C000037557,0.4772,False,0.71
C000030225,0.5444,False,0.71
C000026554,0.436,False,0.71
C000027003,0.2358,False,0.71
C000015340,0.4507,False,0.71
C000011281,0.3029,False,0.71
C000002088,0.5888,True,0.71
C000019103,0.4265,False,0.71
C000009873,0.4806,False,0.71
C000007099,0.7389,True,0.71
C000000186,0.2138,False,0.71
C000036465,0.4395,False,0.71
C000030682,0.7101,True,0.71
C000024475,0.404,False,0.71
C000002721,0.593,True,0.71
C000001343,0.3479,False,0.71
C000024474,0.8265,True,0.71
C000009349,0.2015,False,0.71
C000003599,0.3877,False,0.71
C000000746,0.7011,True,0.71
C000027375,0.563,True,0.71
C000008218,0.4178,False,0.71
C000007039,0.7515,True,0.71
C000035753,0.5902,True,0.71
C000027125,0.5906,True,0.71
C000016898,0.1465,False,0.71
C000025657,0.3924,False,0.71
C000025517,0.6089,True,0.71
C000025845,0.3495,False,0.71
C000020821,0.5421,False,0.71
C000032679,0.6042,True,0.71
C000020739,0.6033,True,0.71
C000005945,0.3665,False,0.71
C000038775,0.1954,False,0.71
C000013618,0.4812,False,0.71
C000030273,0.6911,True,0.71
C000010137,0.68,True,0.71
C000033010,0.5809,True,0.71
C000014040,0.4282,False,0.71
C000031191,0.2683,False,0.71
C000010746,0.5388,False,0.71
C000012360,0.2121,False,0.71
C000038460,0.4978,False,0.71
C000018600,0.2994,False,0.71
C000013323,0.6191,True,0.71
C000000618,0.1523,False,0.71
C000029911,0.5153,False,0.71
C000011140,0.4381,False,0.71
C000012647,0.5594,True,0.71
C000015016,0.0899,False,0.71
C000009865,0.3537,False,0.71
C000037034,0.2697,False,0.71
C000006150,0.5556,True,0.71
C000028530,0.7064,True,0.71
C000012755,0.3712,False,0.71
C000024163,0.643,True,0.71
C000015356,0.6551,True,0.71
C000037893,0.708,True,0.71
C000029216,0.6601,True,0.71
C000015284,0.8175,True,0.71
C000030276,0.599,True,0.71
C000015019,0.4922,False,0.71
C000034742,0.289,False,0.71
C000039442,0.772,True,0.71
C000018164,0.6881,True,0.71
C000034794,0.3684,False,0.71
C000039585,0.755,True,0.71
C000036965,0.6826,True,0.71
C000022180,0.2777,False,0.71
C000039924,0.201,False,0.71
C000018041,0.3953,False,0.71
C000013964,0.2472,False,0.71
C000009640,0.4535,False,0.71
C000029084,0.5536,True,0.71
C000006587,0.4106,False,0.71
C000032101,0.3451,False,0.71
C000013799,0.8821,True,0.71
C000009818,0.1787,False,0.71
C000036580,0.6035,True,0.71
C000038008,0.5058,False,0.71
C000004225,0.7285,True,0.71
C000023481,0.3995,False,0.71
C000029569,0.6421,True,0.71
C000029866,0.641,True,0.71
C000010620,0.5166,False,0.71
C000016989,0.826,True,0.71
C000007536,0.5254,False,0.71
C000012281,0.5599,True,0.71
C000024528,0.3893,False,0.71
C000021176,0.4197,False,0.71
C000021412,0.4882,False,0.71
C000006917,0.404,False,0.71
C000022207,0.7699,True,0.71
C000028289,0.6647,True,0.71
C000002196,0.9559,True,0.71
C000000151,0.5382,False,0.71
C000039156,0.3685,False,0.71
C000033740,0.7119,True,0.71
C000012055,0.8832,True,0.71
C000002316,0.7196,True,0.71
C000005795,1.0,True,0.71
C000016151,0.7644,True,0.71
C000012877,0.5601,True,0.71
C000000100,0.4614,False,0.71
C000034440,0.6378,True,0.71
C000037015,0.5256,False,0.71
C000006189,0.3613,False,0.71
C000000586,0.7509,True,0.71
C000012859,0.4698,False,0.71
C000022020,0.6087,True,0.71
C000037192,0.6469,True,0.71
C000027388,0.4748,False,0.71
C000032036,0.7544,True,0.71
C000028545,0.3022,False,0.71
C000022288,0.5449,False,0.71
C000009386,0.4133,False,0.71
C000006329,0.3363,False,0.71
C000002180,0.5631,True,0.71
C000030309,0.5192,False,0.71
C000038507,0.8423,True,0.71
C000011884,0.1286,False,0.71
C000010353,0.4776,False,0.71
C000031715,0.7276,True,0.71
C000029460,0.5239,False,0.71
C000038478,0.8217,True,0.71
C000009849,0.5372,False,0.71
C000029122,0.481,False,0.71
C000016936,0.2474,False,0.71
C000033666,0.4319,False,0.71
C000025912,0.5037,False,0.71
C000009489,0.3306,False,0.71
C000016678,0.7893,True,0.71
C000020017,0.1157,False,0.71
C000025184,0.3834,False,0.71
C000019676,0.7929,True,0.71
C000026140,0.6826,True,0.71
C000005970,0.7281,True,0.71
C000020785,0.8531,True,0.71
C000030073,0.7796,True,0.71
C000004772,0.4811,False,0.71
C000034260,0.4754,False,0.71
C000009431,0.389,False,0.71
C000028920,0.2112,False,0.71
C000036833,0.4789,False,0.71
C000001147,0.7718,True,0.71
C000009323,0.6735,True,0.71
C000037263,0.2782,False,0.71
C000017472,0.5048,False,0.71
C000021616,0.4648,False,0.71
C000033775,0.6737,True,0.71
C000002144,0.2815,False,0.71
C000029214,0.7009,True,0.71
C000019728,0.5623,True,0.71
C000024681,0.6596,True,0.71
C000016278,0.6924,True,0.71
C000034272,0.5192,False,0.71
C000010922,0.4663,False,0.71
C000014369,0.5511,True,0.71
C000039642,0.1328,False,0.71
C000005598,0.5841,True,0.71
C000014652,0.8079,True,0.71
C000023389,0.6977,True,0.71
C000015302,0.5846,True,0.71
C000024450,0.2806,False,0.71
C000014101,0.5353,False,0.71
C000004983,0.7803,True,0.71
C000011593,0.4628,False,0.71
C000020910,0.8968,True,0.71
C000003102,0.2054,False,0.71
C000028367,0.3781,False,0.71
C000003118,0.4845,False,0.71
C000034331,0.4138,False,0.71
C000009184,0.5918,True,0.71
C000010405,0.2765,False,0.71
C000019414,0.5382,False,0.71
C000010622,0.3368,False,0.71
C000007034,0.7792,True,0.71
C000001780,0.2827,False,0.71
C000036502,0.3889,False,0.71
C000006819,0.3589,False,0.71
C000028628,0.6558,True,0.71
C000024203,0.7719,True,0.71
C000029356,0.5396,False,0.71
C000022891,0.8221,True,0.71
C000001951,0.1966,False,0.71
C000028735,0.3399,False,0.71
C000028281,0.6705,True,0.71
C000022269,0.6883,True,0.71
C000032415,0.5402,False,0.71
C000010238,0.2672,False,0.71
C000016124,0.3819,False,0.71
C000024662,0.1733,False,0.71
C000036906,0.5888,True,0.71
C000004506,0.5997,True,0.71
C000006004,0.1387,False,0.71
C000023116,0.4131,False,0.71
C000014410,0.6605,True,0.71
C000017195,0.3546,False,0.71
C000009337,0.2641,False,0.71
C000006534,0.7446,True,0.71
C000013887,0.211,False,0.71
C000030911,0.2405,False,0.71
C000038302,0.2423,False,0.71
C000034980,0.4635,False,0.71
C000005407,0.6544,True,0.71
C000031362,0.2037,False,0.71
C000025432,0.2331,False,0.71
C000030826,0.5213,False,0.71
C000022902,0.4223,False,0.71
C000029507,0.8567,True,0.71
C000010680,0.4926,False,0.71
C000019723,0.7942,True,0.71
C000007363,0.3209,False,0.71
C000019304,0.673,True,0.71
C000020001,0.6593,True,0.71
C000024797,0.5215,False,0.71
C000025368,0.4412,False,0.71
C000004527,0.5354,False,0.71
C000000064,0.4281,False,0.71
C000031386,0.7574,True,0.71
C000028540,0.6443,True,0.71
C000027966,0.1718,False,0.71
C000030306,0.246,False,0.71
C000007851,0.4581,False,0.71
C000002536,0.6527,True,0.71
C000015003,0.3674,False,0.71
C000011780,0.5479,False,0.71
C000024262,0.3094,False,0.71
C000003570,0.6492,True,0.71
C000001822,0.5644,True,0.71
C000002896,0.2242,False,0.71
C000011652,0.4065,False,0.71
C000022243,0.6973,True,0.71
C000007389,0.2481,False,0.71
C000029951,0.5486,False,0.71
C000032238,0.1375,False,0.71
C000013934,0.7878,True,0.71
C000036356,0.8992,True,0.71
C000037622,0.4181,False,0.71
C000005929,0.2233,False,0.71
C000024765,0.6811,True,0.71
C000038355,0.4261,False,0.71
C000032435,0.5577,True,0.71
C000018802,0.6876,True,0.71
C000031880,0.6656,True,0.71
C000018313,0.209,False,0.71
C000014434,0.4915,False,0.71
C000035180,0.2323,False,0.71
C000008117,0.823,True,0.71
C000025733,0.5903,True,0.71
C000037353,0.1664,False,0.71
C000026115,0.4587,False,0.71
C000032300,0.4048,False,0.71
C000032578,0.5391,False,0.71
C000033509,0.6638,True,0.71
C000031649,0.7204,True,0.71
C000004608,0.591,True,0.71
C000039562,0.7602,True,0.71
C000018105,0.5022,False,0.71
C000027944,0.6009,True,0.71
C000014705,0.644,True,0.71
C000014876,0.4008,False,0.71
C000012746,0.6266,True,0.71
C000026544,0.5777,True,0.71
C000011862,0.4991,False,0.71
C000019718,0.3906,False,0.71
C000028241,0.2067,False,0.71
C000005523,0.3486,False,0.71
C000021754,0.5569,True,0.71
C000035576,0.3212,False,0.71
C000017836,0.4873,False,0.71
C000022450,0.4409,False,0.71
C000011263,0.4794,False,0.71
C000003043,0.5427,False,0.71
C000008766,0.7568,True,0.71
C000038731,0.6111,True,0.71
C000021826,0.8653,True,0.71
C000022362,0.4127,False,0.71
C000000833,0.5076,False,0.71
C000021845,0.5301,False,0.71
C000034469,0.8917,True,0.71
C000002600,0.5204,False,0.71
C000016980,0.609,True,0.71
C000023376,0.4702,False,0.71
C000023094,0.2909,False,0.71
C000023208,0.4645,False,0.71
C000037890,0.8125,True,0.71
C000026644,0.6639,True,0.71
C000003363,0.2797,False,0.71
C000035802,0.4633,False,0.71
C000016227,0.6265,True,0.71
C000017579,0.6062,True,0.71
C000023848,0.4786,False,0.71
C000029024,0.5388,False,0.71
C000021049,0.5039,False,0.71
C000031829,0.5732,True,0.71
C000025954,0.5419,False,0.71
C000019681,0.6532,True,0.71
C000017211,0.6127,True,0.71
C000016609,0.5548,True,0.71
C000025772,0.7402,True,0.71
C000010782,0.4202,False,0.71
C000021857,0.3125,False,0.71
C000010886,0.4717,False,0.71
C000013112,0.524,False,0.71
C000005452,0.7224,True,0.71
C000029629,0.5579,True,0.71
C000013600,0.1073,False,0.71
C000007712,0.4762,False,0.71
C000003532,0.228,False,0.71
C000019396,0.421,False,0.71
C000005624,0.5443,False,0.71
C000025431,0.7416,True,0.71
C000012503,0.6269,True,0.71
C000009979,0.2789,False,0.71
C000014804,0.7183,True,0.71
C000013486,0.2174,False,0.71
C000037350,0.5514,True,0.71
C000024891,0.9353,True,0.71
C000002017,0.4916,False,0.71
C000016358,0.8648,True,0.71
C000024466,0.7472,True,0.71
C000001404,0.7372,True,0.71
C000015509,0.9133,True,0.71
C000025179,0.2774,False,0.71
C000002906,0.738,True,0.71
C000017499,0.4751,False,0.71
C000007498,0.3601,False,0.71
C000033837,0.2885,False,0.71
C000023871,0.4893,False,0.71
C000016597,0.3754,False,0.71
C000022389,0.6357,True,0.71
C000021235,0.3783,False,0.71
C000029849,0.9379,True,0.71
C000025853,0.1952,False,0.71
C000033759,0.6408,True,0.71
C000027072,0.0838,False,0.71
C000014516,0.722,True,0.71
C000011997,0.6778,True,0.71
C000026835,0.789,True,0.71
C000027275,0.4561,False,0.71
C000001991,0.7046,True,0.71
C000012106,0.6133,True,0.71
C000023782,0.7176,True,0.71
C000036262,0.5884,True,0.71
C000023076,0.3509,False,0.71
C000015886,0.4124,False,0.71
C000039088,0.7239,True,0.71
C000021862,0.2047,False,0.71
C000029359,0.5527,True,0.71
C000037999,0.297,False,0.71
C000020927,0.6664,True,0.71
C000009672,0.4903,False,0.71
C000013441,0.5492,False,0.71
C000005522,0.3631,False,0.71
C000002381,0.7141,True,0.71
C000029509,0.4736,False,0.71
C000036838,0.2561,False,0.71
C000037256,0.302,False,0.71
C000020390,0.3512,False,0.71
C000019556,0.7237,True,0.71
C000020659,0.3228,False,0.71
C000036459,0.4067,False,0.71
C000026137,0.5098,False,0.71
C000010689,0.5812,True,0.71
C000032255,0.548,False,0.71
C000030709,0.3415,False,0.71
C000012862,0.7531,True,0.71
C000015396,0.3786,False,0.71
C000011277,0.4702,False,0.71
C000014935,0.4473,False,0.71
C000012835,0.2728,False,0.71
C000030648,0.6873,True,0.71
C000008404,0.2216,False,0.71
C000006672,0.4995,False,0.71
C000027526,0.4503,False,0.71
C000004870,0.2876,False,0.71
C000028573,0.2901,False,0.71
C000035915,0.6467,True,0.71
C000017821,0.8165,True,0.71
C000011329,0.5825,True,0.71
C000039287,0.5199,False,0.71
C000014069,0.8421,True,0.71
C000003170,0.364,False,0.71
C000017130,0.6198,True,0.71
C000005599,0.633,True,0.71
C000023724,0.6331,True,0.71
C000006344,0.3159,False,0.71
C000023014,0.5271,False,0.71
C000012051,0.5532,True,0.71
C000033893,0.6522,True,0.71
C000009722,0.497,False,0.71
C000016626,0.3161,False,0.71
C000022372,0.7274,True,0.71
C000028591,0.6101,True,0.71
C000023010,0.8807,True,0.71
C000005889,0.7153,True,0.71
C000011160,0.4704,False,0.71
C000014650,0.3125,False,0.71
C000009212,0.5663,True,0.71
C000005778,0.4541,False,0.71
C000018062,0.5747,True,0.71
C000024042,0.5583,True,0.71
C000002595,0.4602,False,0.71
C000004857,0.3974,False,0.71
C000011474,0.4273,False,0.71
C000036591,0.385,False,0.71
C000033496,0.7076,True,0.71
C000013273,0.3868,False,0.71
C000016592,0.3783,False,0.71
C000036132,0.4891,False,0.71
C000014597,0.366,False,0.71
C000017815,0.5203,False,0.71
C000001456,1.0,True,0.71
C000019763,0.6722,True,0.71
C000012163,0.6065,True,0.71
C000018553,0.5896,True,0.71
C000009341,0.315,False,0.71
C000015271,0.8231,True,0.71
C000016434,0.4988,False,0.71
C000027728,0.6724,True,0.71
C000012568,0.4149,False,0.71
C000037490,0.2123,False,0.71
C000038849,1.0,True,0.71
C000013931,0.4927,False,0.71
C000025680,1.0,True,0.71
C000019140,0.3669,False,0.71
C000032129,0.4267,False,0.71
C000006801,0.8591,True,0.71
C000002517,0.1719,False,0.71
C000035228,0.6033,True,0.71
C000037874,0.5445,False,0.71
C000004896,0.7617,True,0.71
C000008849,0.3283,False,0.71
C000022013,0.2765,False,0.71
C000011445,0.2934,False,0.71
C000023411,0.8226,True,0.71
C000001276,0.2988,False,0.71
C000038713,0.5694,True,0.71
C000013510,0.1449,False,0.71
C000030076,0.5261,False,0.71
C000020476,0.8448,True,0.71
C000022093,0.2739,False,0.71
C000036755,0.5963,True,0.71
C000016356,0.6665,True,0.71
C000034746,0.6245,True,0.71
C000038317,0.7202,True,0.71
C000029996,0.5577,True,0.71
C000006055,0.2696,False,0.71
C000020261,0.4432,False,0.71
C000010907,0.4512,False,0.71
C000014802,0.6222,True,0.71
C000032957,0.5264,False,0.71
C000008801,0.4297,False,0.71
C000029578,0.4898,False,0.71
C000034464,0.4915,False,0.71
C000039431,0.4713,False,0.71
C000031475,0.4484,False,0.71
C000030664,0.748,True,0.71
C000009279,0.7226,True,0.71
C000021961,0.5058,False,0.71
C000011523,0.6062,True,0.71
C000009679,0.6035,True,0.71
C000008083,0.4579,False,0.71
C000010450,0.7437,True,0.71
C000039995,0.7448,True,0.71
C000009085,0.629,True,0.71
C000026886,0.8986,True,0.71
C000004625,0.5009,False,0.71
C000009968,0.5613,True,0.71
C000035395,0.7638,True,0.71
C000032186,0.4538,False,0.71
C000031969,0.1765,False,0.71
C000033851,0.5116,False,0.71
C000034868,0.6043,True,0.71
C000010314,0.3116,False,0.71
C000005240,0.7144,True,0.71
C000034601,0.4879,False,0.71
C000036970,0.4065,False,0.71
C000008915,0.7219,True,0.71
C000015020,0.3643,False,0.71
C000001596,0.1839,False,0.71
C000001433,0.3701,False,0.71
C000011668,0.636,True,0.71
C000006882,0.8394,True,0.71
C000021086,0.9875,True,0.71
C000031480,0.5644,True,0.71
C000021051,0.307,False,0.71
C000014219,0.6503,True,0.71
C000039127,0.3726,False,0.71
C000034177,0.4693,False,0.71
C000037916,0.4865,False,0.71
C000000453,0.234,False,0.71
C000009158,0.7351,True,0.71
C000033568,0.6326,True,0.71
C000019352,0.5972,True,0.71
C000039100,0.6707,True,0.71
C000019434,0.6229,True,0.71
C000031195,1.0,True,0.71
C000031383,0.769,True,0.71
C000009675,0.1536,False,0.71
C000002922,0.4673,False,0.71
C000036176,0.6906,True,0.71
C000021929,0.2269,False,0.71
C000011099,0.5709,True,0.71
C000005177,0.7696,True,0.71
C000006713,0.0,False,0.71
C000024132,0.8306,True,0.71
C000000102,0.3116,False,0.71
C000013419,0.5164,False,0.71
C000031775,0.3286,False,0.71
C000006407,0.2504,False,0.71
C000033390,0.7183,True,0.71
C000019292,0.4041,False,0.71
C000039158,0.6225,True,0.71
C000003281,0.5159,False,0.71
C000014283,0.4573,False,0.71
C000020407,0.5274,False,0.71
C000013962,0.4844,False,0.71
C000039483,0.3912,False,0.71
C000016544,0.7651,True,0.71
C000005167,0.3002,False,0.71
C000035346,0.445,False,0.71
C000006577,0.2264,False,0.71
C000003277,0.5414,False,0.71
C000013021,0.4766,False,0.71
C000032303,0.7953,True,0.71
C000023165,0.2788,False,0.71
C000017110,0.4342,False,0.71
C000013862,0.5912,True,0.71
C000035684,0.5824,True,0.71
C000007115,0.3635,False,0.71
C000025919,0.9447,True,0.71
C000004529,0.6758,True,0.71
C000012169,0.4688,False,0.71
C000039436,0.7432,True,0.71
C000027751,0.3688,False,0.71
C000009428,0.8154,True,0.71
C000031539,0.2812,False,0.71
C000025419,0.7139,True,0.71
C000025937,0.8109,True,0.71
C000018751,0.3169,False,0.71
C000001755,0.5821,True,0.71
C000018486,0.5709,True,0.71
C000015490,0.5476,False,0.71
C000030693,0.6485,True,0.71
C000012704,0.409,False,0.71
C000039737,0.6905,True,0.71
C000012069,0.5995,True,0.71
C000025922,0.4109,False,0.71
C000005757,0.3926,False,0.71
C000003062,0.4132,False,0.71
C000017483,0.5791,True,0.71
C000032051,0.7958,True,0.71
C000000083,0.4302,False,0.71
C000032267,0.6508,True,0.71
C000022500,0.593,True,0.71
C000027154,0.5902,True,0.71
C000011290,0.5602,True,0.71
C000002912,0.6688,True,0.71
C000035150,0.5886,True,0.71
C000000858,0.4647,False,0.71
C000018941,0.3947,False,0.71
C000030646,0.4701,False,0.71
C000002708,0.4602,False,0.71
C000014748,0.3609,False,0.71
C000019621,0.4616,False,0.71
C000013916,0.3308,False,0.71
C000015713,0.8115,True,0.71
C000002655,0.5704,True,0.71
C000005088,0.522,False,0.71
C000003575,0.366,False,0.71
C000024370,0.8135,True,0.71
C000018173,0.2664,False,0.71
C000027716,0.5252,False,0.71
C000020624,0.3101,False,0.71
C000020293,0.3834,False,0.71
C000010578,0.6492,True,0.71
C000011821,0.0714,False,0.71
C000022627,0.6498,True,0.71
C000029325,0.3996,False,0.71
C000012150,0.4038,False,0.71
C000026672,0.5016,False,0.71
C000039544,0.3273,False,0.71
C000025724,0.1728,False,0.71
C000013006,0.6284,True,0.71
C000034297,0.4683,False,0.71
C000029531,0.534,False,0.71
C000027349,0.8667,True,0.71
C000012664,0.404,False,0.71
C000003666,0.5545,True,0.71
C000034019,0.8549,True,0.71
C000013140,0.5834,True,0.71
C000009551,0.4292,False,0.71
C000018220,0.6872,True,0.71
C000035522,0.2748,False,0.71
C000031295,0.7344,True,0.71
C000027536,0.702,True,0.71
C000027033,0.5597,True,0.71
C000033457,0.5782,True,0.71
C000011146,0.5592,True,0.71
C000025650,0.2013,False,0.71
C000028916,0.4415,False,0.71
C000027229,0.4308,False,0.71
C000035633,0.3402,False,0.71
C000017868,0.5534,True,0.71
C000003234,0.5242,False,0.71
C000014297,0.4802,False,0.71
C000039675,0.1626,False,0.71
C000006342,0.8794,True,0.71
C000036646,0.4617,False,0.71
C000034317,0.6803,True,0.71
C000034881,0.5418,False,0.71
C000028377,0.5085,False,0.71
C000009076,0.407,False,0.71
C000026477,0.2047,False,0.71
C000031012,0.4352,False,0.71
C000023004,0.6767,True,0.71
C000030137,0.5393,False,0.71
C000031053,0.3434,False,0.71
C000036244,0.6742,True,0.71
C000008077,0.5295,False,0.71
C000015749,0.8121,True,0.71
C000011785,0.6637,True,0.71
C000010406,0.5383,False,0.71
C000017090,0.6563,True,0.71
C000036760,0.2772,False,0.71
C000010070,0.2557,False,0.71
C000016462,0.7341,True,0.71
C000013388,0.2616,False,0.71
C000014442,0.701,True,0.71
C000013331,0.1518,False,0.71
C000030240,0.8398,True,0.71
C000026037,0.7139,True,0.71
C000025099,0.9766,True,0.71
C000030382,0.7966,True,0.71
C000012814,0.4958,False,0.71
C000008112,0.3393,False,0.71
C000017695,0.257,False,0.71
C000037384,0.846,True,0.71
C000007559,0.2521,False,0.71
C000028614,0.1978,False,0.71
C000004904,0.6086,True,0.71
C000000435,0.2204,False,0.71
C000024360,0.2967,False,0.71
C000032259,0.4933,False,0.71
C000029783,0.489,False,0.71
C000019940,0.7832,True,0.71
C000004636,0.5243,False,0.71
C000004706,0.6647,True,0.71
C000038919,0.2881,False,0.71
C000005359,0.7031,True,0.71
C000010653,0.4169,False,0.71
C000006190,0.2773,False,0.71
C000015783,0.5865,True,0.71
C000032460,0.6893,True,0.71
C000010230,0.7507,True,0.71
C000013435,0.6093,True,0.71
C000039611,0.4041,False,0.71
C000030368,0.4415,False,0.71
C000029495,0.2257,False,0.71
C000036137,0.4797,False,0.71
C000023041,0.4004,False,0.71
C000011435,0.9177,True,0.71
C000000643,0.6255,True,0.71
C000037010,0.4079,False,0.71
C000028191,0.7161,True,0.71
C000020365,0.3008,False,0.71
C000028969,0.8169,True,0.71
C000018647,0.2407,False,0.71
C000036946,0.4394,False,0.71
C000006662,0.5883,True,0.71
C000028497,0.6217,True,0.71
C000034386,0.622,True,0.71
C000023102,0.3851,False,0.71
C000037152,0.8299,True,0.71
C000031729,0.4731,False,0.71
C000014041,0.8439,True,0.71
C000023583,0.4605,False,0.71
C000035487,0.2591,False,0.71
C000021853,0.5884,True,0.71
C000033123,0.2799,False,0.71
C000036377,0.3466,False,0.71
C000025573,0.3427,False,0.71
C000008426,0.6112,True,0.71
C000039302,0.4913,False,0.71
C000024251,0.3857,False,0.71
C000032636,0.3808,False,0.71
C000014553,0.4124,False,0.71
C000013827,0.1433,False,0.71
C000031461,0.5571,True,0.71
C000017026,0.523,False,0.71
C000036096,0.6267,True,0.71
C000012075,0.486,False,0.71
C000005250,0.4028,False,0.71
C000000235,0.6415,True,0.71
C000007950,0.7287,True,0.71
C000031342,0.4425,False,0.71
C000036979,0.7813,True,0.71
C000014160,0.7665,True,0.71
C000034290,0.513,False,0.71
C000002329,0.706,True,0.71
C000007594,0.6163,True,0.71
C000011999,0.5861,True,0.71
C000011740,0.2263,False,0.71
C000035124,0.429,False,0.71
C000009105,0.4784,False,0.71
C000002596,0.5031,False,0.71
C000017291,0.1079,False,0.71
C000021203,0.1957,False,0.71
C000028255,0.6486,True,0.71
C000013660,0.3229,False,0.71
C000012873,1.0,True,0.71
C000036001,0.6172,True,0.71
C000020789,0.3061,False,0.71
C000020051,0.3743,False,0.71
C000029255,0.3209,False,0.71
C000018953,0.592,True,0.71
C000022072,0.2117,False,0.71
C000021254,0.7119,True,0.71
C000002682,0.5372,False,0.71
C000012486,0.4896,False,0.71
C000038920,0.6065,True,0.71
C000035993,0.5651,True,0.71
C000032828,0.3132,False,0.71
C000027790,0.1502,False,0.71
C000004454,0.4311,False,0.71
C000033612,0.1792,False,0.71
C000029779,0.4351,False,0.71
C000019216,0.9643,True,0.71
C000016260,0.6711,True,0.71
C000004069,0.7703,True,0.71
C000032611,0.2404,False,0.71
C000038544,0.4035,False,0.71
C000031041,0.6778,True,0.71
C000013517,0.1593,False,0.71
C000001548,0.7639,True,0.71
C000002341,0.243,False,0.71
C000011900,0.6638,True,0.71
C000015087,0.4613,False,0.71
C000021302,0.5802,True,0.71
C000011532,0.6785,True,0.71
C000039650,0.5664,True,0.71
C000008654,0.4558,False,0.71
C000039297,0.5689,True,0.71
C000012560,0.1978,False,0.71
C000010096,0.7515,True,0.71
C000021476,0.2072,False,0.71
C000017372,0.5996,True,0.71
C000031379,0.8731,True,0.71
C000013571,0.512,False,0.71
C000000253,0.6551,True,0.71
C000010573,0.2378,False,0.71
C000021408,0.8697,True,0.71
C000029594,0.7319,True,0.71
C000005118,0.4622,False,0.71
C000020394,0.4111,False,0.71
C000035146,0.6513,True,0.71
C000009663,0.5438,False,0.71
C000022561,0.7946,True,0.71
C000029232,0.4166,False,0.71
C000007675,0.861,True,0.71
C000039057,0.3745,False,0.71
C000029190,0.4742,False,0.71
C000026680,0.6739,True,0.71
C000008197,0.6227,True,0.71
C000029392,0.2348,False,0.71
C000028663,0.6385,True,0.71
C000012934,0.3182,False,0.71
C000009924,0.2757,False,0.71
C000009316,0.4913,False,0.71
C000018053,0.2772,False,0.71
C000035251,0.8875,True,0.71
C000015258,0.4674,False,0.71
C000008795,0.6641,True,0.71
C000029087,0.3872,False,0.71
C000012548,0.805,True,0.71
C000000075,0.4049,False,0.71
C000001793,0.5708,True,0.71
C000026942,0.419,False,0.71
C000011422,0.8887,True,0.71
C000007312,0.4019,False,0.71
C000004745,0.6485,True,0.71
C000028996,0.0346,False,0.71
C000033931,0.2812,False,0.71
C000014769,0.4084,False,0.71
C000017702,0.1151,False,0.71
C000012885,0.6823,True,0.71
C000014970,0.6462,True,0.71
C000009153,0.3864,False,0.71
C000004986,0.3472,False,0.71
C000037511,0.7708,True,0.71
C000037254,0.8681,True,0.71
C000012369,0.3272,False,0.71
C000030444,0.2842,False,0.71
C000021873,0.6767,True,0.71
C000035905,0.5409,False,0.71
C000003398,0.37,False,0.71
C000008503,0.6877,True,0.71
C000035938,0.7211,True,0.71
C000011626,0.3011,False,0.71
C000022946,0.2689,False,0.71
C000010818,0.635,True,0.71
C000008714,0.3653,False,0.71
C000020778,0.5283,False,0.71
C000031075,0.3879,False,0.71
C000038080,0.1462,False,0.71
C000034388,0.6486,True,0.71
C000015684,0.6321,True,0.71
C000034204,0.8911,True,0.71
C000028120,0.4578,False,0.71
C000022135,0.4609,False,0.71
C000014676,0.3718,False,0.71
C000027972,0.4572,False,0.71
C000019210,0.318,False,0.71
C000035353,0.5098,False,0.71
C000025851,0.3886,False,0.71
C000013818,0.4532,False,0.71
C000025675,0.4656,False,0.71
C000015027,0.3907,False,0.71
C000019514,0.4318,False,0.71
C000022225,0.3351,False,0.71
C000028168,0.6599,True,0.71
C000037574,0.1776,False,0.71
C000019504,0.5236,False,0.71
C000018171,0.4452,False,0.71
C000010400,0.8266,True,0.71
C000023224,0.6518,True,0.71
C000000908,0.9079,True,0.71
C000028934,0.4422,False,0.71
C000014358,0.5449,False,0.71
C000006023,0.4974,False,0.71
C000016210,0.5119,False,0.71
C000015705,0.5796,True,0.71
C000034729,0.337,False,0.71
C000015101,0.5703,True,0.71
C000009151,0.6361,True,0.71
C000026316,0.2537,False,0.71
C000034100,0.3457,False,0.71
C000033957,0.2904,False,0.71
C000009389,0.7879,True,0.71
C000026531,0.5794,True,0.71
C000027383,0.2968,False,0.71
C000005425,0.519,False,0.71
C000009480,0.5438,False,0.71
C000024094,0.6943,True,0.71
C000025413,0.8592,True,0.71
C000008041,0.5687,True,0.71
C000008634,0.8447,True,0.71
C000029043,0.6588,True,0.71
C000026024,0.78,True,0.71
C000037264,0.3279,False,0.71
C000000692,0.4737,False,0.71
C000009091,0.7712,True,0.71
C000019370,0.5162,False,0.71
C000038287,0.6814,True,0.71
C000003502,0.5213,False,0.71
C000011727,0.2812,False,0.71
C000022562,0.3666,False,0.71
C000035020,0.8258,True,0.71
C000030135,0.3166,False,0.71
C000039026,0.5336,False,0.71
C000012924,0.4352,False,0.71
C000009845,0.2547,False,0.71
C000024900,0.8648,True,0.71
C000033269,0.3364,False,0.71
C000022125,0.4527,False,0.71
C000018017,0.1827,False,0.71
C000022487,0.7323,True,0.71
C000028393,0.5023,False,0.71
C000032808,0.4124,False,0.71
C000008299,0.4615,False,0.71
C000000251,0.5273,False,0.71
C000008159,0.5489,False,0.71
C000000628,0.5266,False,0.71
C000005119,0.7992,True,0.71
C000014199,0.4032,False,0.71
C000013953,0.4384,False,0.71
C000031094,0.6811,True,0.71
C000024757,0.8148,True,0.71
C000015833,0.2632,False,0.71
C000020766,0.516,False,0.71
C000017161,0.5261,False,0.71
C000003732,0.582,True,0.71
C000015898,0.7679,True,0.71
C000004405,0.4527,False,0.71
C000008605,0.4506,False,0.71
C000030749,0.2067,False,0.71
C000002837,0.5097,False,0.71
C000020284,0.2014,False,0.71
C000000399,0.3487,False,0.71
C000037486,0.5224,False,0.71
C000025342,0.4168,False,0.71
C000030479,0.1354,False,0.71
C000025082,0.7121,True,0.71
C000023243,0.4754,False,0.71
C000030675,0.7503,True,0.71
C000021005,0.3959,False,0.71
C000038562,0.6476,True,0.71
C000018891,0.3397,False,0.71
C000036154,0.5683,True,0.71
C000026333,0.3839,False,0.71
C000033679,0.1353,False,0.71
C000015778,0.673,True,0.71
C000031040,0.3643,False,0.71
C000026028,0.4445,False,0.71
C000032973,0.6528,True,0.71
C000014848,0.3823,False,0.71
C000003681,0.5329,False,0.71
C000022822,0.2889,False,0.71
C000003880,0.7851,True,0.71
C000015990,0.658,True,0.71
C000015173,0.7547,True,0.71
C000011603,0.5434,False,0.71
C000000567,0.6312,True,0.71
C000003894,0.2259,False,0.71
C000026746,0.3437,False,0.71
C000026791,0.2782,False,0.71
C000017827,0.5194,False,0.71
C000001441,0.6735,True,0.71
C000021762,0.2395,False,0.71
C000027366,0.842,True,0.71
C000006072,0.4535,False,0.71
C000027206,0.3536,False,0.71
C000035286,0.2004,False,0.71
C000028028,0.6961,True,0.71
C000008288,0.4489,False,0.71
C000014541,0.1177,False,0.71
C000019803,0.8077,True,0.71
C000015900,0.4694,False,0.71
C000011470,0.4205,False,0.71
C000022576,0.5504,True,0.71
C000008437,0.4951,False,0.71
C000010528,0.5746,True,0.71
C000019285,0.6637,True,0.71
C000030910,0.3328,False,0.71
C000029801,0.495,False,0.71
C000026086,0.4626,False,0.71
C000036332,0.3665,False,0.71
C000012136,0.6163,True,0.71
C000000733,0.3922,False,0.71
C000039012,0.5208,False,0.71
C000014891,0.4807,False,0.71
C000004276,0.5849,True,0.71
C000002840,0.6102,True,0.71
C000014482,0.6399,True,0.71
C000007840,0.4775,False,0.71
C000006681,0.4417,False,0.71
C000002863,0.6272,True,0.71
C000002342,0.6338,True,0.71
C000017079,0.5904,True,0.71
C000005641,0.1928,False,0.71
C000030615,0.3976,False,0.71
C000007124,0.7219,True,0.71
C000036234,0.5684,True,0.71
C000006945,0.298,False,0.71
C000010986,0.1987,False,0.71
C000017510,0.5765,True,0.71
C000018588,0.8529,True,0.71
C000004024,0.4755,False,0.71
C000029027,0.3024,False,0.71
C000021626,0.3656,False,0.71
C000009953,0.7336,True,0.71
C000038633,0.5643,True,0.71
C000008479,0.3341,False,0.71
C000014146,1.0,True,0.71
C000016359,0.6149,True,0.71
C000008040,0.305,False,0.71
C000014972,0.9026,True,0.71
C000019312,0.4726,False,0.71
C000031504,0.343,False,0.71
C000023000,0.3069,False,0.71
C000020223,0.2847,False,0.71
C000032699,0.5502,True,0.71
C000019323,0.2647,False,0.71
C000004532,0.2046,False,0.71
C000004867,0.5262,False,0.71
C000031005,0.3242,False,0.71
C000023296,0.5591,True,0.71
C000037616,0.65,True,0.71
C000027844,0.778,True,0.71
C000016921,0.4308,False,0.71
C000018673,0.4888,False,0.71
C000028132,0.66,True,0.71
C000024524,0.5665,True,0.71
C000002054,0.3654,False,0.71
C000015339,0.6451,True,0.71
C000020198,0.5138,False,0.71
C000033199,0.6999,True,0.71
C000013656,1.0,True,0.71
C000006250,0.8253,True,0.71
C000001362,0.4516,False,0.71
C000034340,0.3741,False,0.71
C000037748,0.4137,False,0.71
C000025315,0.3551,False,0.71
C000018075,0.7008,True,0.71
C000023382,0.4788,False,0.71
C000007576,0.5799,True,0.71
C000014300,0.7413,True,0.71
C000017268,0.3688,False,0.71
C000010870,0.2984,False,0.71
C000023157,0.2123,False,0.71
C000031796,0.5844,True,0.71
C000028135,0.1876,False,0.71
C000024976,0.3067,False,0.71
C000028296,0.3221,False,0.71
C000013867,0.2155,False,0.71
C000039444,0.5105,False,0.71
C000016532,0.7896,True,0.71
C000014077,0.3926,False,0.71
C000005304,0.6594,True,0.71
C000019028,0.6037,True,0.71
C000019810,0.5624,True,0.71
C000017163,1.0,True,0.71
C000028442,0.7792,True,0.71
C000004445,0.8747,True,0.71
C000035152,0.4411,False,0.71
C000007850,0.5503,True,0.71
C000012457,0.0179,False,0.71
C000011535,0.3897,False,0.71
C000020730,0.478,False,0.71
C000008452,0.4334,False,0.71
C000014371,0.6494,True,0.71
C000008852,0.5756,True,0.71
C000023453,0.3332,False,0.71
C000026862,0.2999,False,0.71
C000008668,0.7415,True,0.71
C000006510,0.242,False,0.71
C000002344,1.0,True,0.71
C000021517,0.8871,True,0.71
C000023225,0.3458,False,0.71
C000035184,0.7208,True,0.71
C000023673,0.5541,True,0.71
C000004943,0.5227,False,0.71
C000026177,0.7457,True,0.71
C000026837,0.5823,True,0.71
C000023235,0.6253,True,0.71
C000006444,0.3105,False,0.71
C000032015,0.2177,False,0.71
C000014792,0.4098,False,0.71
C000031593,0.5373,False,0.71
C000003835,0.1653,False,0.71
C000038515,0.628,True,0.71
C000024187,0.7468,True,0.71
C000036393,0.3452,False,0.71
C000035845,0.3078,False,0.71
C000008708,0.7533,True,0.71
C000024195,0.4568,False,0.71
C000015742,0.6896,True,0.71
C000023828,0.1732,False,0.71
C000028877,0.5691,True,0.71
C000025916,0.6011,True,0.71
C000020325,0.6846,True,0.71
C000028344,0.4685,False,0.71
C000000441,0.2488,False,0.71
C000014102,0.4763,False,0.71
C000006354,0.7124,True,0.71
C000001664,0.5518,True,0.71
C000013901,0.3408,False,0.71
C000020066,0.3961,False,0.71
C000010423,0.2213,False,0.71
C000036041,0.3199,False,0.71
C000017605,0.3024,False,0.71
C000025261,0.1567,False,0.71
C000009137,0.4602,False,0.71
C000010927,0.5366,False,0.71
C000022230,0.2342,False,0.71
C000038958,0.3357,False,0.71
C000032721,0.714,True,0.71
C000005761,0.4805,False,0.71
C000016964,0.486,False,0.71
C000016211,0.5533,True,0.71
C000014368,0.521,False,0.71
C000024458,0.3478,False,0.71
C000033796,0.5183,False,0.71
C000029064,0.0352,False,0.71
C000010825,0.7018,True,0.71
C000013926,0.892,True,0.71
C000024982,0.2074,False,0.71
C000033122,0.4699,False,0.71
C000019178,0.2348,False,0.71
C000028312,0.2367,False,0.71
C000036258,0.4557,False,0.71
C000022869,0.7599,True,0.71
C000039637,0.983,True,0.71
C000038389,0.5212,False,0.71
C000039643,0.676,True,0.71
C000015847,0.5013,False,0.71
C000028817,0.6783,True,0.71
C000036295,0.6982,True,0.71
C000010594,0.6587,True,0.71
C000037432,0.2319,False,0.71
C000000157,0.5368,False,0.71
C000034822,0.4187,False,0.71
C000013814,0.7918,True,0.71
C000021423,0.7543,True,0.71
C000015270,0.0708,False,0.71
C000007796,0.3034,False,0.71
C000025240,0.7068,True,0.71
C000034904,0.5357,False,0.71
C000033497,0.599,True,0.71
C000033953,0.627,True,0.71
C000030907,0.0153,False,0.71
C000001071,0.4854,False,0.71
C000039952,0.4667,False,0.71
C000015132,0.8163,True,0.71
C000010165,0.3198,False,0.71
C000020014,0.5165,False,0.71
C000030340,0.0,False,0.71
C000029848,0.459,False,0.71
C000039511,0.6304,True,0.71
C000005794,0.5875,True,0.71
C000005488,0.3609,False,0.71
C000029648,0.3026,False,0.71
C000022831,0.5462,False,0.71
C000024913,0.1356,False,0.71
C000022717,0.6301,True,0.71
C000012034,0.6317,True,0.71
C000025807,0.425,False,0.71
C000024031,0.8193,True,0.71
C000022317,0.5922,True,0.71
C000035644,0.3281,False,0.71
C000002045,0.7299,True,0.71
C000031647,0.4056,False,0.71
C000008127,0.4526,False,0.71
C000016153,0.3979,False,0.71
C000033113,0.7324,True,0.71
C000016715,0.6509,True,0.71
C000033360,0.4113,False,0.71
C000007051,0.3468,False,0.71
C000015194,0.3885,False,0.71
C000022821,0.5473,False,0.71
C000012540,0.4615,False,0.71
C000009555,0.3516,False,0.71
C000037112,0.7773,True,0.71
C000037250,0.4097,False,0.71
C000008060,0.3874,False,0.71
C000009476,0.8215,True,0.71
C000005872,0.468,False,0.71
C000007428,0.4305,False,0.71
C000027253,0.5152,False,0.71
C000016515,0.4787,False,0.71
C000018499,0.3989,False,0.71
C000038769,0.5944,True,0.71
C000029577,0.5356,False,0.71
C000011102,0.34,False,0.71
C000023920,0.4588,False,0.71
C000010048,0.3852,False,0.71
C000027062,0.2617,False,0.71
C000030789,0.6995,True,0.71
C000016372,0.6067,True,0.71
C000002531,0.4704,False,0.71
C000022463,0.8826,True,0.71
C000018929,0.6073,True,0.71
C000019997,0.6274,True,0.71
C000024410,0.3092,False,0.71
C000025494,0.1439,False,0.71
C000000894,0.758,True,0.71
C000012611,0.7778,True,0.71
C000015426,0.7058,True,0.71
C000018609,0.3411,False,0.71
C000015410,0.4161,False,0.71
C000002448,0.5537,True,0.71
C000031087,0.3084,False,0.71
C000025161,0.6138,True,0.71
C000039328,0.7445,True,0.71
C000034547,0.0575,False,0.71
C000004406,0.5052,False,0.71
C000015247,0.5293,False,0.71
C000026933,0.4473,False,0.71
C000013687,0.5857,True,0.71
C000036955,0.4412,False,0.71
C000003647,0.5244,False,0.71
C000030399,0.3823,False,0.71
C000029511,0.6473,True,0.71
C000017508,0.4617,False,0.71
C000021570,0.4488,False,0.71
C000021053,0.4275,False,0.71
C000011800,0.6411,True,0.71
C000013345,0.6376,True,0.71
C000032158,0.6736,True,0.71
C000025910,0.3391,False,0.71
C000037502,0.4236,False,0.71
C000027501,0.319,False,0.71
C000037710,0.7341,True,0.71
C000034827,0.3009,False,0.71
C000028857,0.1368,False,0.71
C000031788,0.2893,False,0.71
C000022305,0.6705,True,0.71
C000009665,0.2165,False,0.71
C000017959,0.2578,False,0.71
C000022304,0.6769,True,0.71
C000032849,0.5427,False,0.71
C000015332,0.3643,False,0.71
C000006158,0.4768,False,0.71
C000002164,0.3818,False,0.71
C000030921,0.1748,False,0.71
C000019647,0.5599,True,0.71
C000018316,0.4711,False,0.71
C000032444,0.6938,True,0.71
C000031929,0.3383,False,0.71
C000028534,0.5316,False,0.71
C000025059,0.7278,True,0.71
C000027764,0.4717,False,0.71
C000030568,0.6598,True,0.71
C000038009,0.0989,False,0.71
C000011080,0.5607,True,0.71
C000020138,0.3628,False,0.71
C000030620,0.7212,True,0.71
C000033036,0.4031,False,0.71
C000025536,0.555,True,0.71
C000013106,0.862,True,0.71
C000029121,0.2717,False,0.71
C000031325,0.3923,False,0.71
C000011646,0.5201,False,0.71
C000030924,0.3595,False,0.71
C000026771,0.3132,False,0.71
C000038733,0.4972,False,0.71
C000019929,0.4441,False,0.71
C000032244,0.4471,False,0.71
C000026689,0.1847,False,0.71
C000037778,0.4459,False,0.71
C000021763,0.4655,False,0.71
C000037079,0.1728,False,0.71
C000001372,0.4144,False,0.71
C000014833,0.3615,False,0.71
C000034468,0.9103,True,0.71
C000038663,0.4165,False,0.71
C000006728,0.4856,False,0.71
C000011376,0.3739,False,0.71
C000035257,0.562,True,0.71
C000018144,0.3342,False,0.71
C000037016,0.1209,False,0.71
C000017679,0.2906,False,0.71
C000014916,0.359,False,0.71
C000017336,0.4915,False,0.71
C000004738,0.2941,False,0.71
C000001502,0.4172,False,0.71
C000035491,0.5699,True,0.71
C000018133,0.7091,True,0.71
C000002260,0.2757,False,0.71
C000005965,0.4727,False,0.71
C000026014,0.5164,False,0.71
C000012841,0.5117,False,0.71
C000007745,0.4875,False,0.71
C000000225,0.2071,False,0.71
C000002319,0.4865,False,0.71
C000038393,0.4214,False,0.71
C000023633,0.4129,False,0.71
C000024564,0.2452,False,0.71
C000016935,0.4706,False,0.71
C000003356,0.3926,False,0.71
C000017076,0.4837,False,0.71
C000017061,0.5618,True,0.71
C000015917,0.5051,False,0.71
C000006535,0.7464,True,0.71
C000005251,0.6134,True,0.71
C000017941,0.2807,False,0.71
C000026267,0.6386,True,0.71
C000036182,0.7633,True,0.71
C000033154,0.6056,True,0.71
C000030500,0.4746,False,0.71
C000038121,1.0,True,0.71
C000010129,0.7115,True,0.71
C000000417,0.6853,True,0.71
C000010082,0.8778,True,0.71
C000002780,0.6497,True,0.71
C000032399,0.3763,False,0.71
C000021999,0.4703,False,0.71
C000008507,0.4889,False,0.71
C000020854,0.4563,False,0.71
C000014584,0.5513,True,0.71
C000020143,0.3089,False,0.71
C000031922,0.3834,False,0.71
C000009218,0.18,False,0.71
C000019201,0.8771,True,0.71
C000037649,0.8256,True,0.71
C000034351,0.1219,False,0.71
C000034430,0.7481,True,0.71
C000009710,0.5006,False,0.71
C000038295,0.3384,False,0.71
C000002756,0.6379,True,0.71
C000025173,0.5686,True,0.71
C000020777,0.7172,True,0.71
C000020879,0.5184,False,0.71
C000010918,0.7398,True,0.71
C000006634,0.274,False,0.71
C000035515,0.4686,False,0.71
C000006790,0.5683,True,0.71
C000002965,0.4149,False,0.71
C000033282,0.5441,False,0.71
C000017186,0.7808,True,0.71
C000013045,0.562,True,0.71
C000026417,0.3347,False,0.71
C000023438,0.2208,False,0.71
C000036416,0.574,True,0.71
C000030837,0.5898,True,0.71
C000005371,0.5727,True,0.71
C000022419,0.3657,False,0.71
C000017752,0.5816,True,0.71
C000031567,0.6567,True,0.71
C000022413,0.4166,False,0.71
C000021138,0.6579,True,0.71
C000002543,0.7654,True,0.71
C000018226,0.3076,False,0.71
C000029941,0.2691,False,0.71
C000013161,0.2941,False,0.71
C000002692,0.4815,False,0.71
C000004840,0.6398,True,0.71
C000003138,0.8548,True,0.71
C000036610,0.3318,False,0.71
C000000018,0.7739,True,0.71
C000038894,0.6049,True,0.71
C000018856,0.3679,False,0.71
C000030257,0.4686,False,0.71
C000022057,0.4791,False,0.71
C000002959,0.5199,False,0.71
C000011639,0.531,False,0.71
C000007465,0.6857,True,0.71
C000036775,0.4026,False,0.71
C000000318,0.4612,False,0.71
C000012492,0.2111,False,0.71
C000015043,0.4817,False,0.71
C000026412,0.6222,True,0.71
C000023743,0.9504,True,0.71
C000028428,0.3294,False,0.71
C000003814,0.4104,False,0.71
C000023210,0.4175,False,0.71
C000021706,0.3627,False,0.71
C000008237,0.0,False,0.71
C000017933,0.4641,False,0.71
C000033776,0.369,False,0.71
C000023191,0.48,False,0.71
C000010561,0.5415,False,0.71
C000032489,0.432,False,0.71
C000000698,0.8049,True,0.71
C000010623,0.4196,False,0.71
C000025897,0.2939,False,0.71
C000032702,0.4948,False,0.71
C000037447,0.6392,True,0.71
C000015445,0.1897,False,0.71
C000038953,0.715,True,0.71
C000025118,0.368,False,0.71
C000035151,0.1975,False,0.71
C000012780,0.3409,False,0.71
C000001944,0.0,False,0.71
C000023708,0.3595,False,0.71
C000020277,0.5478,False,0.71
C000013314,0.5076,False,0.71
C000017985,0.2201,False,0.71
C000027283,0.3788,False,0.71
C000029900,0.4186,False,0.71
C000037854,0.6109,True,0.71
C000035373,0.4472,False,0.71
C000009809,0.748,True,0.71
C000000056,0.5393,False,0.71
C000016456,0.5882,True,0.71
C000028421,0.7997,True,0.71
C000002113,0.4419,False,0.71
C000031031,0.381,False,0.71
C000035895,0.3245,False,0.71
C000019573,0.4958,False,0.71
C000022043,0.2927,False,0.71
C000017900,0.5171,False,0.71
C000027925,0.4979,False,0.71
C000016745,0.5403,False,0.71
C000016175,0.4494,False,0.71
C000022550,0.5362,False,0.71
C000017589,0.2162,False,0.71
C000019076,0.333,False,0.71
C000034622,0.4024,False,0.71
C000031939,0.7522,True,0.71
C000037443,0.1985,False,0.71
C000004094,0.3612,False,0.71
C000031335,0.5181,False,0.71
C000032085,0.5499,False,0.71
C000035698,0.2849,False,0.71
C000020460,0.7656,True,0.71
C000035057,0.662,True,0.71
C000038881,0.229,False,0.71
C000019743,0.6718,True,0.71
C000032090,0.2338,False,0.71
C000039017,0.7672,True,0.71
C000027338,0.2509,False,0.71
C000036557,0.6499,True,0.71
C000005341,0.4282,False,0.71
C000004979,0.1833,False,0.71
C000031780,0.5854,True,0.71
C000019593,0.3559,False,0.71
C000009017,0.6191,True,0.71
C000003950,0.6553,True,0.71
C000037108,0.0,False,0.71
C000021744,0.3742,False,0.71
C000038540,0.4777,False,0.71
C000014673,0.6739,True,0.71
C000023960,0.8718,True,0.71
C000016401,0.3057,False,0.71
C000012413,0.621,True,0.71
C000020501,0.5175,False,0.71
C000007033,0.6635,True,0.71
C000004142,0.7799,True,0.71
C000027644,0.7948,True,0.71
C000038395,0.4776,False,0.71
C000028203,0.3019,False,0.71
C000007908,0.6594,True,0.71
C000012449,0.5228,False,0.71
C000007477,0.7153,True,0.71
C000004071,0.26,False,0.71
C000010832,0.5284,False,0.71
C000017983,0.5011,False,0.71
C000022652,0.5621,True,0.71
C000005999,0.3783,False,0.71
C000038426,0.424,False,0.71
C000001395,0.2415,False,0.71
C000010506,1.0,True,0.71
C000009888,0.9082,True,0.71
C000011166,0.2836,False,0.71
C000037426,0.6518,True,0.71
C000013574,0.2369,False,0.71
C000011374,0.0316,False,0.71
C000038035,0.5954,True,0.71
C000001678,0.5776,True,0.71
C000037564,0.4979,False,0.71
C000018365,0.7047,True,0.71
C000025643,0.3471,False,0.71
C000039563,0.5286,False,0.71
C000029830,0.6001,True,0.71
C000010893,0.4562,False,0.71
C000023995,0.734,True,0.71
C000030320,0.6048,True,0.71
C000030470,0.3366,False,0.71
C000031621,0.9093,True,0.71
C000022498,0.4758,False,0.71
C000031251,0.4756,False,0.71
C000015431,0.2592,False,0.71
C000012370,0.6321,True,0.71
C000028537,0.3945,False,0.71
C000012027,0.3874,False,0.71
C000037542,0.3982,False,0.71
C000007367,0.1374,False,0.71
C000029421,0.4281,False,0.71
C000010570,0.9034,True,0.71
C000014491,0.6253,True,0.71
C000038584,0.3717,False,0.71
C000028210,0.507,False,0.71
C000011312,0.3362,False,0.71
C000020790,0.5035,False,0.71
C000029042,0.438,False,0.71
C000016922,0.6561,True,0.71
C000015423,0.5381,False,0.71
C000027696,0.587,True,0.71
C000015516,0.4886,False,0.71
C000030177,0.6998,True,0.71
C000017093,0.6624,True,0.71
C000035817,0.6138,True,0.71
C000038762,0.2576,False,0.71
C000000610,0.59,True,0.71
C000034124,0.7478,True,0.71
C000014840,0.5646,True,0.71
C000004160,0.261,False,0.71
C000028298,0.6633,True,0.71
C000007587,0.3878,False,0.71
C000027084,0.7567,True,0.71
C000017569,0.0,False,0.71
C000036901,0.9803,True,0.71
C000009781,0.0,False,0.71
C000013728,0.4008,False,0.71
C000031237,0.6303,True,0.71
C000024000,0.6624,True,0.71
C000037843,0.5191,False,0.71
C000000896,0.568,True,0.71
C000003965,0.599,True,0.71
C000011340,0.4323,False,0.71
C000004996,0.6271,True,0.71
C000004034,0.8129,True,0.71
C000005279,0.3772,False,0.71
C000002046,0.4393,False,0.71
C000001053,0.4673,False,0.71
C000037909,0.7349,True,0.71
C000028473,0.3047,False,0.71
C000030000,0.9196,True,0.71
C000007341,0.5702,True,0.71
C000024938,0.4236,False,0.71
C000019334,0.2415,False,0.71
C000003508,0.4537,False,0.71
C000023548,0.3898,False,0.71
C000031817,0.6604,True,0.71
C000026889,0.0901,False,0.71
C000001608,0.4344,False,0.71
C000011803,0.1996,False,0.71
C000039587,0.4158,False,0.71
C000022838,0.7746,True,0.71
C000031972,0.5063,False,0.71
C000035544,0.5688,True,0.71
C000036220,0.4427,False,0.71
C000000662,0.5148,False,0.71
C000028612,0.8504,True,0.71
C000015104,0.443,False,0.71
C000028133,0.485,False,0.71
C000017473,0.3927,False,0.71
C000025738,0.4947,False,0.71
C000013679,0.6751,True,0.71
C000004001,0.6418,True,0.71
C000003735,0.7162,True,0.71
C000026232,0.6277,True,0.71
C000033020,0.1628,False,0.71
C000028193,0.0378,False,0.71
C000005998,0.5792,True,0.71
C000020177,0.2787,False,0.71
C000027000,0.5804,True,0.71
C000039570,0.9264,True,0.71
C000021548,0.7581,True,0.71
C000000541,0.4028,False,0.71
C000018114,0.4137,False,0.71
C000016031,0.3776,False,0.71
C000039821,0.3505,False,0.71
C000004839,0.4566,False,0.71
C000039759,0.5519,True,0.71
C000001699,0.3767,False,0.71
C000012179,0.8723,True,0.71
C000020500,0.1839,False,0.71
C000034338,0.3757,False,0.71
C000003427,0.3282,False,0.71
C000010766,0.5237,False,0.71
C000027074,0.3859,False,0.71
C000018085,0.613,True,0.71
C000004683,0.6836,True,0.71
C000012580,0.5413,False,0.71
C000003655,0.6024,True,0.71
C000009711,0.3983,False,0.71
C000004335,0.6405,True,0.71
C000029144,0.3717,False,0.71
C000032079,0.4404,False,0.71
C000036017,0.3355,False,0.71
C000028308,0.6651,True,0.71
C000034047,0.3941,False,0.71
C000004927,0.6032,True,0.71
C000027164,0.3264,False,0.71
C000026685,0.4194,False,0.71
C000034301,0.4226,False,0.71
C000022544,0.7349,True,0.71
C000004776,0.5343,False,0.71
C000016152,0.6516,True,0.71
C000009761,0.2638,False,0.71
C000011343,0.7696,True,0.71
C000026272,0.7237,True,0.71
C000037233,0.6044,True,0.71
C000025152,0.6926,True,0.71
C000023167,0.1444,False,0.71
C000011086,0.6291,True,0.71
C000027430,0.2489,False,0.71
C000029717,0.2975,False,0.71
C000017673,0.5481,False,0.71
C000003875,0.4081,False,0.71
C000000976,0.4164,False,0.71
C000017899,0.695,True,0.71
C000030962,0.227,False,0.71
C000025233,0.5167,False,0.71
C000006287,0.731,True,0.71
C000033013,0.5463,False,0.71
C000029015,0.5138,False,0.71
C000010338,0.472,False,0.71
C000020856,0.249,False,0.71
C000016813,0.4558,False,0.71
C000039140,0.6422,True,0.71
C000022516,0.5041,False,0.71
C000005345,0.4335,False,0.71
C000035778,0.5008,False,0.71
C000020395,0.6112,True,0.71
C000026571,0.7417,True,0.71
C000020925,0.3827,False,0.71
C000017867,0.5488,False,0.71
C000036222,0.5946,True,0.71
C000010557,0.399,False,0.71
C000007736,0.5178,False,0.71
C000022208,0.3488,False,0.71
C000032854,0.5859,True,0.71
C000013269,0.522,False,0.71
C000032264,0.7014,True,0.71
C000006120,0.617,True,0.71
C000021536,1.0,True,0.71
C000034871,0.6348,True,0.71
C000018280,0.619,True,0.71
C000014251,0.749,True,0.71
C000000289,0.54,False,0.71
C000001930,0.6251,True,0.71
C000027856,0.5016,False,0.71
C000008777,0.336,False,0.71
C000001950,0.6122,True,0.71
C000002348,0.4532,False,0.71
C000012095,0.4594,False,0.71
C000012742,0.5406,False,0.71
C000017064,0.6828,True,0.71
C000032339,0.5674,True,0.71
C000002886,0.4944,False,0.71
C000008062,0.2831,False,0.71
C000007090,0.8288,True,0.71
C000006280,0.7754,True,0.71
C000002451,0.2875,False,0.71
C000007693,0.6537,True,0.71
C000009147,0.616,True,0.71
C000022483,0.732,True,0.71
C000025224,0.4979,False,0.71
C000029904,0.4934,False,0.71
C000010665,0.8807,True,0.71
C000005635,0.3224,False,0.71
C000027920,0.5092,False,0.71
C000039592,0.4262,False,0.71
C000002076,0.6712,True,0.71
C000039013,0.5013,False,0.71
C000012148,0.5551,True,0.71
C000031545,0.7088,True,0.71
C000026675,0.304,False,0.71
C000036703,0.4514,False,0.71
C000007611,0.4207,False,0.71
C000000503,0.5817,True,0.71
C000006532,0.355,False,0.71
C000011033,0.2818,False,0.71
C000003486,0.5238,False,0.71
C000014270,0.3548,False,0.71
C000006860,0.0422,False,0.71
C000006593,0.8864,True,0.71
C000005158,0.1283,False,0.71
C000029649,0.4635,False,0.71
C000008880,0.4038,False,0.71
C000020681,0.608,True,0.71
C000035340,0.5679,True,0.71
C000038842,0.3894,False,0.71
C000030649,0.517,False,0.71
C000033423,0.5832,True,0.71
C000000437,0.9112,True,0.71
C000007178,0.5565,True,0.71
C000006561,0.5035,False,0.71
C000014277,0.2062,False,0.71
C000004498,0.6743,True,0.71
C000018460,0.1148,False,0.71
C000015045,0.3917,False,0.71
C000012943,0.1096,False,0.71
C000027881,0.6151,True,0.71
C000012030,0.3138,False,0.71
C000000563,0.4417,False,0.71
C000006135,0.7017,True,0.71
C000036674,0.6402,True,0.71
C000007824,0.3429,False,0.71
C000004268,0.5503,True,0.71
C000018501,0.2464,False,0.71
C000030049,0.1183,False,0.71
C000034960,0.5379,False,0.71
C000031220,0.7372,True,0.71
C000038866,1.0,True,0.71
C000025211,0.6613,True,0.71
C000023112,0.4693,False,0.71
C000017590,0.6166,True,0.71
C000005975,0.1185,False,0.71
C000016857,0.8825,True,0.71
C000004490,0.3747,False,0.71
C000011231,0.6583,True,0.71
C000004211,0.3081,False,0.71
C000039025,0.7138,True,0.71
C000027448,0.5933,True,0.71
C000011864,0.9038,True,0.71
C000038853,0.9137,True,0.71
C000014018,0.5084,False,0.71
C000016374,0.7839,True,0.71
C000006026,0.1988,False,0.71
C000025737,0.6749,True,0.71
C000012751,0.5159,False,0.71
C000025154,0.2233,False,0.71
C000018977,0.2044,False,0.71
C000015428,0.5883,True,0.71
C000023087,0.2935,False,0.71
C000010087,0.2272,False,0.71
C000039764,0.5584,True,0.71
C000013700,0.5066,False,0.71
C000026359,0.4606,False,0.71
C000013635,0.7108,True,0.71
C000016700,0.2804,False,0.71
C000010800,0.5349,False,0.71
C000027695,0.5699,True,0.71
C000001166,0.56,True,0.71
C000026869,0.5141,False,0.71
C000023887,0.4251,False,0.71
C000002555,0.3938,False,0.71
C000010134,0.912,True,0.71
C000004717,0.4207,False,0.71
C000021389,0.597,True,0.71
C000036261,0.361,False,0.71
C000016322,0.6774,True,0.71
C000027139,0.6018,True,0.71
C000001409,0.5161,False,0.71
C000008216,0.5134,False,0.71
C000025875,0.1192,False,0.71
C000030557,0.5599,True,0.71
C000007348,0.314,False,0.71
C000036521,0.3472,False,0.71
C000005285,0.3815,False,0.71
C000011496,0.288,False,0.71
C000039558,0.2458,False,0.71
C000012910,0.5773,True,0.71
C000013049,0.3667,False,0.71
C000034748,0.2715,False,0.71
C000000227,0.0,False,0.71
C000020107,0.5156,False,0.71
C000025009,0.5614,True,0.71
C000027371,0.7662,True,0.71
C000029658,0.6955,True,0.71
C000020518,0.5685,True,0.71
C000029305,0.9209,True,0.71
C000027332,0.6916,True,0.71
C000009667,0.6345,True,0.71
C000022523,0.1582,False,0.71
C000005303,0.5451,False,0.71
C000014224,0.9248,True,0.71
C000023475,0.8507,True,0.71
C000007299,0.6101,True,0.71
C000019612,0.0,False,0.71
C000001628,0.0159,False,0.71
C000014977,0.4521,False,0.71
C000035920,0.0099,False,0.71
C000022850,0.3689,False,0.71
C000036218,0.429,False,0.71
C000009840,0.7346,True,0.71
C000027213,0.7263,True,0.71
C000012753,0.931,True,0.71
C000028847,0.6562,True,0.71
C000014867,0.5045,False,0.71
C000033277,0.7628,True,0.71
C000017277,0.4424,False,0.71
C000003948,0.516,False,0.71
C000002094,0.3321,False,0.71
C000018952,0.2129,False,0.71
C000012317,0.4519,False,0.71
C000002909,0.7044,True,0.71
C000026930,0.6969,True,0.71
C000024832,0.4717,False,0.71
C000014048,0.501,False,0.71
C000008363,0.3244,False,0.71
C000019348,0.33,False,0.71
C000006583,0.5829,True,0.71
C000000595,0.3911,False,0.71
C000016357,0.3741,False,0.71
C000029114,0.4975,False,0.71
C000005908,0.2952,False,0.71
C000022893,0.9041,True,0.71
C000024427,0.5294,False,0.71
C000032953,0.5896,True,0.71
C000039114,0.2671,False,0.71
C000034329,0.1794,False,0.71
C000002874,0.3174,False,0.71
C000028190,0.5237,False,0.71
C000038078,0.8744,True,0.71
C000011765,0.6113,True,0.71
C000036168,0.815,True,0.71
C000027557,0.6752,True,0.71
C000037393,0.5131,False,0.71
C000026438,0.7881,True,0.71
C000012761,0.6313,True,0.71
C000009790,0.6873,True,0.71
C000032427,0.7187,True,0.71
C000033466,0.2556,False,0.71
C000031490,0.6825,True,0.71
C000023552,0.6275,True,0.71
C000022478,0.2295,False,0.71
C000020641,0.7284,True,0.71
C000005408,0.518,False,0.71
C000007008,0.4703,False,0.71
C000005239,0.5575,True,0.71
C000021589,0.0985,False,0.71
C000024517,0.2133,False,0.71
C000032118,0.2111,False,0.71
C000025652,0.3169,False,0.71
C000014452,0.5741,True,0.71
C000039534,0.4028,False,0.71
C000003133,0.7685,True,0.71
C000022415,0.4285,False,0.71
C000026103,0.0869,False,0.71
C000000803,0.5508,True,0.71
C000026806,0.2447,False,0.71
C000021775,0.3795,False,0.71
C000003126,0.8756,True,0.71
C000031514,0.7124,True,0.71
C000023716,0.8057,True,0.71
C000017810,0.2908,False,0.71
C000025182,0.0,False,0.71
C000031287,0.3094,False,0.71
C000027546,0.4025,False,0.71
C000020250,0.8164,True,0.71
C000008277,0.5118,False,0.71
C000027788,0.6043,True,0.71
C000025819,0.4845,False,0.71
C000033911,0.7088,True,0.71
C000032959,0.7512,True,0.71
C000023663,0.7079,True,0.71
C000033442,0.5742,True,0.71
C000022229,1.0,True,0.71
C000007699,0.2545,False,0.71
C000003442,0.3004,False,0.71
C000026657,0.5576,True,0.71
C000010389,0.7658,True,0.71
C000011823,0.6045,True,0.71
C000030777,0.6597,True,0.71
C000025278,0.3067,False,0.71
C000019561,0.731,True,0.71
C000000779,0.5872,True,0.71
C000015612,0.2685,False,0.71
C000000812,0.3221,False,0.71
C000003489,0.4588,False,0.71
C000031855,0.216,False,0.71
C000012925,0.649,True,0.71
C000013771,0.5738,True,0.71
C000023247,0.3045,False,0.71
C000024343,0.5435,False,0.71
C000039228,0.5447,False,0.71
C000002208,0.5198,False,0.71
C000033215,0.2649,False,0.71
C000024170,0.6933,True,0.71
C000008649,0.1876,False,0.71
C000024828,0.5247,False,0.71
C000029082,0.6466,True,0.71
C000037704,0.3813,False,0.71
C000031196,0.5739,True,0.71
C000028677,0.3476,False,0.71
C000008380,0.5075,False,0.71
C000034674,0.3985,False,0.71
C000004581,0.5421,False,0.71
C000015181,0.5778,True,0.71
C000037170,0.4583,False,0.71
C000000998,0.4733,False,0.71
C000017099,0.2873,False,0.71
C000012328,0.6235,True,0.71
C000039872,0.723,True,0.71
C000039733,0.2097,False,0.71
C000013289,0.5357,False,0.71
C000037770,0.726,True,0.71
C000037145,0.5397,False,0.71
C000021480,0.4348,False,0.71
C000017876,0.4719,False,0.71
C000015583,0.4053,False,0.71
C000033778,0.7118,True,0.71
C000027911,0.6907,True,0.71
C000013527,0.6548,True,0.71
C000032385,0.7885,True,0.71
C000030504,0.5561,True,0.71
C000017832,0.3167,False,0.71
C000030866,0.4327,False,0.71
C000020723,0.45,False,0.71
C000029570,0.5613,True,0.71
C000008646,0.2344,False,0.71
C000022530,0.1958,False,0.71
C000021150,0.7568,True,0.71
C000004797,0.6376,True,0.71
C000004881,0.3837,False,0.71
C000022867,0.2444,False,0.71
C000021608,0.4813,False,0.71
C000013309,0.6161,True,0.71
C000012999,0.5966,True,0.71
C000024605,0.1197,False,0.71
C000036483,0.5377,False,0.71
C000028325,0.4863,False,0.71
C000035299,0.376,False,0.71
C000028349,0.4713,False,0.71
C000020805,0.3207,False,0.71
C000019779,0.3352,False,0.71
C000007690,0.2902,False,0.71
C000022455,0.0,False,0.71
C000022427,0.5854,True,0.71
C000002684,0.626,True,0.71
C000031063,0.3551,False,0.71
C000023711,0.7139,True,0.71
C000025741,0.4455,False,0.71
C000002635,0.3945,False,0.71
C000008365,0.6054,True,0.71
C000037019,0.1566,False,0.71
C000024641,0.8568,True,0.71
C000002097,0.649,True,0.71
C000000489,0.467,False,0.71
C000013320,0.9254,True,0.71
C000038269,0.4632,False,0.71
C000021341,0.4615,False,0.71
C000005102,0.5568,True,0.71
C000007121,0.7257,True,0.71
C000029233,0.6039,True,0.71
C000035701,0.5914,True,0.71
C000018029,0.5483,False,0.71
C000039691,0.5289,False,0.71
C000001218,0.5738,True,0.71
C000020352,0.3656,False,0.71
C000030763,0.3355,False,0.71
C000010006,0.3318,False,0.71
C000013029,0.5006,False,0.71
C000017487,0.7967,True,0.71
C000019042,0.4285,False,0.71
C000005394,0.3512,False,0.71
C000026100,0.3268,False,0.71
C000021046,0.41,False,0.71
C000001519,0.4397,False,0.71
C000007047,0.2496,False,0.71
C000033068,0.3779,False,0.71
C000006386,0.6406,True,0.71
C000005554,0.1633,False,0.71
C000001723,0.2033,False,0.71
C000018509,0.6511,True,0.71
C000020190,0.7938,True,0.71
C000023863,0.1246,False,0.71
C000007408,0.6335,True,0.71
C000002014,0.4634,False,0.71
C000014128,0.4504,False,0.71
C000019549,0.2872,False,0.71
C000021868,0.6637,True,0.71
C000028633,0.4322,False,0.71
C000027965,0.3269,False,0.71
C000006231,0.4749,False,0.71
C000033396,0.5374,False,0.71
C000006229,1.0,True,0.71
C000035567,0.5547,True,0.71
C000037400,0.4153,False,0.71
C000002152,0.5719,True,0.71
C000028277,0.6426,True,0.71
C000031064,0.3385,False,0.71
C000012234,0.1632,False,0.71
C000014602,0.6198,True,0.71
C000014142,0.3017,False,0.71
C000007437,0.8841,True,0.71
C000013490,0.1651,False,0.71
C000015542,0.5249,False,0.71
C000039218,0.4811,False,0.71
C000018346,0.2097,False,0.71
C000030899,0.4131,False,0.71
C000036349,0.3245,False,0.71
C000030145,0.3279,False,0.71
C000013525,0.7065,True,0.71
C000024473,0.5546,True,0.71
C000028816,0.4803,False,0.71
C000017684,0.4281,False,0.71
C000030727,0.7467,True,0.71
C000001655,0.4766,False,0.71
C000039488,0.6344,True,0.71
C000031620,0.3847,False,0.71
C000011212,0.6852,True,0.71
C000002938,0.5687,True,0.71
C000029296,0.3035,False,0.71
C000034542,0.4327,False,0.71
C000034993,0.3751,False,0.71
C000026021,0.9272,True,0.71
C000019360,0.4097,False,0.71
C000039596,0.3459,False,0.71
C000035717,0.7825,True,0.71
C000021035,0.4022,False,0.71
C000026824,0.5764,True,0.71
C000000725,0.6609,True,0.71
C000014413,0.7031,True,0.71
C000012403,0.2822,False,0.71
C000015595,0.5653,True,0.71
C000005698,0.4204,False,0.71
C000034898,0.5358,False,0.71
C000021817,0.7765,True,0.71
C000036461,0.4901,False,0.71
C000006746,0.6734,True,0.71
C000017628,0.4558,False,0.71
C000004507,0.3818,False,0.71
C000030931,0.5325,False,0.71
C000026632,0.8627,True,0.71
C000001018,0.6015,True,0.71
C000024803,0.5523,True,0.71
C000026153,0.4844,False,0.71
C000007296,0.2185,False,0.71
C000009344,0.6177,True,0.71
C000013677,0.3686,False,0.71
C000028500,0.1573,False,0.71
C000034364,0.621,True,0.71
C000022591,0.6764,True,0.71
C000038653,0.4881,False,0.71
C000002021,0.5437,False,0.71
C000002141,0.2864,False,0.71
C000031698,0.6592,True,0.71
C000019912,0.3917,False,0.71
C000032882,0.5725,True,0.71
C000034588,0.2919,False,0.71
C000017862,0.4276,False,0.71
C000025048,0.5292,False,0.71
C000036834,0.3663,False,0.71
C000030059,0.4734,False,0.71
C000019447,0.6725,True,0.71
C000026940,0.5119,False,0.71
C000036108,0.7011,True,0.71
C000023596,0.5651,True,0.71
C000036401,0.3304,False,0.71
C000012289,0.5337,False,0.71
C000006370,0.3481,False,0.71
C000019005,0.8094,True,0.71
C000032226,0.7789,True,0.71
C000038118,0.6925,True,0.71
C000001335,0.4413,False,0.71
C000014210,0.2587,False,0.71
C000000149,0.3204,False,0.71
C000032011,0.6876,True,0.71
C000023012,0.4132,False,0.71
C000029155,0.6161,True,0.71
C000029289,0.6549,True,0.71
C000009616,0.618,True,0.71
C000002719,0.9362,True,0.71
C000036518,0.6894,True,0.71
C000004382,0.8552,True,0.71
C000037997,0.5536,True,0.71
C000014999,0.603,True,0.71
C000007783,0.5903,True,0.71
C000032063,0.4046,False,0.71
C000025097,0.7143,True,0.71
C000010628,0.4149,False,0.71
C000016629,0.1244,False,0.71
C000018078,0.8475,True,0.71
C000031726,0.7216,True,0.71
C000019835,0.5501,True,0.71
C000020446,0.3723,False,0.71
C000033581,0.5774,True,0.71
C000004242,0.5056,False,0.71
C000001642,0.594,True,0.71
C000013984,0.7322,True,0.71
C000001181,0.5634,True,0.71
C000003698,0.4267,False,0.71
C000007185,0.3748,False,0.71
C000026281,0.9206,True,0.71
C000027662,0.2174,False,0.71
C000022454,0.5064,False,0.71
C000038988,0.5391,False,0.71
C000034784,0.5961,True,0.71
C000021399,0.526,False,0.71
C000034441,0.4783,False,0.71
C000002580,0.9321,True,0.71
C000034382,0.3208,False,0.71
C000028602,0.4676,False,0.71
C000024549,0.5872,True,0.71
C000018714,0.5109,False,0.71
C000017166,0.1212,False,0.71
C000002723,0.4617,False,0.71
C000033003,0.7376,True,0.71
C000035607,0.4346,False,0.71
C000032242,0.6508,True,0.71
C000020901,0.2482,False,0.71
C000005302,0.7799,True,0.71
C000006424,0.7122,True,0.71
C000036868,0.366,False,0.71
C000038883,0.5932,True,0.71
C000028056,0.41,False,0.71
C000014361,0.0558,False,0.71
C000030639,0.5688,True,0.71
C000015840,0.0,False,0.71
C000029437,0.3758,False,0.71
C000018717,0.2149,False,0.71
C000023385,0.2128,False,0.71
C000036748,0.4778,False,0.71
C000011720,0.5591,True,0.71
C000016615,0.4792,False,0.71
C000014812,0.5893,True,0.71
C000019677,0.7849,True,0.71
C000015096,0.2605,False,0.71
C000029918,0.2586,False,0.71
C000009231,0.4964,False,0.71
C000014321,0.508,False,0.71
C000039265,0.4968,False,0.71
C000028127,0.4837,False,0.71
C000008491,0.475,False,0.71
C000019147,0.4421,False,0.71
C000027058,0.485,False,0.71
C000014961,0.4467,False,0.71
C000009841,0.5911,True,0.71
C000030851,0.7102,True,0.71
C000006349,0.051,False,0.71
C000018954,0.4487,False,0.71
C000021094,0.5886,True,0.71
C000002145,0.3672,False,0.71
C000031932,0.3704,False,0.71
C000009132,0.554,True,0.71
C000035309,0.6291,True,0.71
C000023055,0.5252,False,0.71
C000005951,0.7151,True,0.71
C000015353,0.4791,False,0.71
C000003396,0.3228,False,0.71
C000002291,0.6958,True,0.71
C000018502,0.6858,True,0.71
C000003792,0.4023,False,0.71
C000031274,0.7068,True,0.71
C000017250,0.5931,True,0.71
C000025958,0.4232,False,0.71
C000009589,0.6165,True,0.71
C000006283,0.7095,True,0.71
C000009038,0.6455,True,0.71
C000014809,0.9286,True,0.71
C000027026,0.8167,True,0.71
C000034800,0.5215,False,0.71
C000000032,0.0,False,0.71
C000034148,0.2717,False,0.71
C000004593,0.4602,False,0.71
C000004524,0.8683,True,0.71
C000024654,0.7103,True,0.71
C000032547,0.4853,False,0.71
C000009019,0.3963,False,0.71
C000010478,0.229,False,0.71
C000038808,0.5538,True,0.71
C000018407,0.5569,True,0.71
C000002608,0.4102,False,0.71
C000034241,0.4092,False,0.71
C000035888,0.5851,True,0.71
C000033316,0.5779,True,0.71
C000021528,0.5677,True,0.71
C000026910,0.6134,True,0.71
C000004441,0.6062,True,0.71
C000005855,0.4389,False,0.71
C000002588,0.7539,True,0.71
C000007541,0.5901,True,0.71
C000035925,0.146,False,0.71
C000005725,0.5296,False,0.71
C000038407,0.627,True,0.71
C000015464,0.4055,False,0.71
C000015632,0.463,False,0.71
C000004106,0.9581,True,0.71
C000014245,0.5948,True,0.71
C000029026,0.8835,True,0.71
C000011485,0.3606,False,0.71
C000012100,0.2777,False,0.71
C000011228,0.7558,True,0.71
C000019522,0.4077,False,0.71
C000036195,0.5698,True,0.71
C000016519,0.6682,True,0.71
C000037174,0.6425,True,0.71
C000031145,0.7931,True,0.71
C000038736,0.5205,False,0.71
C000000122,0.601,True,0.71
C000010220,0.3539,False,0.71
C000037764,0.3144,False,0.71
C000033290,0.3018,False,0.71
C000021519,0.6117,True,0.71
C000002727,0.4256,False,0.71
C000017389,0.9748,True,0.71
C000033537,0.4847,False,0.71
C000027450,0.2118,False,0.71
C000012828,0.4793,False,0.71
C000005342,0.6959,True,0.71
C000030196,0.5235,False,0.71
C000012834,0.1895,False,0.71
C000021737,0.4277,False,0.71
C000033177,0.4292,False,0.71
C000010428,0.8432,True,0.71
C000028048,0.7161,True,0.71
C000001882,0.6719,True,0.71
C000020351,0.372,False,0.71
C000010131,0.3992,False,0.71
C000018481,0.5902,True,0.71
C000025508,0.3926,False,0.71
C000015484,0.634,True,0.71
C000007015,0.9022,True,0.71
C000030571,0.4422,False,0.71
C000021426,0.4083,False,0.71
C000012162,0.4535,False,0.71
C000030741,0.7342,True,0.71
C000032544,0.4287,False,0.71
C000038397,0.2071,False,0.71
C000023039,0.477,False,0.71
C000004129,0.4559,False,0.71
C000001105,0.6906,True,0.71
C000015622,0.6359,True,0.71
C000023060,0.0291,False,0.71
C000012375,0.5673,True,0.71
C000022376,0.5054,False,0.71
C000033231,0.3592,False,0.71
C000017896,0.2116,False,0.71
C000011555,0.5292,False,0.71
C000039739,0.2777,False,0.71
C000025174,0.8108,True,0.71
C000000822,0.4951,False,0.71
C000025253,0.5178,False,0.71
C000028680,0.8244,True,0.71
C000002585,0.3173,False,0.71
C000026586,0.4763,False,0.71
C000023799,0.335,False,0.71
C000022674,0.5457,False,0.71
C000010769,0.4644,False,0.71
C000012146,0.6487,True,0.71
C000036423,0.3204,False,0.71
C000035074,0.463,False,0.71
C000027057,0.637,True,0.71
C000023640,0.4495,False,0.71
C000016956,0.9038,True,0.71
C000019885,0.4848,False,0.71
C000010899,0.3076,False,0.71
C000001458,0.5787,True,0.71
C000035520,0.6602,True,0.71
C000016481,0.5762,True,0.71
C000038760,0.2887,False,0.71
C000016225,0.5281,False,0.71
C000004180,0.5014,False,0.71
C000016764,0.397,False,0.71
C000016771,0.4481,False,0.71
C000022024,0.418,False,0.71
C000036873,0.524,False,0.71
C000009526,0.5781,True,0.71
C000033587,0.1492,False,0.71
C000001691,0.36,False,0.71
C000031310,0.2958,False,0.71
C000017022,0.5733,True,0.71
C000005963,0.3505,False,0.71
C000005146,0.4254,False,0.71
C000023988,0.4464,False,0.71
C000014890,0.3191,False,0.71
C000019393,0.4889,False,0.71
C000033531,0.56,True,0.71
C000004352,0.7123,True,0.71
C000032457,0.3193,False,0.71
C000027693,0.7665,True,0.71
C000018238,0.5601,True,0.71
C000018724,0.7811,True,0.71
C000025050,0.7146,True,0.71
C000018156,0.4051,False,0.71
C000017258,0.6219,True,0.71
C000039770,0.7423,True,0.71
C000010296,0.2909,False,0.71
C000036256,0.3688,False,0.71
C000032330,0.743,True,0.71
C000035418,0.4639,False,0.71
C000031652,0.8859,True,0.71
C000011179,0.3946,False,0.71
C000017292,0.5418,False,0.71
C000004921,0.2454,False,0.71
C000016868,0.5667,True,0.71
C000025599,0.1916,False,0.71
C000004297,0.5825,True,0.71
C000035158,0.5198,False,0.71
C000032693,0.4975,False,0.71
C000037433,0.2285,False,0.71
C000039828,0.746,True,0.71
C000017466,0.7424,True,0.71
C000019689,0.5692,True,0.71
C000037667,0.7139,True,0.71
C000035027,0.2916,False,0.71
C000007828,0.5034,False,0.71
C000039312,0.4912,False,0.71
C000033534,0.2627,False,0.71
C000031105,0.2525,False,0.71
C000017831,0.5021,False,0.71
C000022683,0.5045,False,0.71
C000010379,0.4686,False,0.71
C000002263,0.4264,False,0.71
C000022176,0.5001,False,0.71
C000011192,0.7076,True,0.71
C000032943,0.5212,False,0.71
C000007319,0.4314,False,0.71
C000008893,0.1041,False,0.71
C000016107,0.6092,True,0.71
C000023761,0.6509,True,0.71
C000023749,0.3139,False,0.71
C000028040,0.2209,False,0.71
C000019236,0.4893,False,0.71
C000010293,0.4114,False,0.71
C000005103,0.4252,False,0.71
C000013621,0.4568,False,0.71
C000012145,0.4781,False,0.71
C000039890,0.4712,False,0.71
C000007019,0.4853,False,0.71
C000008469,0.6984,True,0.71
C000035715,0.6794,True,0.71
C000015083,0.2807,False,0.71
C000008468,0.7583,True,0.71
C000001939,0.7176,True,0.71
C000028320,0.5115,False,0.71
C000020477,0.6148,True,0.71
C000036205,0.4652,False,0.71
C000025045,0.1616,False,0.71
C000035513,0.7772,True,0.71
C000023751,0.4243,False,0.71
C000026457,0.272,False,0.71
C000015809,0.1091,False,0.71
C000006836,0.3999,False,0.71
C000005475,0.5636,True,0.71
C000023181,0.4542,False,0.71
C000037130,0.2323,False,0.71
C000038409,0.4762,False,0.71
C000030428,0.4589,False,0.71
C000004945,0.4558,False,0.71
C000013589,0.2729,False,0.71
C000031099,0.4771,False,0.71
C000013584,0.3958,False,0.71
C000024348,0.5828,True,0.71
C000009708,0.5248,False,0.71
C000016820,0.602,True,0.71
C000005072,0.4825,False,0.71
C000039417,0.2491,False,0.71
C000011954,0.3811,False,0.71
C000003720,0.4375,False,0.71
C000026408,0.4788,False,0.71
C000011949,0.4976,False,0.71
C000016067,0.2343,False,0.71
C000005918,0.3682,False,0.71
C000028283,0.6395,True,0.71
C000005003,0.7038,True,0.71
C000023001,0.8133,True,0.71
C000016301,0.3644,False,0.71
C000028363,0.2017,False,0.71
C000030894,0.171,False,0.71
C000017212,0.2463,False,0.71
C000034724,0.1865,False,0.71
C000030229,0.5366,False,0.71
C000009385,0.4387,False,0.71
C000020683,0.7127,True,0.71
C000027355,0.4193,False,0.71
C000006823,0.8408,True,0.71
C000001832,0.4907,False,0.71
C000037245,0.5679,True,0.71
C000002717,0.278,False,0.71
C000017353,0.6379,True,0.71
C000019401,0.6997,True,0.71
C000037299,0.7632,True,0.71
C000007059,0.695,True,0.71
C000020447,0.6022,True,0.71
C000018067,0.4086,False,0.71
C000029832,0.5069,False,0.71
C000033510,0.3093,False,0.71
C000007904,0.4929,False,0.71
C000003001,0.3584,False,0.71
C000024330,0.7188,True,0.71
C000001241,0.4535,False,0.71
C000023841,0.0341,False,0.71
C000032903,0.3867,False,0.71
C000033172,0.6906,True,0.71
C000023939,1.0,True,0.71
C000005035,0.3585,False,0.71
C000011416,0.2669,False,0.71
C000020967,0.2096,False,0.71
C000036885,0.4583,False,0.71
C000007349,0.4662,False,0.71
C000013336,0.4793,False,0.71
C000033111,0.3312,False,0.71
C000039196,0.5765,True,0.71
C000005042,0.2509,False,0.71
C000004083,0.5302,False,0.71
C000036826,0.5116,False,0.71
C000028156,0.5452,False,0.71
C000018999,0.1939,False,0.71
C000003209,0.5855,True,0.71
C000017656,0.2271,False,0.71
C000015394,0.5059,False,0.71
C000008942,0.5586,True,0.71
C000025615,0.4599,False,0.71
C000006452,0.4903,False,0.71
C000031264,0.6962,True,0.71
C000029714,0.7334,True,0.71
C000017418,0.7188,True,0.71
C000005502,0.4241,False,0.71
C000035289,0.5348,False,0.71
C000014550,0.4758,False,0.71
C000003900,0.6334,True,0.71
C000007486,0.4296,False,0.71
C000007619,0.3326,False,0.71
C000029771,0.1152,False,0.71
C000039081,0.195,False,0.71
C000013316,0.7322,True,0.71
C000028107,0.7756,True,0.71
C000016251,0.5443,False,0.71
C000004298,0.2726,False,0.71
C000003944,0.5109,False,0.71
C000037397,0.1131,False,0.71
C000008494,0.6711,True,0.71
C000033515,0.892,True,0.71
C000011971,0.582,True,0.71
C000035796,0.5133,False,0.71
C000005040,0.3341,False,0.71
C000022877,0.4688,False,0.71
C000019315,0.5645,True,0.71
C000020819,0.7455,True,0.71
C000019289,0.8201,True,0.71
C000010304,0.5553,True,0.71
C000024664,0.7393,True,0.71
C000016159,0.4057,False,0.71
C000031711,0.4932,False,0.71
C000026577,0.3242,False,0.71
C000004910,0.1853,False,0.71
C000024322,0.3719,False,0.71
C000004872,0.4237,False,0.71
C000006707,0.2464,False,0.71
C000025569,0.3023,False,0.71
C000012443,0.3629,False,0.71
C000026156,0.6378,True,0.71
C000025124,0.7406,True,0.71
C000035475,0.3599,False,0.71
C000015838,0.8581,True,0.71
C000017875,0.4653,False,0.71
C000023868,0.5684,True,0.71
C000003024,0.7389,True,0.71
C000032150,0.7732,True,0.71
C000003020,0.5559,True,0.71
C000012595,0.3422,False,0.71
C000014026,0.5234,False,0.71
C000011790,0.537,False,0.71
C000023185,0.8483,True,0.71
C000006797,0.551,True,0.71
C000021371,0.5689,True,0.71
C000016756,0.5689,True,0.71
C000030662,0.9422,True,0.71
C000011362,0.104,False,0.71
C000039741,0.6838,True,0.71
C000021580,0.2108,False,0.71
C000027182,0.6313,True,0.71
C000039665,0.4057,False,0.71
C000037788,0.9661,True,0.71
C000014909,0.514,False,0.71
C000032328,0.2231,False,0.71
C000027864,0.4905,False,0.71
C000011637,0.4878,False,0.71
C000031106,0.4639,False,0.71
C000027988,0.3036,False,0.71
C000038981,0.4824,False,0.71
C000004360,0.3737,False,0.71
C000006496,0.5877,True,0.71
C000028632,0.3973,False,0.71
C000032386,0.539,False,0.71
C000007075,0.47,False,0.71
C000025719,0.177,False,0.71
C000010270,0.6422,True,0.71
C000000356,0.2571,False,0.71
C000012174,0.5279,False,0.71
C000029394,0.6921,True,0.71
C000033012,0.8409,True,0.71
C000038816,0.6939,True,0.71
C000021463,0.3219,False,0.71
C000002612,0.5165,False,0.71
C000005681,0.484,False,0.71
C000024626,0.5847,True,0.71
C000014389,0.3023,False,0.71
C000024451,0.6044,True,0.71
C000025816,0.6337,True,0.71
C000037037,0.5791,True,0.71
C000007249,0.318,False,0.71
C000030887,0.4424,False,0.71
C000015784,0.4687,False,0.71
C000010555,0.8503,True,0.71
C000027761,0.1437,False,0.71
C000035493,0.6678,True,0.71
C000003673,0.3608,False,0.71
C000023393,0.6483,True,0.71
C000002956,0.5065,False,0.71
C000036486,0.6771,True,0.71
C000021701,0.043,False,0.71
C000021088,0.2581,False,0.71
C000019346,0.1582,False,0.71
C000008908,0.4139,False,0.71
C000001358,0.6628,True,0.71
C000008255,0.5887,True,0.71
C000038557,0.7731,True,0.71
C000030162,0.6428,True,0.71
C000013904,0.1644,False,0.71
C000031174,0.1128,False,0.71
C000024743,0.0817,False,0.71
C000011825,0.0524,False,0.71
C000038766,0.6742,True,0.71
C000010305,0.5317,False,0.71
C000009255,0.1532,False,0.71
C000020697,0.4611,False,0.71
C000039352,0.5045,False,0.71
C000015991,0.5651,True,0.71
C000000480,0.3115,False,0.71
C000034845,0.4777,False,0.71
C000033273,0.273,False,0.71
C000010520,0.5836,True,0.71
C000009198,0.5727,True,0.71
C000016906,0.3768,False,0.71
C000030077,0.3276,False,0.71
C000014847,0.109,False,0.71
C000015767,0.5684,True,0.71
C000006446,0.7367,True,0.71
C000011879,0.359,False,0.71
C000009931,0.3868,False,0.71
C000020932,0.2868,False,0.71
C000015215,0.4384,False,0.71
C000023561,0.3524,False,0.71
C000005438,0.6384,True,0.71
C000038721,0.3597,False,0.71
C000014669,0.5404,False,0.71
C000031432,0.4183,False,0.71
C000028324,0.3928,False,0.71
C000024128,0.2821,False,0.71
C000007091,0.5439,False,0.71
C000011546,0.444,False,0.71
C000031269,0.5448,False,0.71
C000029520,0.4577,False,0.71
C000018193,0.7267,True,0.71
C000037823,0.403,False,0.71
C000025041,0.3305,False,0.71
C000022888,0.2526,False,0.71
C000033193,0.5406,False,0.71
C000018143,0.5922,True,0.71
C000039400,0.4514,False,0.71
C000007417,0.66,True,0.71
C000016664,0.3424,False,0.71
C000009654,0.4595,False,0.71
C000008903,0.5979,True,0.71
C000021344,0.1936,False,0.71
C000029891,1.0,True,0.71
C000010470,0.4483,False,0.71
C000003884,0.2998,False,0.71
C000016016,0.9354,True,0.71
C000003727,0.4227,False,0.71
C000009803,0.5687,True,0.71
C000017812,0.8768,True,0.71
C000026508,0.5263,False,0.71
C000028454,0.4529,False,0.71
C000027474,0.3145,False,0.71
C000036171,0.6374,True,0.71
C000024594,0.8123,True,0.71
C000010659,0.4496,False,0.71
C000035377,0.3883,False,0.71
C000010288,0.4725,False,0.71
C000008345,0.3532,False,0.71
C000007359,0.3967,False,0.71
C000010724,0.6043,True,0.71
C000011167,0.7398,True,0.71
C000001222,0.4681,False,0.71
C000030216,0.6174,True,0.71
C000023629,0.3803,False,0.71
C000027036,0.5995,True,0.71
C000016727,0.3295,False,0.71
C000028321,0.5818,True,0.71
C000007583,0.4886,False,0.71
C000015775,0.9058,True,0.71
C000021901,0.4867,False,0.71
C000010443,0.3393,False,0.71
C000028145,0.6504,True,0.71
C000006102,0.529,False,0.71
C000025096,0.6952,True,0.71
C000021490,0.3547,False,0.71
C000004104,0.4869,False,0.71
C000011898,0.6809,True,0.71
C000036982,0.3983,False,0.71
C000030398,0.4978,False,0.71
C000010729,0.3105,False,0.71
C000039251,0.2806,False,0.71
C000032765,0.4185,False,0.71
C000001489,0.3282,False,0.71
C000006115,0.6514,True,0.71
C000027421,0.6174,True,0.71
C000017279,0.7372,True,0.71
C000024069,0.2816,False,0.71
C000017105,0.5774,True,0.71
C000010556,0.377,False,0.71
C000005852,0.8121,True,0.71
C000035787,0.675,True,0.71
C000037218,0.1454,False,0.71
C000020002,0.4201,False,0.71
C000004585,0.5132,False,0.71
C000034339,0.6487,True,0.71
C000036840,0.7663,True,0.71
C000037930,0.3106,False,0.71
C000037386,0.5067,False,0.71
C000007588,0.098,False,0.71
C000016743,0.451,False,0.71
C000023850,0.3679,False,0.71
C000013329,0.4823,False,0.71
C000012008,0.592,True,0.71
C000000375,0.7051,True,0.71
C000026582,0.4108,False,0.71
C000026604,1.0,True,0.71
C000012007,0.3551,False,0.71
C000033925,0.39,False,0.71
C000036470,0.156,False,0.71
C000013355,0.595,True,0.71
C000003564,0.5495,False,0.71
C000034552,0.7119,True,0.71
C000017405,0.2877,False,0.71
C000028474,0.7114,True,0.71
C000024190,0.6629,True,0.71
C000001521,0.248,False,0.71
C000007909,0.633,True,0.71
C000021610,0.5527,True,0.71
C000000182,0.6759,True,0.71
C000002359,0.0,False,0.71
C000010240,0.7885,True,0.71
C000010291,0.6473,True,0.71
C000000892,0.2552,False,0.71
C000009876,0.5151,False,0.71
C000021698,0.4354,False,0.71
C000001162,0.5366,False,0.71
C000036427,0.3434,False,0.71
C000020929,0.6939,True,0.71
C000016134,0.4,False,0.71
C000014495,0.451,False,0.71
C000031236,0.4649,False,0.71
C000012499,0.4125,False,0.71
C000020478,0.3645,False,0.71
C000026569,0.8332,True,0.71
C000025725,0.3741,False,0.71
C000001997,0.5295,False,0.71
C000003719,0.4899,False,0.71
C000006218,0.2239,False,0.71
C000028196,0.3924,False,0.71
C000006515,0.5421,False,0.71
C000034380,0.4337,False,0.71
C000016449,0.4777,False,0.71
C000019780,0.271,False,0.71
C000009072,0.5409,False,0.71
C000007222,0.3792,False,0.71
C000014168,0.4341,False,0.71
C000007539,0.6793,True,0.71
C000030291,1.0,True,0.71
C000018820,0.1139,False,0.71
C000005678,0.1432,False,0.71
C000025004,0.5815,True,0.71
C000005322,0.2248,False,0.71
C000008768,0.3323,False,0.71
C000007414,0.2526,False,0.71
C000020207,0.6563,True,0.71
C000038136,0.68,True,0.71
C000038938,0.4361,False,0.71
C000023621,0.3859,False,0.71
C000003861,0.305,False,0.71
C000033473,0.4526,False,0.71
C000000787,0.6287,True,0.71
C000012192,0.7401,True,0.71
C000036685,0.7173,True,0.71
C000012320,0.4542,False,0.71
C000002905,0.3399,False,0.71
C000016303,0.1401,False,0.71
C000026787,0.8684,True,0.71
C000005022,0.552,True,0.71
C000002471,0.5494,False,0.71
C000006295,0.2832,False,0.71
C000013653,0.4521,False,0.71
C000025630,0.8073,True,0.71
C000029236,0.078,False,0.71
C000028464,0.2161,False,0.71
C000005401,0.8786,True,0.71
C000035549,0.1364,False,0.71
C000038921,0.419,False,0.71
C000011788,0.5756,True,0.71
C000005049,0.2752,False,0.71
C000039477,0.3823,False,0.71
C000023731,0.4327,False,0.71
C000036183,0.6731,True,0.71
C000032363,0.6925,True,0.71
C000006241,0.3173,False,0.71
C000036821,0.3157,False,0.71
C000010617,0.518,False,0.71
C000021394,0.3583,False,0.71
C000031002,0.5531,True,0.71
C000034264,0.2061,False,0.71
C000033392,0.3192,False,0.71
C000020963,0.3928,False,0.71
C000020491,0.7328,True,0.71
C000032210,0.8031,True,0.71
C000021274,0.7467,True,0.71
C000030992,0.5904,True,0.71
C000022182,0.7823,True,0.71
C000006506,0.4746,False,0.71
C000018636,0.5496,False,0.71
C000026204,0.3866,False,0.71
C000038087,0.3129,False,0.71
C000007057,0.4705,False,0.71
C000021331,0.3518,False,0.71
C000032285,0.3878,False,0.71
C000032918,0.68,True,0.71
C000035117,0.1912,False,0.71
C000035325,0.5672,True,0.71
C000024138,0.4397,False,0.71
C000015827,0.3404,False,0.71
C000001391,0.5258,False,0.71
C000019980,0.3717,False,0.71
C000011831,0.6841,True,0.71
C000019965,0.7147,True,0.71
C000033093,0.3848,False,0.71
C000024134,0.5657,True,0.71
C000039836,0.5198,False,0.71
C000015329,0.1383,False,0.71
C000009366,0.5302,False,0.71
C000005505,0.5995,True,0.71
C000036842,0.4405,False,0.71
C000029603,0.3411,False,0.71
C000024273,0.6752,True,0.71
C000037761,0.249,False,0.71
C000028520,0.793,True,0.71
C000037217,0.3965,False,0.71
C000003050,0.414,False,0.71
C000028215,0.3795,False,0.71
C000028371,0.7929,True,0.71
C000014974,0.6799,True,0.71
C000010809,0.5924,True,0.71
C000022540,0.335,False,0.71
C000037935,0.6517,True,0.71
C000010788,0.2731,False,0.71
C000012191,0.3135,False,0.71
C000027261,0.4595,False,0.71
C000014808,0.5754,True,0.71
C000036792,0.6047,True,0.71
C000030939,0.6818,True,0.71
C000019531,0.5186,False,0.71
C000036606,0.3461,False,0.71
C000033402,0.2736,False,0.71
C000000112,0.4315,False,0.71
C000019898,0.7571,True,0.71
C000012315,0.4555,False,0.71
C000006323,0.256,False,0.71
C000032425,0.4076,False,0.71
C000022596,0.5892,True,0.71
C000005631,0.4704,False,0.71
C000030411,0.8742,True,0.71
C000033732,0.5236,False,0.71
C000020642,0.5128,False,0.71
C000031925,0.4315,False,0.71
C000039378,0.3761,False,0.71
C000030455,0.2003,False,0.71
C000005330,0.6564,True,0.71
C000008521,0.3479,False,0.71
C000026076,0.6844,True,0.71
C000036728,0.5291,False,0.71
C000018459,0.4776,False,0.71
C000026985,0.5225,False,0.71
C000000959,0.5117,False,0.71
C000032320,0.4784,False,0.71
C000020831,0.7552,True,0.71
C000003524,0.2336,False,0.71
C000024623,0.5834,True,0.71
C000008998,0.7068,True,0.71
C000034443,0.4976,False,0.71
C000020897,0.3767,False,0.71
C000018916,0.4516,False,0.71
C000034539,0.4482,False,0.71
C000015681,0.5552,True,0.71
C000039852,0.7398,True,0.71
C000013437,0.3004,False,0.71
C000038064,0.2346,False,0.71
C000025214,0.5743,True,0.71
C000028854,0.8979,True,0.71
C000024635,0.6073,True,0.71
C000016853,0.263,False,0.71
C000023031,0.5766,True,0.71
C000024949,0.765,True,0.71
C000031288,0.1969,False,0.71
C000022032,0.4664,False,0.71
C000010419,0.0674,False,0.71
C000015816,0.4333,False,0.71
C000029045,0.7186,True,0.71
C000002151,0.6678,True,0.71
C000036403,0.583,True,0.71
C000030601,0.5014,False,0.71
C000008711,0.338,False,0.71
C000012476,1.0,True,0.71
C000024210,0.7368,True,0.71
C000038351,0.7457,True,0.71
C000000440,0.2907,False,0.71
C000027085,0.4477,False,0.71
C000018093,0.7978,True,0.71
C000011004,0.6287,True,0.71
C000034175,0.7628,True,0.71
C000020127,0.9871,True,0.71
C000028912,0.605,True,0.71
C000017503,0.5902,True,0.71
C000033689,0.6482,True,0.71
C000014874,0.3861,False,0.71
C000007749,0.2852,False,0.71
C000036739,0.3363,False,0.71
C000001549,0.6602,True,0.71
C000018736,0.6972,True,0.71
C000009915,0.381,False,0.71
C000006877,0.5107,False,0.71
C000009263,0.5502,True,0.71
C000012864,0.5574,True,0.71
C000009354,0.4177,False,0.71
C000017301,0.5641,True,0.71
C000029412,0.256,False,0.71
C000018579,0.7106,True,0.71
C000018468,0.6384,True,0.71
C000037989,0.3628,False,0.71
C000035646,0.4339,False,0.71
C000039898,0.6008,True,0.71
C000024229,0.6204,True,0.71
C000025387,0.2952,False,0.71
C000036230,0.5838,True,0.71
C000007969,0.7279,True,0.71
C000029928,0.2395,False,0.71
C000010311,0.4245,False,0.71
C000028748,0.9698,True,0.71
C000035099,0.4417,False,0.71
C000013138,0.2405,False,0.71
C000009728,0.1713,False,0.71
C000006667,0.5952,True,0.71
C000020753,0.4245,False,0.71
C000009429,0.6818,True,0.71
C000010743,0.7126,True,0.71
C000003582,0.4482,False,0.71
C000015109,0.0,False,0.71
C000005769,0.3219,False,0.71
C000036115,0.484,False,0.71
C000030034,0.5546,True,0.71
C000017740,0.391,False,0.71
C000025605,0.4011,False,0.71
C000003364,0.6636,True,0.71
C000038763,0.7305,True,0.71
C000038357,0.7917,True,0.71
C000007785,0.5673,True,0.71
C000029271,0.5286,False,0.71
C000010525,0.236,False,0.71
C000015801,0.4487,False,0.71
C000027973,0.7894,True,0.71
C000026285,0.3969,False,0.71
C000022382,0.5754,True,0.71
C000038454,0.1862,False,0.71
C000017124,0.7821,True,0.71
C000034685,0.8036,True,0.71
C000030026,0.4986,False,0.71
C000029125,0.593,True,0.71
C000017703,0.3644,False,0.71
C000022575,0.4811,False,0.71
C000038701,0.351,False,0.71
C000026098,0.4368,False,0.71
C000013226,0.6109,True,0.71
C000036460,0.7691,True,0.71
C000010722,0.467,False,0.71
C000011526,0.7732,True,0.71
C000032473,0.4182,False,0.71
C000022584,0.5768,True,0.71
C000021506,0.263,False,0.71
C000025072,0.4088,False,0.71
C000028589,0.6167,True,0.71
C000034008,0.4374,False,0.71
C000025208,0.5007,False,0.71
C000025553,0.5197,False,0.71
C000025900,0.7245,True,0.71
C000008820,0.7511,True,0.71
C000001805,0.4696,False,0.71
C000017633,0.3791,False,0.71
C000012300,0.8324,True,0.71
C000018396,0.594,True,0.71
C000010864,0.2425,False,0.71
C000023471,0.2864,False,0.71
C000029159,0.5858,True,0.71
C000004698,0.3754,False,0.71
C000031197,0.4811,False,0.71
C000003190,0.4294,False,0.71
C000039865,0.5084,False,0.71
C000018458,0.7253,True,0.71
C000016937,1.0,True,0.71
C000017553,0.4316,False,0.71
C000038256,0.2734,False,0.71
C000002394,0.3838,False,0.71
C000030770,0.3128,False,0.71
C000039525,0.8485,True,0.71
C000014109,0.6008,True,0.71
C000033739,0.5985,True,0.71
C000000135,0.6094,True,0.71
C000005390,0.0,False,0.71
C000035851,0.5673,True,0.71
C000008344,0.4414,False,0.71
C000010365,0.318,False,0.71
C000019131,0.7389,True,0.71
C000018531,0.6145,True,0.71
C000035937,0.5546,True,0.71
C000035540,0.3866,False,0.71
C000033572,0.0,False,0.71
C000018625,0.6997,True,0.71
C000011613,0.3353,False,0.71
C000004444,0.5459,False,0.71
C000004512,0.2998,False,0.71
C000027171,0.5561,True,0.71
C000009603,0.5647,True,0.71
C000010202,0.4512,False,0.71
C000006161,0.6404,True,0.71
C000027223,0.536,False,0.71
C000029961,0.4387,False,0.71
C000005902,0.6358,True,0.71
C000038215,0.3499,False,0.71
C000007613,0.6958,True,0.71
C000006172,0.202,False,0.71
C000010797,0.2433,False,0.71
C000024899,0.7967,True,0.71
C000029522,0.3421,False,0.71
C000017307,0.7614,True,0.71
C000031805,0.7768,True,0.71
C000008576,0.7586,True,0.71
C000036562,0.2619,False,0.71
C000011671,0.6992,True,0.71
C000022114,0.6119,True,0.71
C000025410,0.6717,True,0.71
C000020422,0.4125,False,0.71
C000015051,0.1127,False,0.71
C000004536,0.0316,False,0.71
C000018449,0.4151,False,0.71
C000023409,0.5713,True,0.71
C000028234,0.4649,False,0.71
C000021264,0.5735,True,0.71
C000020725,0.2175,False,0.71
C000033222,0.3753,False,0.71
C000019921,0.5756,True,0.71
C000037392,0.2449,False,0.71
C000009509,0.1553,False,0.71
C000016827,0.2947,False,0.71
C000027713,0.7038,True,0.71
C000033484,0.5355,False,0.71
C000028206,0.4749,False,0.71
C000017665,0.5804,True,0.71
C000031740,0.2996,False,0.71
C000016243,0.2172,False,0.71
C000031431,0.5616,True,0.71
C000013562,0.7923,True,0.71
C000029536,0.6722,True,0.71
C000006177,0.8603,True,0.71
C000004782,0.1896,False,0.71
C000019704,0.4581,False,0.71
C000026023,0.4878,False,0.71
C000021105,0.8133,True,0.71
C000033678,0.6631,True,0.71
C000010963,0.5954,True,0.71
C000034300,0.7209,True,0.71
C000032654,0.2632,False,0.71
C000015487,0.6281,True,0.71
C000013514,0.575,True,0.71
C000016965,0.3565,False,0.71
C000012596,0.5306,False,0.71
C000037941,0.5335,False,0.71
C000003504,0.9094,True,0.71
C000034093,0.569,True,0.71
C000010183,0.6193,True,0.71
C000013624,0.7946,True,0.71
C000030187,0.4462,False,0.71
C000017345,0.7193,True,0.71
C000020388,0.4192,False,0.71
C000004784,0.3338,False,0.71
C000022122,0.3914,False,0.71
C000032246,0.333,False,0.71
C000014039,0.6997,True,0.71
C000024965,0.4628,False,0.71
C000019841,0.552,True,0.71
C000012430,0.4173,False,0.71
C000023777,0.5036,False,0.71
C000021453,0.5103,False,0.71
C000023522,0.3763,False,0.71
C000017529,0.6295,True,0.71
C000019922,0.1363,False,0.71
C000019507,0.7471,True,0.71
C000025110,0.9543,True,0.71
C000018487,0.6215,True,0.71
C000012554,0.3694,False,0.71
C000014515,0.7313,True,0.71
C000013706,0.452,False,0.71
C000027692,0.3492,False,0.71
C000013290,0.3679,False,0.71
C000020075,0.3877,False,0.71
C000005596,0.6824,True,0.71
C000019078,0.264,False,0.71
C000011484,0.615,True,0.71
C000016817,0.8741,True,0.71
C000015327,0.5158,False,0.71
C000030043,0.4388,False,0.71
C000015039,0.4416,False,0.71
C000016800,0.4879,False,0.71
C000029380,0.3163,False,0.71
C000021992,0.6988,True,0.71
C000008832,0.8543,True,0.71
C000039277,0.4936,False,0.71
C000032898,0.5564,True,0.71
C000012848,0.4388,False,0.71
C000000615,0.6051,True,0.71
C000028225,0.6951,True,0.71
C000034939,0.5424,False,0.71
C000010175,0.7321,True,0.71
C000017356,0.1275,False,0.71
C000006365,0.3791,False,0.71
C000010210,0.4222,False,0.71
C000033310,0.4023,False,0.71
C000037836,0.7629,True,0.71
C000030744,0.9193,True,0.71
C000028065,0.6904,True,0.71
C000038323,0.2577,False,0.71
C000011910,0.4184,False,0.71
C000038635,0.6806,True,0.71
C000031130,0.158,False,0.71
C000025753,0.4772,False,0.71
C000007412,0.8645,True,0.71
C000027210,0.4561,False,0.71
C000017370,0.3936,False,0.71
C000038223,0.7413,True,0.71
C000014094,0.7006,True,0.71
C000034929,0.6745,True,0.71
C000034894,0.4075,False,0.71
C000013663,0.4214,False,0.71
C000015794,0.3537,False,0.71
C000018695,0.4242,False,0.71
C000035832,0.579,True,0.71
C000017309,0.3934,False,0.71
C000032438,0.6237,True,0.71
C000014707,0.3751,False,0.71
C000024947,0.3797,False,0.71
C000005027,0.7505,True,0.71
C000026220,0.4424,False,0.71
C000028943,0.4537,False,0.71
C000038452,0.4117,False,0.71
C000012114,0.1339,False,0.71
C000003483,0.5191,False,0.71
C000008107,0.6615,True,0.71
C000024937,0.3805,False,0.71
C000005815,0.23,False,0.71
C000037743,0.7296,True,0.71
C000001566,0.6056,True,0.71
C000032928,0.2876,False,0.71
C000007273,0.5688,True,0.71
C000008941,0.633,True,0.71
C000033286,0.6313,True,0.71
C000010852,1.0,True,0.71
C000005987,0.2433,False,0.71
C000002061,0.2583,False,0.71
C000039729,0.1751,False,0.71
C000025477,0.3767,False,0.71
C000035970,0.5863,True,0.71
C000002526,0.4878,False,0.71
C000020774,0.3652,False,0.71
C000022857,0.8122,True,0.71
C000030803,0.3666,False,0.71
C000012168,0.527,False,0.71
C000017942,0.829,True,0.71
C000010806,0.8643,True,0.71
C000003672,0.7287,True,0.71
C000001285,0.2409,False,0.71
C000014037,0.687,True,0.71
C000032871,0.1106,False,0.71
C000025061,0.5519,True,0.71
C000006589,0.4987,False,0.71
C000007313,0.2851,False,0.71
C000003805,0.2168,False,0.71
C000037313,0.2647,False,0.71
C000012107,0.5082,False,0.71
C000005066,0.2851,False,0.71
C000012804,0.7061,True,0.71
C000002808,0.7563,True,0.71
C000034712,0.6342,True,0.71
C000012068,0.1275,False,0.71
C000022514,0.5641,True,0.71
C000017327,0.4531,False,0.71
C000010830,0.458,False,0.71
C000026000,0.3677,False,0.71
C000014078,0.4043,False,0.71
C000023813,0.3104,False,0.71
C000009983,0.5665,True,0.71
C000029407,0.6905,True,0.71
C000013255,0.4539,False,0.71
C000007788,0.6423,True,0.71
C000031361,0.3699,False,0.71
C000018594,0.5626,True,0.71
C000003901,0.7105,True,0.71
C000030908,0.459,False,0.71
C000017544,0.7133,True,0.71
C000031802,0.5251,False,0.71
C000006448,0.2567,False,0.71
C000023089,0.6293,True,0.71
C000028042,0.1669,False,0.71
C000033717,0.2722,False,0.71
C000001588,0.5816,True,0.71
C000032875,0.7667,True,0.71
C000030328,0.4832,False,0.71
C000000895,0.4501,False,0.71
C000034651,0.5171,False,0.71
C000026922,0.4407,False,0.71
C000025815,0.4884,False,0.71
C000036802,0.8235,True,0.71
C000005670,0.5078,False,0.71
C000022065,0.5774,True,0.71
C000019872,0.504,False,0.71
C000015870,0.8421,True,0.71
C000021162,0.7131,True,0.71
C000039678,0.5926,True,0.71
C000000804,0.212,False,0.71
C000006834,0.449,False,0.71
C000029369,0.4926,False,0.71
C000025200,0.6182,True,0.71
C000004685,0.3148,False,0.71
C000025999,0.4713,False,0.71
C000033635,0.4851,False,0.71
C000006411,0.7341,True,0.71
C000008597,0.5582,True,0.71
C000004291,0.6556,True,0.71
C000026965,0.4977,False,0.71
C000036950,0.6667,True,0.71
C000011993,0.4865,False,0.71
C000029549,0.599,True,0.71
C000033577,0.8632,True,0.71
C000027272,0.4743,False,0.71
C000024026,0.598,True,0.71
C000028035,0.3926,False,0.71
C000012187,0.1602,False,0.71
C000004697,0.1732,False,0.71
C000035812,0.4561,False,0.71
C000039319,0.4238,False,0.71
C000007980,0.6069,True,0.71
C000009327,0.5221,False,0.71
C000002884,0.8031,True,0.71
C000000249,0.7504,True,0.71
C000007161,0.5397,False,0.71
C000015163,0.4677,False,0.71
C000006770,0.5004,False,0.71
C000000838,0.7097,True,0.71
C000012678,0.4516,False,0.71
C000018121,0.2547,False,0.71
C000020577,0.3611,False,0.71
C000010648,0.5061,False,0.71
C000001804,0.5296,False,0.71
C000016829,0.5866,True,0.71
C000036294,0.3943,False,0.71
C000037590,0.2386,False,0.71
C000005086,0.3259,False,0.71
C000026906,0.45,False,0.71
C000009069,0.7491,True,0.71
C000021495,0.7297,True,0.71
C000035301,0.8449,True,0.71
C000023114,0.6005,True,0.71
C000029798,0.4725,False,0.71
C000030576,0.8217,True,0.71
C000022573,0.7385,True,0.71
C000003778,0.3863,False,0.71
C000011872,0.5425,False,0.71
C000037524,0.3661,False,0.71
C000017187,0.7029,True,0.71
C000020810,0.6818,True,0.71
C000003674,0.4796,False,0.71
C000000017,0.3197,False,0.71
C000032061,0.2955,False,0.71
C000033135,0.5839,True,0.71
C000008292,0.7129,True,0.71
C000024953,0.4901,False,0.71
C000013268,0.0398,False,0.71
C000015704,0.3753,False,0.71
C000010340,0.6821,True,0.71
C000030223,0.3937,False,0.71
C000008410,0.2623,False,0.71
C000001086,0.0505,False,0.71
C000003175,0.6154,True,0.71
C000023277,0.2629,False,0.71
C000014523,0.2246,False,0.71
C000031056,0.2283,False,0.71
C000030046,0.1681,False,0.71
C000033460,0.4816,False,0.71
C000015059,0.6599,True,0.71
C000012139,0.3847,False,0.71
C000010760,0.4944,False,0.71
C000031014,0.4225,False,0.71
C000003156,0.3172,False,0.71
C000006691,0.3774,False,0.71
C000039953,0.3621,False,0.71
C000004689,0.094,False,0.71
C000016351,0.2243,False,0.71
C000011015,0.8104,True,0.71
C000035379,0.3425,False,0.71
C000025153,0.4623,False,0.71
C000032133,0.689,True,0.71
C000017651,0.3663,False,0.71
C000004424,0.5548,True,0.71
C000024059,0.4124,False,0.71
C000005237,0.17,False,0.71
C000018815,0.4093,False,0.71
C000014666,0.7415,True,0.71
C000036157,0.1711,False,0.71
C000006008,0.4466,False,0.71
C000035480,0.6639,True,0.71
C000039856,0.1826,False,0.71
C000010211,0.2604,False,0.71
C000004261,0.8237,True,0.71
C000004006,0.3242,False,0.71
C000035916,0.6997,True,0.71
C000031211,0.5377,False,0.71
C000002529,0.5362,False,0.71
C000036622,0.6493,True,0.71
C000018979,0.5982,True,0.71
C000035956,0.1625,False,0.71
C000005172,0.2733,False,0.71
C000006319,0.5752,True,0.71
C000016646,0.3467,False,0.71
C000005044,0.1494,False,0.71
C000010718,0.5806,True,0.71
C000019852,0.4737,False,0.71
C000002430,0.442,False,0.71
C000037500,0.4441,False,0.71
C000030703,0.3455,False,0.71
C000002110,0.1537,False,0.71
C000014546,0.4183,False,0.71
C000028207,0.1503,False,0.71
C000012660,0.5408,False,0.71
C000024263,0.2161,False,0.71
C000008163,0.5693,True,0.71
C000009249,0.5661,True,0.71
C000009513,0.6127,True,0.71
C000018902,0.4102,False,0.71
C000022277,0.5785,True,0.71
C000004491,0.443,False,0.71
C000038525,0.7764,True,0.71
C000037062,0.5462,False,0.71
C000026033,0.4417,False,0.71
C000019906,0.465,False,0.71
C000033257,0.4953,False,0.71
C000037226,0.355,False,0.71
C000022920,0.2152,False,0.71
C000039823,0.5953,True,0.71
C000008287,0.1462,False,0.71
C000021586,0.56,True,0.71
C000036681,0.5854,True,0.71
C000036405,0.4612,False,0.71
C000018444,0.5169,False,0.71
C000033910,0.9475,True,0.71
C000020319,0.54,False,0.71
C000033749,0.6066,True,0.71
C000029489,0.9454,True,0.71
C000029329,0.5764,True,0.71
C000009962,0.5165,False,0.71
C000029952,0.6701,True,0.71
C000038007,0.2875,False,0.71
C000008547,0.558,True,0.71
C000031530,0.8118,True,0.71
C000029785,0.3395,False,0.71
C000033261,0.5606,True,0.71
C000019328,0.5106,False,0.71
C000028814,0.4611,False,0.71
C000010248,0.3651,False,0.71
C000017574,0.2821,False,0.71
C000013564,0.4342,False,0.71
C000021920,0.3522,False,0.71
C000038656,0.7636,True,0.71
C000029389,0.5768,True,0.71
C000037022,0.8024,True,0.71
C000021977,0.6666,True,0.71
C000003749,0.736,True,0.71
C000018710,0.3672,False,0.71
C000027311,0.6109,True,0.71
C000021346,0.4987,False,0.71
C000030558,0.445,False,0.71
C000015527,0.4475,False,0.71
C000023402,0.7199,True,0.71
C000025436,0.1682,False,0.71
C000013801,0.7094,True,0.71
C000017786,0.4592,False,0.71
C000033780,0.4075,False,0.71
C000020085,0.3424,False,0.71
C000002654,0.1908,False,0.71
C000029378,0.4719,False,0.71
C000028507,0.5032,False,0.71
C000022980,0.2767,False,0.71
C000020041,0.5842,True,0.71
C000023008,0.6408,True,0.71
C000038795,0.6056,True,0.71
C000024745,0.4729,False,0.71
C000035740,0.284,False,0.71
C000031122,0.2854,False,0.71
C000029462,0.4302,False,0.71
C000014619,0.6264,True,0.71
C000039143,0.3954,False,0.71
C000035367,0.421,False,0.71
C000036667,0.5656,True,0.71
C000034347,0.4282,False,0.71
C000013501,0.4392,False,0.71
C000014315,0.9501,True,0.71
C000009455,0.5037,False,0.71
C000007336,0.1095,False,0.71
C000016048,0.1867,False,0.71
C000011570,0.5385,False,0.71
C000020354,0.5251,False,0.71
C000035507,0.4992,False,0.71
C000003109,0.4481,False,0.71
C000010861,0.9863,True,0.71
C000032794,0.5086,False,0.71
C000020069,0.3139,False,0.71
C000029778,0.7009,True,0.71
C000002542,0.5229,False,0.71
C000035957,0.3752,False,0.71
C000035024,0.8562,True,0.71
C000006916,0.7162,True,0.71
C000026583,0.8999,True,0.71
C000001031,0.611,True,0.71
C000029932,0.8114,True,0.71
C000038412,0.8485,True,0.71
C000019881,0.6555,True,0.71
C000012752,1.0,True,0.71
C000030621,0.6386,True,0.71
C000030236,0.3977,False,0.71
C000009090,0.8788,True,0.71
C000019813,0.4679,False,0.71
C000018172,0.5861,True,0.71
C000003978,0.6228,True,0.71
C000036852,0.5038,False,0.71
C000030389,0.5317,False,0.71
C000035165,0.4752,False,0.71
C000003383,0.2528,False,0.71
C000011209,0.3103,False,0.71
C000010133,0.421,False,0.71
C000002972,0.4464,False,0.71
C000033250,0.7284,True,0.71
C000029176,0.3701,False,0.71
C000034915,0.3827,False,0.71
C000017504,0.5988,True,0.71
C000034316,0.4477,False,0.71
C000029297,0.604,True,0.71
C000030923,0.652,True,0.71
C000021713,0.5355,False,0.71
C000027148,0.3915,False,0.71
C000003525,0.6117,True,0.71
C000009742,0.1382,False,0.71
C000010638,0.3353,False,0.71
C000034166,0.6032,True,0.71
C000038203,0.2326,False,0.71
C000007244,0.4909,False,0.71
C000019758,0.857,True,0.71
C000004887,0.3111,False,0.71
C000002824,0.566,True,0.71
C000030144,0.7137,True,0.71
C000024926,0.7169,True,0.71
C000033526,0.3139,False,0.71
C000030013,0.3148,False,0.71
C000018420,0.5449,False,0.71
C000016166,0.7671,True,0.71
C000022210,0.481,False,0.71
C000007132,0.8722,True,0.71
C000034383,0.6639,True,0.71
C000035934,0.4773,False,0.71
C000019950,0.7153,True,0.71
C000016364,0.4984,False,0.71
C000023134,0.4301,False,0.71
C000002249,0.5573,True,0.71
C000025714,0.0133,False,0.71
C000002830,0.4942,False,0.71
C000020473,0.6223,True,0.71
C000020420,0.0686,False,0.71
C000025486,0.4038,False,0.71
C000039655,0.3358,False,0.71
C000018496,0.6026,True,0.71
C000034369,0.3682,False,0.71
C000032617,0.4546,False,0.71
C000022625,0.5732,True,0.71
C000031935,0.8807,True,0.71
C000001993,0.2895,False,0.71
C000017618,0.5654,True,0.71
C000026573,0.8099,True,0.71
C000016702,0.6609,True,0.71
C000019905,0.3137,False,0.71
C000022718,0.7154,True,0.71
C000012775,0.5124,False,0.71
C000025396,0.311,False,0.71
C000024804,0.4947,False,0.71
C000023889,0.415,False,0.71
C000028322,0.3632,False,0.71
C000039641,0.4834,False,0.71
C000032035,0.3812,False,0.71
C000019670,0.465,False,0.71
C000020505,0.123,False,0.71
C000015169,0.4858,False,0.71
C000000581,0.3227,False,0.71
C000010756,0.1604,False,0.71
C000031232,0.2232,False,0.71
C000009550,0.0884,False,0.71
C000004849,0.3963,False,0.71
C000019543,0.3158,False,0.71
C000014047,0.7381,True,0.71
C000014499,0.4083,False,0.71
C000011226,0.6901,True,0.71
C000019729,0.7198,True,0.71
C000030808,0.7333,True,0.71
C000009934,0.4352,False,0.71
C000034126,0.4598,False,0.71
C000038625,0.7428,True,0.71
C000015476,0.8109,True,0.71
C000001912,0.4667,False,0.71
C000005114,0.988,True,0.71
C000008875,0.5326,False,0.71
C000014842,0.7256,True,0.71
C000013554,0.6257,True,0.71
C000012438,0.4349,False,0.71
C000028806,0.5928,True,0.71
C000033077,0.3056,False,0.71
C000020834,0.1158,False,0.71
C000025796,0.4058,False,0.71
C000017359,0.147,False,0.71
C000018990,0.8907,True,0.71
C000007123,0.689,True,0.71
C000026190,0.6149,True,0.71
C000035784,0.7099,True,0.71
C000026309,0.5661,True,0.71
C000035326,0.4709,False,0.71
C000034307,0.31,False,0.71
C000014964,0.6741,True,0.71
C000005726,0.6373,True,0.71
C000002073,0.5827,True,0.71
C000014299,0.3824,False,0.71
C000036418,0.485,False,0.71
C000034713,0.5327,False,0.71
C000008529,0.1362,False,0.71
C000008952,0.7426,True,0.71
C000014756,0.2248,False,0.71
C000023006,0.2068,False,0.71
C000021404,0.7467,True,0.71
C000017260,0.3874,False,0.71
C000007927,0.241,False,0.71
C000019475,0.4071,False,0.71
C000039523,0.5702,True,0.71
C000024141,0.6383,True,0.71
C000031113,0.3905,False,0.71
C000006873,0.5014,False,0.71
C000025984,0.5226,False,0.71
C000001922,0.6541,True,0.71
C000025241,0.1087,False,0.71
C000007797,0.4125,False,0.71
C000025964,0.5455,False,0.71
C000033146,0.4787,False,0.71
C000000695,0.5246,False,0.71
C000015860,0.2439,False,0.71
C000034637,0.2391,False,0.71
C000033743,0.3021,False,0.71
C000000119,0.4872,False,0.71
C000032603,0.7708,True,0.71
C000009673,0.6566,True,0.71
C000017302,0.34,False,0.71
C000015537,0.2009,False,0.71
C000007688,0.7215,True,0.71
C000034322,0.7124,True,0.71
C000036813,0.478,False,0.71
C000008181,0.432,False,0.71
C000019359,0.4855,False,0.71
C000015338,0.5273,False,0.71
C000039141,0.9908,True,0.71
C000036879,0.8654,True,0.71
C000031258,0.719,True,0.71
C000029317,0.6213,True,0.71
C000016967,0.6807,True,0.71
C000029259,0.5352,False,0.71
C000007150,0.4301,False,0.71
C000022174,0.2035,False,0.71
C000017081,0.5791,True,0.71
C000016746,0.5056,False,0.71
C000018446,0.4061,False,0.71
C000006277,0.0493,False,0.71
C000010410,0.5299,False,0.71
C000017034,0.4984,False,0.71
C000032737,0.5336,False,0.71
C000038793,0.2756,False,0.71
C000022744,0.3012,False,0.71
C000029186,0.7315,True,0.71
C000010546,0.2134,False,0.71
C000024028,0.8038,True,0.71
C000008148,0.5406,False,0.71
C000038360,0.7479,True,0.71
C000036849,0.6218,True,0.71
C000033447,0.7438,True,0.71
C000005159,0.342,False,0.71
C000035488,0.3592,False,0.71
C000003295,0.4217,False,0.71
C000014074,0.4725,False,0.71
C000010744,0.6786,True,0.71
C000003141,0.539,False,0.71
C000005326,0.8465,True,0.71
C000016627,0.6401,True,0.71
C000028681,0.5373,False,0.71
C000001536,0.4987,False,0.71
C000026475,0.4811,False,0.71
C000009521,0.7475,True,0.71
C000006661,0.2439,False,0.71
C000004099,0.2279,False,0.71
C000028701,0.749,True,0.71
C000034409,0.4715,False,0.71
C000029619,0.2416,False,0.71
C000029707,0.7445,True,0.71
C000020050,0.2575,False,0.71
C000037558,0.5604,True,0.71
C000034238,0.5764,True,0.71
C000035060,0.2869,False,0.71
C000023251,0.7477,True,0.71
C000028888,0.6107,True,0.71
C000004266,0.143,False,0.71
C000034678,0.2198,False,0.71
C000006060,0.2131,False,0.71
C000023164,0.6173,True,0.71
C000035349,0.7279,True,0.71
C000031833,0.4224,False,0.71
C000000088,0.2478,False,0.71
C000030294,0.6188,True,0.71
C000014459,0.5088,False,0.71
C000031457,0.2995,False,0.71
C000029728,0.7817,True,0.71
C000015095,0.3754,False,0.71
C000018779,0.5846,True,0.71
C000020118,0.7459,True,0.71
C000006488,0.3281,False,0.71
C000031996,0.7391,True,0.71
C000011805,0.5396,False,0.71
C000010102,0.2564,False,0.71
C000019896,0.1524,False,0.71
C000009980,0.5236,False,0.71
C000005271,0.3581,False,0.71
C000003135,0.6333,True,0.71
C000025428,0.0,False,0.71
C000031202,0.6306,True,0.71
C000012732,0.5513,True,0.71
C000023460,0.2412,False,0.71
C000022178,0.8355,True,0.71
C000023838,0.8874,True,0.71
C000010079,0.4675,False,0.71
C000013989,0.6308,True,0.71
C000016833,0.6487,True,0.71
C000030074,0.6674,True,0.71
C000013749,0.2662,False,0.71
C000009064,0.5673,True,0.71
C000002954,0.2258,False,0.71
C000005064,0.8843,True,0.71
C000012263,0.5193,False,0.71
C000011616,0.0251,False,0.71
C000005295,0.2891,False,0.71
C000028620,0.1998,False,0.71
C000017743,0.7002,True,0.71
C000009805,0.2462,False,0.71
C000026981,0.2145,False,0.71
C000023758,0.4879,False,0.71
C000038581,0.6172,True,0.71
C000006602,0.2637,False,0.71
C000017246,0.4286,False,0.71
C000018020,0.4287,False,0.71
C000003679,0.634,True,0.71
C000007526,0.2616,False,0.71
C000031834,0.4584,False,0.71
C000015299,0.5471,False,0.71
C000023759,0.7285,True,0.71
C000014700,0.3831,False,0.71
C000019712,0.3606,False,0.71
C000025489,0.141,False,0.71
C000017971,0.6714,True,0.71
C000037276,0.5243,False,0.71
C000016533,0.7572,True,0.71
C000021844,0.3303,False,0.71
C000007382,0.6645,True,0.71
C000002369,0.9066,True,0.71
C000020157,1.0,True,0.71
C000017103,0.4207,False,0.71
C000019620,0.3858,False,0.71
C000000013,0.7408,True,0.71
C000027224,0.5316,False,0.71
C000010966,0.7195,True,0.71
C000035037,0.5735,True,0.71
C000006175,0.8148,True,0.71
C000005845,0.4085,False,0.71
C000036354,0.4847,False,0.71
C000023802,0.1299,False,0.71
C000012046,0.5782,True,0.71
C000023601,0.7371,True,0.71
C000007929,0.3628,False,0.71
C000001055,0.5567,True,0.71
C000022457,0.2786,False,0.71
C000024513,0.6566,True,0.71
C000031525,0.0818,False,0.71
C000029827,0.3537,False,0.71
C000026121,0.5999,True,0.71
C000025238,0.3661,False,0.71
C000009374,0.8227,True,0.71
C000026249,0.4779,False,0.71
C000004410,0.0854,False,0.71
C000018309,0.2869,False,0.71
C000026558,0.7627,True,0.71
C000012166,0.4299,False,0.71
C000021840,0.6811,True,0.71
C000017913,0.6213,True,0.71
C000006114,0.3704,False,0.71
C000029634,0.8487,True,0.71
C000000488,0.6324,True,0.71
C000018142,0.5882,True,0.71
C000019544,0.2371,False,0.71
C000003645,0.3209,False,0.71
C000017427,0.2016,False,0.71
C000031709,0.4921,False,0.71
C000005518,0.7288,True,0.71
C000021483,0.2039,False,0.71
C000015268,0.6558,True,0.71
C000003389,0.4603,False,0.71
C000026163,0.4855,False,0.71
C000017984,0.5688,True,0.71
C000012270,0.6231,True,0.71
C000024499,0.711,True,0.71
C000001575,0.7842,True,0.71
C000010612,0.4038,False,0.71
C000037992,0.394,False,0.71
C000037598,0.3626,False,0.71
C000037007,0.297,False,0.71
C000012533,0.8365,True,0.71
C000022582,0.5098,False,0.71
C000010625,0.433,False,0.71
C000017856,0.4451,False,0.71
C000014306,0.1492,False,0.71
C000019597,0.4809,False,0.71
C000025601,0.2464,False,0.71
C000030567,0.2285,False,0.71
C000033383,0.6627,True,0.71
C000007884,0.5591,True,0.71
C000009549,0.4507,False,0.71
C000000598,0.6044,True,0.71
C000027675,0.4076,False,0.71
C000016968,0.6461,True,0.71
C000021159,0.5921,True,0.71
C000033903,0.3878,False,0.71
C000017192,0.7426,True,0.71
C000010708,0.4692,False,0.71
C000003815,0.0104,False,0.71
C000013071,0.2114,False,0.71
C000016824,0.5291,False,0.71
C000017816,0.4187,False,0.71
C000008534,0.5314,False,0.71
C000029895,0.4156,False,0.71
C000028418,0.6666,True,0.71
C000037822,0.6161,True,0.71
C000011737,0.364,False,0.71
C000011736,0.4691,False,0.71
C000031477,0.8808,True,0.71
C000038340,0.5789,True,0.71
C000015577,0.5444,False,0.71
C000024493,0.5072,False,0.71
C000024139,0.4569,False,0.71
C000032390,0.6169,True,0.71
C000035967,0.1664,False,0.71
C000032913,0.4132,False,0.71
C000022722,0.3841,False,0.71
C000012869,0.4026,False,0.71
C000029139,0.5171,False,0.71
C000025171,0.5505,True,0.71
C000016256,0.2142,False,0.71
C000025814,0.4868,False,0.71
C000017966,0.8001,True,0.71
C000009788,0.6335,True,0.71
C000000791,0.565,True,0.71
C000028000,0.7178,True,0.71
C000023381,0.2644,False,0.71
C000037221,0.2678,False,0.71
C000025283,0.3421,False,0.71
C000031877,0.4425,False,0.71
C000022342,0.8858,True,0.71
C000031216,0.7564,True,0.71
C000027322,0.4817,False,0.71
C000034882,0.2058,False,0.71
C000012269,0.1778,False,0.71
C000006068,0.8066,True,0.71
C000014058,0.1433,False,0.71
C000016420,0.6712,True,0.71
C000021682,0.6568,True,0.71
C000018674,0.5642,True,0.71
C000023691,0.7367,True,0.71
C000022489,0.3646,False,0.71
C000019037,0.6051,True,0.71
C000006555,0.5202,False,0.71
C000035015,0.7177,True,0.71
C000022039,0.585,True,0.71
C000027237,0.0537,False,0.71
C000010125,0.7139,True,0.71
C000037665,0.441,False,0.71
C000012655,0.4035,False,0.71
C000034239,0.3616,False,0.71
C000038877,0.4595,False,0.71
C000022113,0.2224,False,0.71
C000010209,0.6367,True,0.71
C000011865,0.3878,False,0.71
C000006906,0.5201,False,0.71
C000003946,0.2609,False,0.71
C000039515,0.6144,True,0.71
C000027464,0.5045,False,0.71
C000005851,0.881,True,0.71
C000032006,0.7552,True,0.71
C000003571,0.0348,False,0.71
C000000748,0.9343,True,0.71
C000003631,0.4914,False,0.71
C000010910,0.8876,True,0.71
C000022211,0.2653,False,0.71
C000036822,0.6045,True,0.71
C000024825,0.1328,False,0.71
C000033107,0.5866,True,0.71
C000016690,0.9468,True,0.71
C000037487,0.217,False,0.71
C000000482,0.1986,False,0.71
C000014782,0.3315,False,0.71
C000014313,0.4487,False,0.71
C000018013,0.3067,False,0.71
C000015693,0.2994,False,0.71
C000012807,0.226,False,0.71
C000020945,0.4109,False,0.71
C000031785,0.6247,True,0.71
C000038312,0.345,False,0.71
C000017112,0.5024,False,0.71
C000009107,0.3173,False,0.71
C000034517,1.0,True,0.71
C000030449,0.2489,False,0.71
C000037076,0.5225,False,0.71
C000002166,0.3543,False,0.71
C000033695,0.2222,False,0.71
C000038132,0.4863,False,0.71
C000034971,0.7802,True,0.71
C000011925,0.4008,False,0.71
C000013648,0.2409,False,0.71
C000006629,0.4252,False,0.71
C000018939,0.6425,True,0.71
C000012006,0.4825,False,0.71
C000018720,0.9689,True,0.71
C000038647,0.4371,False,0.71
C000009808,0.4182,False,0.71
C000025222,0.3282,False,0.71
C000003559,0.5583,True,0.71
C000027891,0.0488,False,0.71
C000020906,0.4744,False,0.71
C000026257,0.5215,False,0.71
C000020417,0.5697,True,0.71
C000037275,0.5512,True,0.71
C000010657,0.1844,False,0.71
C000022474,0.718,True,0.71
C000010975,0.4771,False,0.71
C000032461,0.5211,False,0.71
C000024030,0.3695,False,0.71
C000027199,0.8801,True,0.71
C000013319,0.666,True,0.71
C000036283,0.5796,True,0.71
C000022878,0.5213,False,0.71
C000021794,0.5297,False,0.71
C000038888,0.0324,False,0.71
C000036987,0.4876,False,0.71
C000001572,0.2669,False,0.71
C000033343,0.2296,False,0.71
C000035708,0.2882,False,0.71
C000000846,0.8438,True,0.71
C000012308,0.5822,True,0.71
C000027124,0.2876,False,0.71
C000019115,0.4591,False,0.71
C000036684,0.3426,False,0.71
C000036638,0.3876,False,0.71
C000016068,0.677,True,0.71
C000003231,0.7255,True,0.71
C000006604,0.446,False,0.71
C000004426,0.5116,False,0.71
C000024004,0.4123,False,0.71
C000005814,0.3586,False,0.71
C000005537,0.5064,False,0.71
C000017724,0.6986,True,0.71
C000009199,0.5731,True,0.71
C000016337,0.2862,False,0.71
C000022130,0.3125,False,0.71
C000007682,0.5589,True,0.71
C000010159,0.8515,True,0.71
C000005178,0.2361,False,0.71
C000001204,0.4542,False,0.71
C000017532,0.7089,True,0.71
C000021574,0.5964,True,0.71
C000011161,0.6124,True,0.71
C000009569,0.4148,False,0.71
C000005637,0.0,False,0.71
C000027753,0.4489,False,0.71
C000013034,0.5357,False,0.71
C000038297,0.6555,True,0.71
C000011337,0.3823,False,0.71
C000017639,0.4433,False,0.71
C000028036,0.4472,False,0.71
C000029890,0.3207,False,0.71
C000030976,0.5299,False,0.71
C000024970,0.6004,True,0.71
C000027582,0.2956,False,0.71
C000038646,0.4473,False,0.71
C000003584,0.0141,False,0.71
C000016958,0.7309,True,0.71
C000004637,0.5197,False,0.71
C000025914,0.5316,False,0.71
C000031837,0.7803,True,0.71
C000015421,0.4349,False,0.71
C000007648,0.3426,False,0.71
C000007286,0.3637,False,0.71
C000024876,0.4329,False,0.71
C000010765,0.4308,False,0.71
C000020503,0.8482,True,0.71
C000023360,0.3575,False,0.71
C000036366,0.4247,False,0.71
C000036789,0.593,True,0.71
C000007777,0.3858,False,0.71
C000027635,0.2476,False,0.71
C000032917,0.3965,False,0.71
C000027031,0.7278,True,0.71
C000010606,0.5953,True,0.71
C000006899,0.3059,False,0.71
C000024768,0.7609,True,0.71
C000003700,0.5922,True,0.71
C000036702,0.4223,False,0.71
C000016751,0.6589,True,0.71
C000017582,0.1521,False,0.71
C000036509,0.2672,False,0.71
C000013555,0.602,True,0.71
C000000360,0.6099,True,0.71
C000004465,0.6776,True,0.71
C000010909,0.6067,True,0.71
C000007708,0.6892,True,0.71
C000035742,0.2114,False,0.71
C000004716,0.2627,False,0.71
C000004076,0.4698,False,0.71
C000018601,0.5782,True,0.71
C000029995,0.555,True,0.71
C000037952,0.2501,False,0.71
C000013628,0.7308,True,0.71
C000001175,0.658,True,0.71
C000031385,0.4312,False,0.71
C000013616,0.8517,True,0.71
C000021751,0.7732,True,0.71
C000030900,0.1788,False,0.71
C000009002,0.5212,False,0.71
C000015656,0.7375,True,0.71
C000038461,0.6409,True,0.71
C000020369,0.4379,False,0.71
C000029248,0.791,True,0.71
C000005469,0.5205,False,0.71
C000004082,0.4349,False,0.71
C000033617,0.1565,False,0.71
C000006851,0.3909,False,0.71
C000005576,0.4209,False,0.71
C000024990,0.2444,False,0.71
C000012437,0.7085,True,0.71
C000011100,0.0,False,0.71
C000033272,0.5725,True,0.71
C000020579,0.6227,True,0.71
C000021770,0.3774,False,0.71
C000008853,0.2503,False,0.71
C000034859,0.3828,False,0.71
C000034783,0.6465,True,0.71
C000003351,0.5894,True,0.71
C000033557,0.4286,False,0.71
C000008361,0.576,True,0.71
C000038724,0.5085,False,0.71
C000007159,0.6689,True,0.71
C000026463,0.3523,False,0.71
C000024061,0.3809,False,0.71
C000031263,0.5102,False,0.71
C000031399,0.7156,True,0.71
C000006987,0.9997,True,0.71
C000033455,0.6458,True,0.71
C000014233,0.3786,False,0.71
C000012073,0.3833,False,0.71
C000033331,0.5767,True,0.71
C000032405,0.5674,True,0.71
C000019552,0.4293,False,0.71
C000004051,0.2938,False,0.71
C000006822,0.5995,True,0.71
C000038027,0.9439,True,0.71
C000026765,0.6791,True,0.71
C000038798,0.6085,True,0.71
C000000800,0.7491,True,0.71
C000009587,0.5054,False,0.71
C000039837,0.7231,True,0.71
C000019671,0.6105,True,0.71
C000017155,0.6759,True,0.71
C000008738,0.5062,False,0.71
C000008972,0.6198,True,0.71
C000028396,0.391,False,0.71
C000003071,0.2915,False,0.71
C000029597,0.7856,True,0.71
C000003828,0.4466,False,0.71
C000034667,0.6325,True,0.71
C000038652,0.207,False,0.71
C000031060,0.4308,False,0.71
C000005881,0.2061,False,0.71
C000024542,0.2456,False,0.71
C000007458,0.688,True,0.71
C000023878,0.1458,False,0.71
C000027037,0.88,True,0.71
C000029824,0.5266,False,0.71
C000034198,0.5762,True,0.71
C000009583,0.7843,True,0.71
C000025659,0.3445,False,0.71
C000032625,0.3912,False,0.71
C000025736,0.5533,True,0.71
C000026001,0.6085,True,0.71
C000003104,0.4253,False,0.71
C000012588,0.262,False,0.71
C000000602,0.549,False,0.71
C000003433,0.4134,False,0.71
C000005157,0.5881,True,0.71
C000028124,0.5662,True,0.71
C000031255,0.6766,True,0.71
C000004726,0.5415,False,0.71
C000013859,0.1562,False,0.71
C000006155,0.0554,False,0.71
C000010805,0.383,False,0.71
C000031022,0.4884,False,0.71
C000024611,0.3103,False,0.71
C000012040,0.87,True,0.71
C000004384,0.5272,False,0.71
C000005324,0.1162,False,0.71
C000002227,0.3128,False,0.71
C000009166,0.6261,True,0.71
C000036264,0.7078,True,0.71
C000015086,0.6733,True,0.71
C000015294,0.8793,True,0.71
C000020317,0.703,True,0.71
C000037856,0.7785,True,0.71
C000012079,0.6706,True,0.71
C000013307,0.6568,True,0.71
C000000082,0.6211,True,0.71
C000037717,0.2978,False,0.71
C000016167,0.6886,True,0.71
C000027995,0.5957,True,0.71
C000008682,0.3052,False,0.71
C000015361,0.5173,False,0.71
C000037255,0.353,False,0.71
C000019077,0.8194,True,0.71
C000032741,0.3864,False,0.71
C000019033,0.4729,False,0.71
C000033816,0.506,False,0.71
C000002426,0.5475,False,0.71
C000000147,0.3064,False,0.71
C000032168,0.4545,False,0.71
C000002852,0.9428,True,0.71
C000009544,0.7147,True,0.71
C000009972,0.3009,False,0.71
C000011391,0.6867,True,0.71
C000016239,0.5217,False,0.71
C000031293,0.9528,True,0.71
C000016525,0.9041,True,0.71
C000005337,0.7728,True,0.71
C000024742,0.1253,False,0.71
C000005200,0.8257,True,0.71
C000034312,0.5389,False,0.71
C000028062,0.5084,False,0.71
C000022766,0.682,True,0.71
C000005626,0.0,False,0.71
C000029977,0.432,False,0.71
C000020271,0.4871,False,0.71
C000023906,0.5998,True,0.71
C000001325,0.3031,False,0.71
C000013770,0.3613,False,0.71
C000034833,0.5358,False,0.71
C000001529,0.4325,False,0.71
C000037097,0.7167,True,0.71
C000039608,0.2424,False,0.71
C000025858,0.1787,False,0.71
C000030459,0.6019,True,0.71
C000013915,0.3726,False,0.71
C000032830,0.5716,True,0.71
C000017436,0.6924,True,0.71
C000035900,0.3034,False,0.71
C000010486,0.7957,True,0.71
C000036758,0.9524,True,0.71
C000013860,0.414,False,0.71
C000025788,0.5941,True,0.71
C000019298,0.4098,False,0.71
C000018343,0.3975,False,0.71
C000012090,0.5354,False,0.71
C000009156,0.3974,False,0.71
C000001011,0.388,False,0.71
C000030119,0.6787,True,0.71
C000003298,0.2176,False,0.71
C000010998,0.7733,True,0.71
C000025531,1.0,True,0.71
C000018478,0.2911,False,0.71
C000009838,0.372,False,0.71
C000018095,0.6003,True,0.71
C000028553,0.7236,True,0.71
C000023856,0.6696,True,0.71
C000024056,0.4859,False,0.71
C000025448,0.4827,False,0.71
C000019064,0.561,True,0.71
C000013737,0.6675,True,0.71
C000029651,0.7489,True,0.71
C000035774,0.4253,False,0.71
C000008154,0.1483,False,0.71
C000024525,0.8796,True,0.71
C000016536,0.5202,False,0.71
C000029773,0.3699,False,0.71
C000003541,0.7416,True,0.71
C000024569,0.7903,True,0.71
C000012232,0.1371,False,0.71
C000020430,0.829,True,0.71
C000010935,0.5201,False,0.71
C000006183,0.7846,True,0.71
C000019220,0.538,False,0.71
C000032696,0.3432,False,0.71
C000016498,0.8658,True,0.71
C000033179,0.4163,False,0.71
C000001624,0.4928,False,0.71
C000031108,0.7307,True,0.71
C000027499,0.442,False,0.71
C000018311,0.2501,False,0.71
C000031908,0.5196,False,0.71
C000021935,0.487,False,0.71
C000029238,0.5772,True,0.71
C000018326,0.1177,False,0.71
C000031945,0.9503,True,0.71
C000023488,0.6255,True,0.71
C000007153,0.3347,False,0.71
C000032549,0.5105,False,0.71
C000034872,0.5789,True,0.71
C000027659,0.8344,True,0.71
C000021983,0.5253,False,0.71
C000018251,0.5077,False,0.71
C000007236,0.5308,False,0.71
C000030696,0.3814,False,0.71
C000037261,0.4565,False,0.71
C000008302,0.483,False,0.71
C000038805,0.5463,False,0.71
C000000850,0.5086,False,0.71
C000016077,0.5592,True,0.71
C000009883,0.6404,True,0.71
C000030619,0.4476,False,0.71
C000013853,0.7256,True,0.71
C000025058,0.5763,True,0.71
C000012959,0.3263,False,0.71
C000037513,0.5994,True,0.71
C000016759,0.4582,False,0.71
C000004972,0.3803,False,0.71
C000033547,0.3292,False,0.71
C000017197,0.3773,False,0.71
C000004241,0.5569,True,0.71
C000000027,0.3616,False,0.71
C000031242,0.5649,True,0.71
C000025332,0.4288,False,0.71
C000000999,0.2032,False,0.71
C000030310,0.6821,True,0.71
C000024704,0.4867,False,0.71
C000036671,0.3565,False,0.71
C000018431,0.5761,True,0.71
C000031446,0.4602,False,0.71
C000037879,0.5458,False,0.71
C000024226,0.5215,False,0.71
C000037677,0.2815,False,0.71
C000002221,0.5458,False,0.71
C000009089,0.4737,False,0.71
C000028927,0.3596,False,0.71
C000004227,0.5921,True,0.71
C000001366,0.6457,True,0.71
C000001403,0.7381,True,0.71
C000024985,0.8487,True,0.71
C000022252,0.4644,False,0.71
C000020070,0.4445,False,0.71
C000036028,0.129,False,0.71
C000035737,0.4348,False,0.71
C000021921,0.5614,True,0.71
C000025438,0.6324,True,0.71
C000031529,0.4149,False,0.71
C000013075,0.4018,False,0.71
C000030383,0.8158,True,0.71
C000032855,0.533,False,0.71
C000038401,0.7435,True,0.71
C000007590,0.6311,True,0.71
C000020645,0.132,False,0.71
C000013079,0.3945,False,0.71
C000031485,0.6893,True,0.71
C000027758,0.2267,False,0.71
C000003839,0.907,True,0.71
C000035025,0.4445,False,0.71
C000012863,0.7321,True,0.71
C000038349,0.5813,True,0.71
C000020729,0.1499,False,0.71
C000027055,0.3941,False,0.71
C000024609,0.2764,False,0.71
C000033585,0.2834,False,0.71
C000037235,0.2399,False,0.71
C000037979,0.6556,True,0.71
C000014514,0.5678,True,0.71
C000039748,0.3742,False,0.71
C000013448,0.4646,False,0.71
C000022723,0.5249,False,0.71
C000017522,0.1491,False,0.71
C000034405,0.229,False,0.71
C000025670,0.5719,True,0.71
C000004376,0.4799,False,0.71
C000036845,0.1245,False,0.71
C000011449,0.7511,True,0.71
C000003692,0.3327,False,0.71
C000020048,0.5812,True,0.71
C000034040,0.616,True,0.71
C000009826,0.546,False,0.71
C000014256,0.3356,False,0.71
C000024165,0.4425,False,0.71
C000007763,0.3786,False,0.71
C000034982,0.5813,True,0.71
C000033491,0.7565,True,0.71
C000022294,0.7359,True,0.71
C000002696,0.9108,True,0.71
C000035072,0.8451,True,0.71
C000012519,0.6947,True,0.71
C000001023,0.5602,True,0.71
C000026797,0.0,False,0.71
C000003304,0.9548,True,0.71
C000001745,0.4336,False,0.71
C000006644,0.6307,True,0.71
C000038976,0.4376,False,0.71
C000032879,0.7806,True,0.71
C000030738,0.2582,False,0.71
C000009870,0.0948,False,0.71
C000020471,0.7552,True,0.71
C000000429,0.2626,False,0.71
C000026288,0.6411,True,0.71
C000004464,0.5918,True,0.71
C000030849,0.2665,False,0.71
C000013332,0.9233,True,0.71
C000034924,0.8092,True,0.71
C000000130,0.4625,False,0.71
C000004537,0.2468,False,0.71
C000029814,0.3203,False,0.71
C000002979,0.4823,False,0.71
C000005824,0.3544,False,0.71
C000001267,0.7539,True,0.71
C000028388,0.9933,True,0.71
C000004037,0.4327,False,0.71
C000008560,0.4926,False,0.71
C000019494,0.3095,False,0.71
C000002153,0.4537,False,0.71
C000020933,0.5405,False,0.71
C000031955,0.4749,False,0.71
C000013050,0.3254,False,0.71
C000024232,0.6362,True,0.71
C000010168,0.569,True,0.71
C000009651,0.6306,True,0.71
C000001826,0.4079,False,0.71
C000037638,0.5249,False,0.71
C000018335,0.1623,False,0.71
C000026114,0.695,True,0.71
C000005328,0.6337,True,0.71
C000023264,0.644,True,0.71
C000021467,0.412,False,0.71
C000021685,0.8883,True,0.71
C000006144,0.9009,True,0.71
C000023646,0.7826,True,0.71
C000023361,0.1634,False,0.71
C000000368,0.5602,True,0.71
C000020916,0.9442,True,0.71
C000005620,0.4738,False,0.71
C000000050,0.7089,True,0.71
C000037683,0.6536,True,0.71
C000027083,0.2819,False,0.71
C000026557,0.4537,False,0.71
C000007990,0.2682,False,0.71
C000008619,0.3528,False,0.71
C000019001,0.1702,False,0.71
C000023315,0.3129,False,0.71
C000017177,0.5569,True,0.71
C000011294,0.413,False,0.71
C000008389,0.4434,False,0.71
C000022571,0.7456,True,0.71
C000004802,0.2604,False,0.71
C000036273,0.4485,False,0.71
C000002470,0.2238,False,0.71
C000032440,0.456,False,0.71
C000022141,0.5529,True,0.71
C000018034,0.498,False,0.71
C000039683,0.5702,True,0.71
C000036479,0.2863,False,0.71
C000002632,0.4436,False,0.71
C000002081,0.3586,False,0.71
C000020519,0.5789,True,0.71
C000015420,0.6624,True,0.71
C000000827,0.3991,False,0.71
C000031096,0.4326,False,0.71
C000033771,0.2919,False,0.71
C000002761,0.3183,False,0.71
C000003997,0.3934,False,0.71
C000036874,0.2533,False,0.71
C000018976,0.374,False,0.71
C000037536,0.7826,True,0.71
C000018274,0.3004,False,0.71
C000036434,0.6894,True,0.71
C000014071,0.3934,False,0.71
C000032095,0.4989,False,0.71
C000007152,0.693,True,0.71
C000022388,0.5195,False,0.71
C000016780,0.2535,False,0.71
C000020866,0.5794,True,0.71
C000034797,0.5768,True,0.71
C000022349,0.4406,False,0.71
C000032410,0.6237,True,0.71
C000018352,0.6116,True,0.71
C000025102,0.4455,False,0.71
C000007400,0.4894,False,0.71
C000015143,0.6253,True,0.71
C000014818,0.7541,True,0.71
C000030752,0.5616,True,0.71
C000031487,0.645,True,0.71
C000012061,0.3885,False,0.71
C000037976,0.5609,True,0.71
C000022280,0.1367,False,0.71
C000036675,0.4336,False,0.71
C000007937,0.1233,False,0.71
C000008618,0.486,False,0.71
C000033977,0.5539,True,0.71
C000019623,0.6006,True,0.71
C000009380,0.8444,True,0.71
C000029483,0.1052,False,0.71
C000027953,0.5313,False,0.71
C000037338,0.6919,True,0.71
C000021778,0.6384,True,0.71
C000027803,0.4519,False,0.71
C000027308,0.3583,False,0.71
C000021507,0.4291,False,0.71
C000000965,0.4347,False,0.71
C000017889,0.4136,False,0.71
C000002098,0.3832,False,0.71
C000001583,0.412,False,0.71
C000009442,0.4583,False,0.71
C000039625,0.473,False,0.71
C000009874,0.6673,True,0.71
C000034130,0.5557,True,0.71
C000007261,0.6013,True,0.71
C000027489,0.2439,False,0.71
C000032278,0.6862,True,0.71
C000008781,0.5628,True,0.71
C000009901,0.612,True,0.71
C000021246,0.2037,False,0.71
C000020304,0.7836,True,0.71
C000001660,0.3858,False,0.71
C000039798,0.4556,False,0.71
C000024894,0.2576,False,0.71
C000016355,0.9111,True,0.71
C000036861,0.4908,False,0.71
C000035028,0.358,False,0.71
C000034865,0.4293,False,0.71
C000028429,0.4678,False,0.71
C000009637,0.7455,True,0.71
C000023835,0.2594,False,0.71
C000023133,0.363,False,0.71
C000033774,0.5981,True,0.71
C000016379,0.2631,False,0.71
C000016187,0.4156,False,0.71
C000020096,0.6019,True,0.71
C000011782,0.5022,False,0.71
C000016345,0.4465,False,0.71
C000012809,0.7111,True,0.71
C000022008,0.6823,True,0.71
C000018796,0.4143,False,0.71
C000039961,0.5676,True,0.71
C000019063,0.826,True,0.71
C000017070,0.2525,False,0.71
C000009999,0.9013,True,0.71
C000026306,0.7316,True,0.71
C000006045,0.3848,False,0.71
C000004159,0.3884,False,0.71
C000016386,0.4255,False,0.71
C000037165,0.2137,False,0.71
C000020425,0.6309,True,0.71
C000025442,0.1528,False,0.71
C000033023,0.2238,False,0.71
C000018626,0.3982,False,0.71
C000026673,0.603,True,0.71
C000015467,0.6136,True,0.71
C000000729,0.438,False,0.71
C000039038,0.608,True,0.71
C000011012,0.6829,True,0.71
C000026391,0.4492,False,0.71
C000001889,0.4446,False,0.71
C000039993,0.0697,False,0.71
C000036036,0.3282,False,0.71
C000029738,0.7616,True,0.71
C000007658,0.0,False,0.71
C000031473,0.66,True,0.71
C000033991,0.2615,False,0.71
C000031983,0.367,False,0.71
C000004112,0.3885,False,0.71
C000001874,0.6272,True,0.71
C000030270,0.3252,False,0.71
C000029281,0.5243,False,0.71
C000038859,0.4761,False,0.71
C000032495,0.3013,False,0.71
C000006022,0.2426,False,0.71
C000001906,0.5327,False,0.71
C000025545,0.5879,True,0.71
C000011375,0.6804,True,0.71
C000025363,0.8229,True,0.71
C000018585,0.3825,False,0.71
C000035657,0.4071,False,0.71
C000036016,0.3024,False,0.71
C000035390,0.5748,True,0.71
C000010085,0.5961,True,0.71
C000015399,0.4877,False,0.71
C000019398,0.6369,True,0.71
C000025266,0.1856,False,0.71
C000010508,0.582,True,0.71
C000004804,0.6536,True,0.71
C000033241,0.6702,True,0.71
C000006940,0.6745,True,0.71
C000036472,0.8617,True,0.71
C000010720,0.5327,False,0.71
C000028499,0.5911,True,0.71
C000026022,0.663,True,0.71
C000031081,0.4712,False,0.71
C000035720,0.6801,True,0.71
C000037855,0.3182,False,0.71
C000030746,0.6454,True,0.71
C000028179,0.6723,True,0.71
C000032658,0.482,False,0.71
C000023587,0.3028,False,0.71
C000031847,0.4059,False,0.71
C000025764,0.8844,True,0.71
C000025780,0.6636,True,0.71
C000022789,0.4653,False,0.71
C000026831,0.4479,False,0.71
C000002500,0.4993,False,0.71
C000006472,0.5348,False,0.71
C000036275,0.5207,False,0.71
C000034604,0.0,False,0.71
C000024497,0.2788,False,0.71
C000002933,0.4636,False,0.71
C000025347,0.5961,True,0.71
C000020911,0.0866,False,0.71
C000000730,0.2711,False,0.71
C000008049,0.4257,False,0.71
C000000679,0.5766,True,0.71
C000003090,0.4229,False,0.71
C000019288,0.0,False,0.71
C000017324,0.7822,True,0.71
C000035417,0.6796,True,0.71
C000021887,0.5252,False,0.71
C000000042,0.5082,False,0.71
C000038747,0.7272,True,0.71
C000035129,0.5807,True,0.71
C000033673,0.0,False,0.71
C000027533,0.3743,False,0.71
C000024996,0.9503,True,0.71
C000019242,0.5657,True,0.71
C000032939,0.5341,False,0.71
C000017126,0.5061,False,0.71
C000017901,0.5518,True,0.71
C000034761,0.5681,True,0.71
C000019273,0.6171,True,0.71
C000013154,0.3173,False,0.71
C000018518,0.628,True,0.71
C000009911,0.7372,True,0.71
C000007963,0.3262,False,0.71
C000030987,0.2354,False,0.71
C000012264,0.2915,False,0.71
C000035384,0.4074,False,0.71
C000030151,0.8031,True,0.71
C000022715,0.3928,False,0.71
C000009643,0.2597,False,0.71
C000032976,0.7728,True,0.71
C000009313,0.4232,False,0.71
C000013009,0.7417,True,0.71
C000034058,0.6263,True,0.71
C000008383,0.6088,True,0.71
C000035874,0.7155,True,0.71
C000001988,0.4012,False,0.71
C000011151,0.5972,True,0.71
C000036499,0.5865,True,0.71
C000016522,0.332,False,0.71
C000038840,0.4175,False,0.71
C000007646,0.3359,False,0.71
C000005700,0.8116,True,0.71
C000025434,0.4277,False,0.71
C000024978,0.6422,True,0.71
C000039788,0.1224,False,0.71
C000034646,0.7283,True,0.71
C000006699,0.5391,False,0.71
C000003539,0.3127,False,0.71
C000038218,0.5483,False,0.71
C000003956,0.6744,True,0.71
C000005032,0.6865,True,0.71
C000012401,0.4356,False,0.71
C000003817,0.7177,True,0.71
C000018545,0.2964,False,0.71
C000003926,0.307,False,0.71
C000034579,0.3886,False,0.71
C000005619,0.5516,True,0.71
C000000630,0.3031,False,0.71
C000004128,0.3432,False,0.71
C000023110,0.1869,False,0.71
C000020891,0.4931,False,0.71
C000011514,0.6948,True,0.71
C000001320,0.8164,True,0.71
C000021620,0.4327,False,0.71
C000009145,0.2125,False,0.71
C000006197,0.735,True,0.71
C000020381,0.1818,False,0.71
C000038030,0.7097,True,0.71
C000018770,0.3563,False,0.71
C000000984,0.3098,False,0.71
C000028999,0.7137,True,0.71
C000023593,0.565,True,0.71
C000010093,0.6794,True,0.71
C000035541,0.3797,False,0.71
C000034633,0.4565,False,0.71
C000021856,0.2179,False,0.71
C000038265,0.2714,False,0.71
C000033963,0.5344,False,0.71
C000031260,0.1761,False,0.71
C000011434,0.3309,False,0.71
C000024371,0.477,False,0.71
C000023113,0.4556,False,0.71
C000038032,0.5818,True,0.71
C000020057,0.6379,True,0.71
C000019202,0.5974,True,0.71
C000032652,0.7539,True,0.71
C000006439,0.6806,True,0.71
C000033410,0.6227,True,0.71
C000015806,0.5238,False,0.71
C000009976,0.7085,True,0.71
C000028883,0.7226,True,0.71
C000025826,0.5621,True,0.71
C000015951,0.8142,True,0.71
C000008975,0.361,False,0.71
C000008681,0.4101,False,0.71
C000017173,0.642,True,0.71
C000025083,0.1584,False,0.71
C000017793,0.3712,False,0.71
C000026660,0.5139,False,0.71
C000039793,0.8968,True,0.71
C000032742,0.3487,False,0.71
C000027373,0.3361,False,0.71
C000011186,0.6162,True,0.71
C000015610,0.5501,True,0.71
C000008554,0.4695,False,0.71
C000030674,0.5639,True,0.71
C000006567,0.6734,True,0.71
C000025129,0.3962,False,0.71
C000022283,0.6462,True,0.71
C000006989,1.0,True,0.71
C000002065,0.5153,False,0.71
C000019999,0.4487,False,0.71
C000025822,0.5759,True,0.71
C000032042,0.1742,False,0.71
C000036918,1.0,True,0.71
C000036944,0.5849,True,0.71
C000004663,0.1228,False,0.71
C000002631,0.6284,True,0.71
C000012224,0.4456,False,0.71
C000020005,0.4536,False,0.71
C000025565,0.7225,True,0.71
C000001355,0.7352,True,0.71
C000003233,0.3249,False,0.71
C000005293,0.3137,False,0.71
C000006062,0.0749,False,0.71
C000023753,0.3727,False,0.71
C000007274,0.3568,False,0.71
C000030104,0.551,True,0.71
C000015865,0.2859,False,0.71
C000034900,0.5287,False,0.71
C000006419,1.0,True,0.71
C000010882,0.6534,True,0.71
C000036357,0.2428,False,0.71
C000008259,0.3303,False,0.71
C000004843,0.8242,True,0.71
C000026224,0.6998,True,0.71
C000033411,0.3734,False,0.71
C000033562,0.7192,True,0.71
C000019244,0.6651,True,0.71
C000038370,0.6657,True,0.71
C000000996,0.5905,True,0.71
C000038909,0.342,False,0.71
C000017431,0.3133,False,0.71
C000021434,0.5887,True,0.71
C000036529,0.4419,False,0.71
C000003711,1.0,True,0.71
C000023909,0.352,False,0.71
C000010060,0.7233,True,0.71
C000021179,0.7805,True,0.71
C000017008,0.401,False,0.71
C000035704,0.3783,False,0.71
C000001671,0.7652,True,0.71
C000019303,0.138,False,0.71
C000026464,0.6528,True,0.71
C000015263,0.8505,True,0.71
C000023935,0.8102,True,0.71
C000009118,0.5407,False,0.71
C000039918,0.405,False,0.71
C000014552,0.4892,False,0.71
C000019958,0.3437,False,0.71
C000036293,0.3757,False,0.71
C000012940,0.4715,False,0.71
C000034280,0.4017,False,0.71
C000016248,0.378,False,0.71
C000037336,0.1923,False,0.71
C000018510,0.2214,False,0.71
C000016279,0.3332,False,0.71
C000016704,0.6363,True,0.71
C000020176,0.4287,False,0.71
C000024164,1.0,True,0.71
C000023338,0.4611,False,0.71
C000005067,0.5057,False,0.71
C000033407,0.4248,False,0.71
C000000603,0.4376,False,0.71
C000009891,0.3939,False,0.71
C000007112,0.4563,False,0.71
C000038905,0.5669,True,0.71
C000017387,0.3469,False,0.71
C000028166,0.373,False,0.71
C000008449,0.6501,True,0.71
C000035195,0.5601,True,0.71
C000022228,0.8396,True,0.71
C000003623,0.5633,True,0.71
C000000302,0.3025,False,0.71
C000018301,0.5697,True,0.71
C000025430,0.6584,True,0.71
C000018307,0.3129,False,0.71
C000038605,0.4189,False,0.71
C000032453,0.3878,False,0.71
C000039050,0.1548,False,0.71
C000027463,0.5145,False,0.71
C000033544,0.4837,False,0.71
C000013299,0.351,False,0.71
C000038044,0.6055,True,0.71
C000019625,0.7751,True,0.71
C000012050,0.6456,True,0.71
C000012737,0.4179,False,0.71
C000009653,0.4137,False,0.71
C000003130,0.3756,False,0.71
C000017346,0.7562,True,0.71
C000007324,0.634,True,0.71
C000007871,0.6439,True,0.71
C000012609,0.5483,False,0.71
C000009992,0.6149,True,0.71
C000010047,0.0,False,0.71
C000027028,0.5168,False,0.71
C000008641,0.8219,True,0.71
C000003906,0.3073,False,0.71
C000000426,0.2905,False,0.71
C000008563,0.5942,True,0.71
C000000495,0.3992,False,0.71
C000015977,0.5088,False,0.71
C000034016,0.3011,False,0.71
C000005347,0.8645,True,0.71
C000016659,0.1624,False,0.71
C000001666,0.7221,True,0.71
C000020462,0.9837,True,0.71
C000025676,0.0,False,0.71
C000012102,0.4923,False,0.71
C000032152,0.5939,True,0.71
C000036306,0.566,True,0.71
C000039935,0.2283,False,0.71
C000023227,0.8121,True,0.71
C000010641,0.3127,False,0.71
C000039761,0.4018,False,0.71
C000026167,0.504,False,0.71
C000021696,0.4768,False,0.71
C000025857,0.4866,False,0.71
C000035497,0.093,False,0.71
C000036526,0.6639,True,0.71
C000030106,0.5349,False,0.71
C000021861,0.6254,True,0.71
C000038138,0.4557,False,0.71
C000004890,0.4185,False,0.71
C000037932,0.4604,False,0.71
C000002745,0.4068,False,0.71
C000008845,0.5478,False,0.71
C000021185,0.487,False,0.71
C000017976,0.3737,False,0.71
C000017742,0.7298,True,0.71
C000017231,0.4189,False,0.71
C000010453,0.5635,True,0.71
C000014113,0.1416,False,0.71
C000035641,0.5683,True,0.71
C000021091,0.2351,False,0.71
C000011657,0.3188,False,0.71
C000011360,0.391,False,0.71
C000020523,0.5285,False,0.71
C000001708,0.3629,False,0.71
C000010588,0.4792,False,0.71
C000015905,0.3455,False,0.71
C000001242,0.4009,False,0.71
C000016604,0.6083,True,0.71
C000034274,0.4582,False,0.71
C000022578,0.2264,False,0.71
C000001385,0.0277,False,0.71
C000014120,0.0,False,0.71
C000037104,0.2178,False,0.71
C000007491,0.6163,True,0.71
C000037136,0.4498,False,0.71
C000038986,0.3616,False,0.71
C000038211,1.0,True,0.71
C000027718,0.6092,True,0.71
C000002557,0.5739,True,0.71
C000009112,0.5836,True,0.71
C000016286,0.2899,False,0.71
C000027581,0.2124,False,0.71
C000015441,0.4354,False,0.71
C000003785,0.5353,False,0.71
C000003738,0.7011,True,0.71
C000017223,0.686,True,0.71
C000007883,0.2402,False,0.71
C000029659,0.3292,False,0.71
C000031018,0.457,False,0.71
C000002576,0.2287,False,0.71
C000037011,0.6302,True,0.71
C000003029,0.814,True,0.71
C000016738,0.5022,False,0.71
C000016594,0.539,False,0.71
C000018492,0.5582,True,0.71
C000000005,0.5488,False,0.71
C000036953,0.4551,False,0.71
C000004707,0.6147,True,0.71
C000016385,0.5364,False,0.71
C000001332,0.4942,False,0.71
C000034920,0.1615,False,0.71
C000020913,0.641,True,0.71
C000010649,0.5954,True,0.71
C000021604,0.4763,False,0.71
C000038861,0.308,False,0.71
C000033151,0.6176,True,0.71
C000028866,0.3754,False,0.71
C000024812,0.6558,True,0.71
C000024096,0.4963,False,0.71
C000022553,0.6179,True,0.71
C000017911,0.4023,False,0.71
C000038308,0.573,True,0.71
C000002546,0.4657,False,0.71
C000025217,0.5089,False,0.71
C000034914,0.6866,True,0.71
C000013354,0.6218,True,0.71
C000004905,1.0,True,0.71
C000023946,0.5475,False,0.71
C000010948,0.8924,True,0.71
C000013352,0.3735,False,0.71
C000004553,0.3509,False,0.71
C000034819,0.4564,False,0.71
C000011964,0.276,False,0.71
C000017586,0.9395,True,0.71
C000007054,0.706,True,0.71
C000030419,0.3409,False,0.71
C000007610,0.4824,False,0.71
C000035558,0.3909,False,0.71
C000003017,0.4537,False,0.71
C000033853,0.1591,False,0.71
C000003953,0.585,True,0.71
C000015808,0.434,False,0.71
C000002740,0.5975,True,0.71
C000013372,0.5282,False,0.71
C000005053,0.2357,False,0.71
C000007661,0.2651,False,0.71
C000013190,0.59,True,0.71
C000018071,0.4253,False,0.71
C000031964,0.4487,False,0.71
C000026522,0.5827,True,0.71
C000034418,0.4449,False,0.71
C000013374,0.4429,False,0.71
C000018581,0.6187,True,0.71
C000001927,0.7576,True,0.71
C000021849,0.0609,False,0.71
C000018418,0.605,True,0.71
C000005455,0.6537,True,0.71
C000017414,0.5653,True,0.71
C000011605,0.6233,True,0.71
C000009044,0.5472,False,0.71
C000020149,0.1769,False,0.71
C000033346,0.4316,False,0.71
C000027710,0.1842,False,0.71
C000014097,0.5019,False,0.71
C000038756,0.4046,False,0.71
C000008585,0.915,True,0.71
C000027767,0.5143,False,0.71
C000022650,0.7828,True,0.71
C000016240,0.6951,True,0.71
C000008807,0.2334,False,0.71
C000011442,0.5658,True,0.71
C000000708,0.699,True,0.71
C000022298,0.6652,True,0.71
C000003330,0.3891,False,0.71
C000005155,0.4946,False,0.71
C000014789,0.0879,False,0.71
C000026565,0.5395,False,0.71
C000034182,0.0888,False,0.71
C000029251,0.8678,True,0.71
C000003929,0.6661,True,0.71
C000004648,0.0,False,0.71
C000001402,0.344,False,0.71
C000001483,0.4886,False,0.71
C000034513,0.8913,True,0.71
C000003982,0.3108,False,0.71
C000012299,0.8487,True,0.71
C000001270,0.2865,False,0.71
C000020643,0.4048,False,0.71
C000016841,0.3555,False,0.71
C000019069,0.2489,False,0.71
C000013993,0.2523,False,0.71
C000016350,0.6703,True,0.71
C000029396,0.6114,True,0.71
C000027833,0.5767,True,0.71
C000015034,0.3497,False,0.71
C000020389,0.5056,False,0.71
C000010440,0.0974,False,0.71
C000000444,0.5545,True,0.71
C000021242,0.4832,False,0.71
C000023894,0.5726,True,0.71
C000016726,0.5246,False,0.71
C000031629,0.4863,False,0.71
C000031547,0.1271,False,0.71
C000029466,0.7796,True,0.71
C000039129,0.1704,False,0.71
C000000816,0.3369,False,0.71
C000027589,0.3673,False,0.71
C000014995,0.5769,True,0.71
C000021858,0.379,False,0.71
C000009364,0.6469,True,0.71
C000016918,0.1131,False,0.71
C000027080,0.4202,False,0.71
C000007104,0.6553,True,0.71
C000019281,0.4021,False,0.71
C000014337,0.4774,False,0.71
C000000469,0.5499,False,0.71
C000021824,0.5026,False,0.71
C000014933,0.6352,True,0.71
C000012643,0.3323,False,0.71
C000025905,0.6071,True,0.71
C000038346,0.2991,False,0.71
C000024281,0.1211,False,0.71
C000035622,0.6398,True,0.71
C000022849,0.5295,False,0.71
C000035207,0.8973,True,0.71
C000004470,0.6304,True,0.71
C000036516,0.2494,False,0.71
C000027941,0.8739,True,0.71
C000004119,0.6968,True,0.71
C000035849,0.4987,False,0.71
C000003830,0.3237,False,0.71
C000020100,0.5654,True,0.71
C000018781,0.8039,True,0.71
C000038306,0.8125,True,0.71
C000003456,0.0,False,0.71
C000017716,0.5717,True,0.71
C000034559,0.4122,False,0.71
C000031085,0.8372,True,0.71
C000023487,0.5949,True,0.71
C000039914,0.6417,True,0.71
C000031686,0.2355,False,0.71
C000019173,0.6541,True,0.71
C000011439,0.4379,False,0.71
C000019164,0.6184,True,0.71
C000021126,0.6976,True,0.71
C000027871,0.4661,False,0.71
C000032923,0.7047,True,0.71
C000023095,0.4312,False,0.71
C000017507,0.574,True,0.71
C000016112,0.4284,False,0.71
C000027025,0.2944,False,0.71
C000008214,0.4471,False,0.71
C000015191,0.4217,False,0.71
C000006369,0.2238,False,0.71
C000016349,0.3707,False,0.71
C000016674,0.4191,False,0.71
C000017097,0.0954,False,0.71
C000012711,0.8123,True,0.71
C000001310,0.0,False,0.71
C000002478,0.8455,True,0.71
C000030606,0.2067,False,0.71
C000001823,0.2228,False,0.71
C000021976,0.8225,True,0.71
C000030430,0.8567,True,0.71
C000005714,0.6204,True,0.71
C000007129,0.2961,False,0.71
C000029371,0.3001,False,0.71
C000020638,0.7463,True,0.71
C000011719,0.5689,True,0.71
C000019730,0.6895,True,0.71
C000005922,0.2994,False,0.71
C000039706,0.7492,True,0.71
C000014363,0.2489,False,0.71
C000011858,0.2212,False,0.71
C000008978,0.6123,True,0.71
C000021395,0.3443,False,0.71
C000011011,0.5615,True,0.71
C000025389,0.5025,False,0.71
C000001243,0.4917,False,0.71
C000029565,0.4705,False,0.71
C000017735,0.7579,True,0.71
C000015001,0.0061,False,0.71
C000000631,0.5454,False,0.71
C000002572,0.4075,False,0.71
C000020275,0.5251,False,0.71
C000007204,0.9142,True,0.71
C000022033,0.4509,False,0.71
C000015330,0.2583,False,0.71
C000007199,0.3401,False,0.71
C000036686,0.5417,False,0.71
C000038672,0.564,True,0.71
C000008015,0.5738,True,0.71
C000035115,0.5054,False,0.71
C000031229,0.4409,False,0.71
C000000718,0.4021,False,0.71
C000013428,0.1663,False,0.71
C000035294,0.5678,True,0.71
C000013180,0.3748,False,0.71
C000011030,0.798,True,0.71
C000007064,0.5369,False,0.71
C000007901,0.6905,True,0.71
C000024590,0.7619,True,0.71
C000009889,0.5977,True,0.71
C000016479,0.3578,False,0.71
C000015738,0.4532,False,0.71
C000011625,0.5153,False,0.71
C000003588,0.7583,True,0.71
C000004348,0.498,False,0.71
C000018070,0.3363,False,0.71
C000015819,0.5922,True,0.71
C000034768,0.6033,True,0.71
C000033220,0.6669,True,0.71
C000012911,0.4961,False,0.71
C000014565,0.4766,False,0.71
C000013240,0.4696,False,0.71
C000008771,0.4295,False,0.71
C000008917,0.0094,False,0.71
C000031261,0.2724,False,0.71
C000039934,0.6889,True,0.71
C000021111,0.4616,False,0.71
C000037614,0.8021,True,0.71
C000009450,0.5692,True,0.71
C000019536,0.1555,False,0.71
C000025865,0.5863,True,0.71
C000006301,0.5053,False,0.71
C000003932,0.1984,False,0.71
C000024839,0.3633,False,0.71
C000024382,0.4522,False,0.71
C000025335,0.6097,True,0.71
C000039271,0.652,True,0.71
C000010984,0.3592,False,0.71
C000000807,0.7373,True,0.71
C000030287,0.6338,True,0.71
C000033569,0.4301,False,0.71
C000037410,0.2639,False,0.71
C000011988,0.554,True,0.71
C000013959,0.8321,True,0.71
C000029672,0.4755,False,0.71
C000014988,0.0874,False,0.71
C000026975,0.442,False,0.71
C000030286,0.296,False,0.71
C000033060,0.3306,False,0.71
C000008079,0.5035,False,0.71
C000007342,0.599,True,0.71
C000016662,0.2374,False,0.71
C000039702,0.5518,True,0.71
C000000801,0.693,True,0.71
C000002494,0.4239,False,0.71
C000029010,0.5849,True,0.71
C000005085,0.7281,True,0.71
C000011809,0.5664,True,0.71
C000026064,0.3901,False,0.71
C000003128,0.5782,True,0.71
C000000736,0.7046,True,0.71
C000027650,0.1677,False,0.71
C000004339,0.608,True,0.71
C000014262,0.3327,False,0.71
C000035469,0.4484,False,0.71
C000005876,0.4856,False,0.71
C000039403,0.4333,False,0.71
C000010878,0.4774,False,0.71
C000002784,0.5041,False,0.71
C000028012,0.7014,True,0.71
C000003239,0.5884,True,0.71
C000021623,0.7222,True,0.71
C000019814,0.8275,True,0.71
C000034232,0.5254,False,0.71
C000017606,0.3238,False,0.71
C000007106,0.3673,False,0.71
C000010067,0.2914,False,0.71
C000011695,0.4799,False,0.71
C000031443,0.4431,False,0.71
C000032997,0.2483,False,0.71
C000007429,0.3795,False,0.71
C000039695,0.4421,False,0.71
C000012870,0.2347,False,0.71
C000038024,0.4767,False,0.71
C000000492,0.6117,True,0.71
C000027884,0.319,False,0.71
C000017982,0.5638,True,0.71
C000025299,0.8204,True,0.71
C000018955,0.5508,True,0.71
C000038533,0.6013,True,0.71
C000039512,0.456,False,0.71
C000038385,0.1043,False,0.71
C000001072,0.3076,False,0.71
C000011798,0.5352,False,0.71
C000017509,0.4463,False,0.71
C000024783,0.5033,False,0.71
C000011783,0.8312,True,0.71
C000022299,0.7821,True,0.71
C000032039,0.9189,True,0.71
C000022007,0.5099,False,0.71
C000038854,0.2143,False,0.71
C000010186,0.7606,True,0.71
C000034474,0.1841,False,0.71
C000020415,0.7749,True,0.71
C000023664,0.5384,False,0.71
C000006034,0.4913,False,0.71
C000039967,0.6554,True,0.71
C000039704,0.7654,True,0.71
C000033620,0.5019,False,0.71
C000011306,0.245,False,0.71
C000019883,0.1347,False,0.71
C000034739,0.6704,True,0.71
C000039318,0.7517,True,0.71
C000024208,0.1413,False,0.71
C000024053,0.262,False,0.71
C000010053,0.4807,False,0.71
C000037466,0.3571,False,0.71
C000037584,0.4421,False,0.71
C000008182,0.6033,True,0.71
C000005163,0.4097,False,0.71
C000010819,0.4057,False,0.71
C000028081,0.0138,False,0.71
C000023572,0.7731,True,0.71
C000028126,0.8203,True,0.71
C000013909,0.8921,True,0.71
C000007235,0.554,True,0.71
C000011716,0.3132,False,0.71
C000031716,0.7118,True,0.71
C000018469,0.477,False,0.71
C000011250,0.6788,True,0.71
C000013714,0.3596,False,0.71
C000023180,0.4304,False,0.71
C000019655,0.2859,False,0.71
C000015925,0.1709,False,0.71
C000004018,0.2333,False,0.71
C000003621,0.6271,True,0.71
C000033431,0.5754,True,0.71
C000027705,0.3796,False,0.71
C000018123,0.7429,True,0.71
C000014309,0.5103,False,0.71
C000017030,0.7912,True,0.71
C000038244,0.4316,False,0.71
C000006794,0.1612,False,0.71
C000031478,0.7553,True,0.71
C000012047,0.361,False,0.71
C000011908,0.3805,False,0.71
C000004728,0.2667,False,0.71
C000000096,0.5483,False,0.71
C000038661,0.3155,False,0.71
C000025685,0.2408,False,0.71
C000029286,0.2547,False,0.71
C000024715,0.5129,False,0.71
C000001159,0.1819,False,0.71
C000006814,0.1559,False,0.71
C000035987,0.497,False,0.71
C000027784,0.5941,True,0.71
C000005473,0.6323,True,0.71
C000014352,0.5041,False,0.71
C000011918,0.3221,False,0.71
C000011667,0.5849,True,0.71
C000021339,0.5283,False,0.71
C000000477,0.2063,False,0.71
C000018315,0.5806,True,0.71
C000025267,0.4205,False,0.71
C000030300,0.8257,True,0.71
C000022557,0.4908,False,0.71
C000015103,0.573,True,0.71
C000021221,0.3559,False,0.71
C000036189,0.5973,True,0.71
C000007878,0.66,True,0.71
C000001964,0.478,False,0.71
C000025982,0.3473,False,0.71
C000032671,0.7525,True,0.71
C000010331,0.6152,True,0.71
C000020833,0.5634,True,0.71
C000014710,0.3389,False,0.71
C000010282,0.4748,False,0.71
C000024400,0.6647,True,0.71
C000004295,0.5563,True,0.71
C000032773,1.0,True,0.71
C000000626,0.5508,True,0.71
C000019259,0.8987,True,0.71
C000038320,0.6937,True,0.71
C000008272,0.9476,True,0.71
C000027075,0.727,True,0.71
C000032674,0.858,True,0.71
C000038249,0.716,True,0.71
C000026825,0.545,False,0.71
C000024612,0.4192,False,0.71
C000003042,0.6084,True,0.71
C000001748,0.5597,True,0.71
C000006077,0.6188,True,0.71
C000002609,0.4331,False,0.71
C000007065,0.4214,False,0.71
C000004476,0.1295,False,0.71
C000015267,0.5621,True,0.71
C000039153,0.5315,False,0.71
C000007837,0.6551,True,0.71
C000016998,0.3123,False,0.71
C000039255,0.6605,True,0.71
C000001255,0.925,True,0.71
C000009169,0.2928,False,0.71
C000004401,0.5928,True,0.71
C000021155,0.6849,True,0.71
C000030150,0.5089,False,0.71
C000013444,0.5437,False,0.71
C000039940,0.5431,False,0.71
C000004313,0.4332,False,0.71
C000033932,0.4533,False,0.71
C000012593,0.0,False,0.71
C000010658,0.7421,True,0.71
C000007925,0.2554,False,0.71
C000010698,0.3692,False,0.71
C000017978,0.5242,False,0.71
C000024428,0.7731,True,0.71
C000037581,0.6174,True,0.71
C000034548,0.2711,False,0.71
C000023980,0.2126,False,0.71
C000007890,0.5328,False,0.71
C000029344,0.6217,True,0.71
C000003716,0.8607,True,0.71
C000038291,0.6023,True,0.71
C000008087,0.8182,True,0.71
C000038717,0.352,False,0.71
C000039305,0.7463,True,0.71
C000038645,0.1812,False,0.71
C000031388,0.7738,True,0.71
C000004127,0.9262,True,0.71
C000035709,0.4023,False,0.71
C000010580,0.3357,False,0.71
C000025566,0.4977,False,0.71
C000026332,0.3138,False,0.71
C000005434,1.0,True,0.71
C000021888,0.4557,False,0.71
C000006345,0.6548,True,0.71
C000030755,0.0716,False,0.71
C000031646,0.4028,False,0.71
C000016823,0.255,False,0.71
C000022470,0.477,False,0.71
C000031173,0.4425,False,0.71
C000018009,0.5114,False,0.71
C000036307,0.3676,False,0.71
C000004748,0.4708,False,0.71
C000012301,0.3666,False,0.71
C000027252,0.3413,False,0.71
C000018465,0.6363,True,0.71
C000027615,0.5481,False,0.71
C000016482,0.6583,True,0.71
C000031107,0.1644,False,0.71
C000003083,0.4259,False,0.71
C000021752,0.6409,True,0.71
C000016638,0.4205,False,0.71
C000002523,0.7752,True,0.71
C000024440,0.4156,False,0.71
C000021812,0.4862,False,0.71
C000033586,0.2863,False,0.71
C000034134,0.4276,False,0.71
C000029962,0.5202,False,0.71
C000003979,0.775,True,0.71
C000036475,0.2754,False,0.71
C000010725,0.3054,False,0.71
C000031119,0.3774,False,0.71
C000003924,0.5838,True,0.71
C000032999,0.4243,False,0.71
C000013537,0.7281,True,0.71
C000007631,0.1488,False,0.71
C000038885,0.6341,True,0.71
C000023940,0.6053,True,0.71
C000016185,0.2479,False,0.71
C000027842,0.586,True,0.71
C000037222,0.4007,False,0.71
C000027167,0.7319,True,0.71
C000027086,0.5186,False,0.71
C000002839,0.7685,True,0.71
C000022118,0.8795,True,0.71
C000006939,0.458,False,0.71
C000024131,0.6689,True,0.71
C000030801,0.683,True,0.71
C000003746,0.2107,False,0.71
C000011043,0.7828,True,0.71
C000007264,0.4621,False,0.71
C000003892,0.3376,False,0.71
C000039726,0.5628,True,0.71
C000033386,0.5325,False,0.71
C000033167,0.7939,True,0.71
C000001791,0.9997,True,0.71
C000017560,0.6941,True,0.71
C000008956,0.4801,False,0.71
C000039529,0.3624,False,0.71
C000022401,0.468,False,0.71
C000036058,0.4058,False,0.71
C000011567,0.705,True,0.71
C000015876,0.309,False,0.71
C000019189,0.6686,True,0.71
C000009525,0.4822,False,0.71
C000024388,0.1228,False,0.71
C000002812,0.7651,True,0.71
C000032307,0.9122,True,0.71
C000009562,0.577,True,0.71
C000033543,0.5199,False,0.71
C000014540,0.4815,False,0.71
C000034234,0.6221,True,0.71
C000029128,0.6698,True,0.71
C000004456,0.6516,True,0.71
C000021243,0.18,False,0.71
C000021319,0.1976,False,0.71
C000015807,0.3618,False,0.71
C000038435,0.512,False,0.71
C000011749,0.2382,False,0.71
C000036202,0.5449,False,0.71
C000011018,0.3156,False,0.71
C000008418,0.7477,True,0.71
C000019721,0.2647,False,0.71
C000009424,0.0,False,0.71
C000028317,0.1015,False,0.71
C000000031,0.6486,True,0.71
C000022786,0.5624,True,0.71
C000032641,0.5408,False,0.71
C000017849,0.3123,False,0.71
C000039905,0.4819,False,0.71
C000032119,0.4649,False,0.71
C000034258,0.5856,True,0.71
C000018765,0.4508,False,0.71
C000015942,0.5505,True,0.71
C000035307,0.6426,True,0.71
C000019661,0.4815,False,0.71
C000002513,0.751,True,0.71
C000027216,0.3567,False,0.71
C000008178,0.4535,False,0.71
C000016133,0.5184,False,0.71
C000013303,0.6194,True,0.71
C000015909,0.7892,True,0.71
C000018401,0.3196,False,0.71
C000032645,0.6393,True,0.71
C000018395,0.3468,False,0.71
C000005901,0.3378,False,0.71
C000035145,0.5946,True,0.71
C000006260,0.4115,False,0.71
C000001093,0.1267,False,0.71
C000032834,0.2816,False,0.71
C000013607,0.7869,True,0.71
C000006138,0.3401,False,0.71
C000016174,0.2265,False,0.71
C000023979,0.388,False,0.71
C000015820,0.7029,True,0.71
C000027994,0.5936,True,0.71
C000023766,0.2565,False,0.71
C000015906,0.6622,True,0.71
C000019799,0.3927,False,0.71
C000029959,0.0638,False,0.71
C000029014,0.5077,False,0.71
C000039816,0.4053,False,0.71
C000000799,0.3483,False,0.71
C000004235,0.6016,True,0.71
C000010279,0.6351,True,0.71
C000035050,0.4511,False,0.71
C000022494,0.9145,True,0.71
C000016637,0.7475,True,0.71
C000026181,0.53,False,0.71
C000015831,0.3774,False,0.71
C000029905,0.8518,True,0.71
C000018925,0.4975,False,0.71
C000012093,0.6107,True,0.71
C000026096,0.6725,True,0.71
C000015969,0.4045,False,0.71
C000000531,0.1057,False,0.71
C000015368,0.3136,False,0.71
C000028319,0.4406,False,0.71
C000030782,0.2241,False,0.71
C000039450,0.2788,False,0.71
C000024835,0.8214,True,0.71
C000034350,0.646,True,0.71
C000012950,0.4957,False,0.71
C000011508,0.7777,True,0.71
C000005773,1.0,True,0.71
C000019894,0.3303,False,0.71
C000001901,0.5685,True,0.71
C000019127,0.5066,False,0.71
C000027109,0.4018,False,0.71
C000006603,0.7769,True,0.71
C000022406,0.507,False,0.71
C000028749,0.0774,False,0.71
C000024966,0.1449,False,0.71
C000004626,0.2903,False,0.71
C000027063,0.6535,True,0.71
C000015757,0.3674,False,0.71
C000034265,0.1766,False,0.71
C000021692,0.3846,False,0.71
C000012975,0.4862,False,0.71
C000024087,0.5939,True,0.71
C000034293,0.5124,False,0.71
C000009100,0.3697,False,0.71
C000016590,0.7573,True,0.71
C000030095,0.31,False,0.71
C000024911,0.4164,False,0.71
C000009900,0.2695,False,0.71
C000015830,0.4598,False,0.71
C000007987,0.3649,False,0.71
C000033437,0.5952,True,0.71
C000000879,0.8672,True,0.71
C000012758,0.1698,False,0.71
C000016150,0.7676,True,0.71
C000001998,0.1009,False,0.71
C000026444,0.6767,True,0.71
C000000338,0.4603,False,0.71
C000003397,0.3848,False,0.71
C000032349,0.5913,True,0.71
C000033150,0.5294,False,0.71
C000028374,0.6466,True,0.71
C000004205,0.2733,False,0.71
C000030037,0.6339,True,0.71
C000027565,0.0333,False,0.71
C000021776,0.582,True,0.71
C000004649,0.2213,False,0.71
C000031038,0.4537,False,0.71
C000012045,0.5443,False,0.71
C000009360,0.506,False,0.71
C000022654,0.5633,True,0.71
C000019170,0.9864,True,0.71
C000009055,0.6713,True,0.71
C000002556,0.3229,False,0.71
C000034396,0.8195,True,0.71
C000020780,0.434,False,0.71
C000011690,0.2649,False,0.71
C000029940,0.4327,False,0.71
C000008422,0.9201,True,0.71
C000014446,0.7461,True,0.71
C000006984,0.9084,True,0.71
C000026383,0.3003,False,0.71
C000015151,0.4769,False,0.71
C000037116,0.65,True,0.71
C000000590,0.6974,True,0.71
C000039819,0.5633,True,0.71
C000004774,0.2733,False,0.71
C000031133,0.7793,True,0.71
C000013647,0.5551,True,0.71
C000021103,0.7662,True,0.71
C000003780,0.3899,False,0.71
C000003966,0.5733,True,0.71
C000016075,0.8306,True,0.71
C000016369,0.4911,False,0.71
C000013812,0.6735,True,0.71
C000013189,0.7761,True,0.71
C000015895,0.8173,True,0.71
C000013275,0.8516,True,0.71
C000028976,0.4556,False,0.71
C000033670,0.3777,False,0.71
C000026443,0.5314,False,0.71
C000037591,0.5787,True,0.71
C000012135,0.4596,False,0.71
C000003528,0.5496,False,0.71
C000007248,0.376,False,0.71
C000033664,0.5709,True,0.71
C000025499,0.5934,True,0.71
C000030198,0.3105,False,0.71
C000011938,0.8331,True,0.71
C000002289,0.8619,True,0.71
C000036917,0.5046,False,0.71
C000014591,0.5542,True,0.71
C000032824,0.3742,False,0.71
C000022179,0.2067,False,0.71
C000038381,0.6738,True,0.71
C000032049,0.6828,True,0.71
C000015802,0.4161,False,0.71
C000016653,0.4519,False,0.71
C000028610,0.5854,True,0.71
C000026909,0.4484,False,0.71
C000028018,0.3942,False,0.71
C000022701,0.3953,False,0.71
C000036546,0.6247,True,0.71
C000001115,0.5767,True,0.71
C000035525,0.0,False,0.71
C000016901,0.5428,False,0.71
C000027363,0.3309,False,0.71
C000032446,0.6255,True,0.71
C000026740,0.2798,False,0.71
C000029997,0.9106,True,0.71
C000013066,0.3501,False,0.71
C000000461,0.3527,False,0.71
C000007931,0.6156,True,0.71
C000018163,0.5797,True,0.71
C000009704,0.5766,True,0.71
C000010639,0.6907,True,0.71
C000023560,0.6962,True,0.71
C000003767,0.8313,True,0.71
C000038803,0.6338,True,0.71
C000025039,0.5029,False,0.71
C000024266,0.6604,True,0.71
C000004591,0.6095,True,0.71
C000014698,0.138,False,0.71
C000030425,0.6391,True,0.71
C000036772,0.7769,True,0.71
C000006341,0.2427,False,0.71
C000032621,0.5116,False,0.71
C000036554,0.159,False,0.71
C000025201,0.5598,True,0.71
C000019653,0.5693,True,0.71
C000033214,0.624,True,0.71
C000001454,0.4308,False,0.71
C000019949,0.6501,True,0.71
C000022666,0.308,False,0.71
C000022796,0.6891,True,0.71
C000006334,0.4458,False,0.71
C000032352,0.4201,False,0.71
C000007037,0.4117,False,0.71
C000011852,0.2268,False,0.71
C000013784,0.6117,True,0.71
C000001649,0.8575,True,0.71
C000015310,0.4378,False,0.71
C000021913,0.7439,True,0.71
C000035430,0.6053,True,0.71
C000029071,0.2853,False,0.71
C000011040,0.5662,True,0.71
C000012762,0.2718,False,0.71
C000031413,0.4896,False,0.71
C000038969,0.4598,False,0.71
C000014517,0.5297,False,0.71
C000033810,0.1996,False,0.71
C000038446,0.1648,False,0.71
C000037632,0.3096,False,0.71
C000037514,0.3962,False,0.71
C000033041,0.4958,False,0.71
C000015369,0.4757,False,0.71
C000000052,0.4704,False,0.71
C000016276,0.6914,True,0.71
C000021995,0.3123,False,0.71
C000015972,0.4441,False,0.71
C000033607,0.1057,False,0.71
C000009077,1.0,True,0.71
C000017046,0.5139,False,0.71
C000034078,0.2324,False,0.71
C000005105,0.7373,True,0.71
C000006901,0.3927,False,0.71
C000005310,0.6324,True,0.71
C000020056,0.4333,False,0.71
C000028288,0.579,True,0.71
C000023319,0.3322,False,0.71
C000001911,0.3027,False,0.71
C000030390,0.4321,False,0.71
C000016074,0.4841,False,0.71
C000004923,0.7484,True,0.71
C000009096,0.3993,False,0.71
C000020097,0.0983,False,0.71
C000006694,0.4553,False,0.71
C000020141,0.5126,False,0.71
C000016326,0.4297,False,0.71
C000025829,0.6631,True,0.71
C000039606,0.5274,False,0.71
C000006648,0.97,True,0.71
C000032295,0.1417,False,0.71
C000038414,0.7695,True,0.71
C000000941,0.7903,True,0.71
C000034123,0.6416,True,0.71
C000026339,0.607,True,0.71
C000006274,0.733,True,0.71
C000025908,0.4567,False,0.71
C000039216,0.7673,True,0.71
C000005045,0.2582,False,0.71
C000006244,0.6473,True,0.71
C000018543,0.3021,False,0.71
C000035681,0.257,False,0.71
C000005723,0.561,True,0.71
C000021098,0.316,False,0.71
C000024693,0.3837,False,0.71
C000006759,0.9764,True,0.71
C000021835,0.5403,False,0.71
C000024604,0.3325,False,0.71
C000018946,0.6024,True,0.71
C000003545,0.433,False,0.71
C000037964,0.2519,False,0.71
C000003591,0.3438,False,0.71
C000027532,0.4615,False,0.71
C000000143,0.6754,True,0.71
C000012641,0.5924,True,0.71
C000001184,0.2521,False,0.71
C000023053,0.1304,False,0.71
C000024701,0.2281,False,0.71
C000006965,0.5777,True,0.71
C000025037,0.6032,True,0.71
C000032880,0.7481,True,0.71
C000004518,0.1012,False,0.71
C000012462,0.3515,False,0.71
C000026761,0.6966,True,0.71
C000011178,0.5168,False,0.71
C000032817,0.715,True,0.71
C000007620,0.3475,False,0.71
C000025309,0.6491,True,0.71
C000018987,0.2025,False,0.71
C000026767,0.6319,True,0.71
C000002453,0.4198,False,0.71
C000005787,0.1727,False,0.71
C000008861,0.6762,True,0.71
C000000905,0.5381,False,0.71
C000037714,0.5368,False,0.71
C000033439,0.4411,False,0.71
C000013256,0.6098,True,0.71
C000036549,0.3041,False,0.71
C000004998,0.3866,False,0.71
C000017518,0.4443,False,0.71
C000019847,0.7066,True,0.71
C000038794,0.5419,False,0.71
C000008970,0.3219,False,0.71
C000030075,0.5752,True,0.71
C000019868,0.426,False,0.71
C000008002,0.4561,False,0.71
C000039651,0.2763,False,0.71
C000000985,0.0122,False,0.71
C000012988,0.4265,False,0.71
C000029979,0.485,False,0.71
C000014533,0.8181,True,0.71
C000005745,0.6707,True,0.71
C000027552,0.7851,True,0.71
C000030745,0.4247,False,0.71
C000024481,0.8538,True,0.71
C000039698,0.6408,True,0.71
C000006213,0.5445,False,0.71
C000009619,0.8404,True,0.71
C000008919,0.5576,True,0.71
C000034703,0.298,False,0.71
C000013558,0.3196,False,0.71
C000028725,0.4595,False,0.71
C000033895,0.3567,False,0.71
C000036725,0.0388,False,0.71
C000028694,0.2189,False,0.71
C000018257,0.4246,False,0.71
C000026289,0.3401,False,0.71
C000034066,0.3804,False,0.71
C000027861,0.562,True,0.71
C000016549,0.321,False,0.71
C000006720,0.6548,True,0.71
C000005811,0.6003,True,0.71
C000033110,0.6666,True,0.71
C000027975,0.5989,True,0.71
C000033436,0.3576,False,0.71
C000031512,0.398,False,0.71
C000002958,0.2302,False,0.71
C000011494,0.7148,True,0.71
C000020972,0.4193,False,0.71
C000010602,0.4756,False,0.71
C000036245,0.2784,False,0.71
C000028844,0.5579,True,0.71
C000003826,0.5659,True,0.71
C000032308,0.6099,True,0.71
C000027684,0.539,False,0.71
C000032194,0.1215,False,0.71
C000038950,0.8146,True,0.71
C000007767,0.096,False,0.71
C000038195,0.8585,True,0.71
C000023054,0.5169,False,0.71
C000036621,0.5393,False,0.71
C000007696,0.4189,False,0.71
C000033760,0.6711,True,0.71
C000013886,0.5826,True,0.71
C000033051,0.6732,True,0.71
C000032990,0.396,False,0.71
C000007271,0.6181,True,0.71
C000012511,0.2056,False,0.71
C000030811,0.5095,False,0.71
C000030202,0.4059,False,0.71
C000004863,0.7687,True,0.71
C000008462,0.298,False,0.71
C000017484,0.5478,False,0.71
C000023608,0.2874,False,0.71
C000002987,0.3354,False,0.71
C000027211,0.393,False,0.71
C000009748,0.396,False,0.71
C000011528,0.404,False,0.71
C000007928,0.6767,True,0.71
C000021668,0.6274,True,0.71
C000039275,0.3819,False,0.71
C000005529,0.623,True,0.71
C000020887,0.5437,False,0.71
C000016454,0.5666,True,0.71
C000034299,0.0356,False,0.71
C000031307,0.4078,False,0.71
C000036436,0.2511,False,0.71
C000009215,0.1156,False,0.71
C000027647,0.4987,False,0.71
C000031772,0.2234,False,0.71
C000026209,0.6061,True,0.71
C000010435,0.4711,False,0.71
C000008309,0.6181,True,0.71
C000031488,0.3699,False,0.71
C000023015,0.3295,False,0.71
C000037593,0.4395,False,0.71
C000033313,0.4882,False,0.71
C000038851,0.6757,True,0.71
C000014924,0.4656,False,0.71
C000013251,0.4674,False,0.71
C000012542,0.513,False,0.71
C000019591,0.3021,False,0.71
C000039620,0.6046,True,0.71
C000025479,0.3793,False,0.71
C000037655,0.374,False,0.71
C000020470,0.6347,True,0.71
C000022381,0.636,True,0.71
C000003340,0.5538,True,0.71
C000003028,0.3191,False,0.71
C000032914,0.6018,True,0.71
C000012154,0.4464,False,0.71
C000003831,0.5939,True,0.71
C000023441,0.4249,False,0.71
C000015236,0.5823,True,0.71
C000034785,0.3063,False,0.71
C000039964,0.8155,True,0.71
C000034141,0.4543,False,0.71
C000007151,0.5266,False,0.71
C000007022,0.5953,True,0.71
C000022369,0.6255,True,0.71
C000022236,0.5233,False,0.71
C000027168,0.1029,False,0.71
C000031591,0.3194,False,0.71
C000002323,0.398,False,0.71
C000016340,1.0,True,0.71
C000032227,0.6558,True,0.71
C000016080,0.6498,True,0.71
C000007330,0.6035,True,0.71
C000032782,0.2771,False,0.71
C000018302,0.3808,False,0.71
C000010596,0.4542,False,0.71
C000036544,0.3759,False,0.71
C000034885,0.3128,False,0.71
C000013431,0.6035,True,0.71
C000003697,0.655,True,0.71
C000014750,0.4882,False,0.71
C000030655,0.4852,False,0.71
C000028233,0.3301,False,0.71
C000023497,0.4349,False,0.71
C000027518,0.5084,False,0.71
C000022764,0.7141,True,0.71
C000009703,0.4588,False,0.71
C000022373,0.4417,False,0.71
C000016900,0.6662,True,0.71
C000017627,0.5437,False,0.71
C000010030,0.6694,True,0.71
C000015515,0.3189,False,0.71
C000005176,0.4694,False,0.71
C000019831,0.5265,False,0.71
C000006082,0.517,False,0.71
C000039173,0.3713,False,0.71
C000034853,0.5975,True,0.71
C000026326,0.3821,False,0.71
C000027483,0.2542,False,0.71
C000017181,0.4394,False,0.71
C000035108,0.3788,False,0.71
C000000945,0.5698,True,0.71
C000030107,0.5942,True,0.71
C000008321,0.292,False,0.71
C000015253,0.669,True,0.71
C000029051,0.609,True,0.71
C000018179,0.5392,False,0.71
C000002990,0.2651,False,0.71
C000023003,0.6203,True,0.71
C000015675,0.4978,False,0.71
C000006817,0.8071,True,0.71
C000032763,0.6941,True,0.71
C000036428,0.6965,True,0.71
C000023293,0.4619,False,0.71
C000010333,0.3779,False,0.71
C000026258,0.4143,False,0.71
C000020970,0.4641,False,0.71
C000007029,0.6028,True,0.71
C000032728,0.4554,False,0.71
C000014926,0.5905,True,0.71
C000038185,0.4248,False,0.71
C000012487,0.659,True,0.71
C000032420,0.5081,False,0.71
C000029873,0.2731,False,0.71
C000039911,0.6244,True,0.71
C000013220,0.9059,True,0.71
C000015112,0.3713,False,0.71
C000020605,0.4173,False,0.71
C000011136,0.5293,False,0.71
C000001610,0.6858,True,0.71
C000035754,0.5075,False,0.71
C000001960,0.1044,False,0.71
C000017539,0.3612,False,0.71
C000025925,0.7691,True,0.71
C000035952,0.8076,True,0.71
C000005207,0.3405,False,0.71
C000025455,0.6679,True,0.71
C000020955,0.6756,True,0.71
C000004157,0.1869,False,0.71
C000006108,0.4986,False,0.71
C000013573,0.7653,True,0.71
C000018037,0.5871,True,0.71
C000013363,0.2866,False,0.71
C000021640,0.5303,False,0.71
C000022739,0.5144,False,0.71
C000026047,1.0,True,0.71
C000022408,0.8321,True,0.71
C000032407,0.1534,False,0.71
C000012200,0.446,False,0.71
C000036750,0.4038,False,0.71
C000016517,0.3731,False,0.71
C000023570,0.8889,True,0.71
C000021062,0.4849,False,0.71
C000018643,0.7054,True,0.71
C000004971,0.8576,True,0.71
C000024782,0.453,False,0.71
C000029708,0.3527,False,0.71
C000031408,0.3202,False,0.71
C000026042,0.4045,False,0.71
C000000972,0.5359,False,0.71
C000000795,0.6687,True,0.71
C000029334,0.305,False,0.71
C000013440,0.3891,False,0.71
C000012173,0.6051,True,0.71
C000013418,0.6857,True,0.71
C000029970,0.5193,False,0.71
C000008780,0.2814,False,0.71
C000019866,0.3755,False,0.71
C000010603,0.7036,True,0.71
C000000310,0.6576,True,0.71
C000023819,0.6237,True,0.71
C000021916,0.5353,False,0.71
C000024093,0.9018,True,0.71
C000015150,0.4859,False,0.71
C000008848,0.6127,True,0.71
C000016878,0.6669,True,0.71
C000009517,0.6508,True,0.71
C000023641,0.6473,True,0.71
C000020835,0.2434,False,0.71
C000006844,0.4892,False,0.71
C000013932,0.359,False,0.71
C000007606,0.4183,False,0.71
C000015526,0.6646,True,0.71
C000021135,0.4787,False,0.71
C000026995,0.375,False,0.71
C000016259,0.739,True,0.71
C000037051,0.7454,True,0.71
C000036123,0.5352,False,0.71
C000037900,0.69,True,0.71
C000030246,0.214,False,0.71
C000025381,0.2989,False,0.71
C000018649,0.2809,False,0.71
C000026796,0.0398,False,0.71
C000001515,0.529,False,0.71
C000009858,0.4944,False,0.71
C000032762,0.5939,True,0.71
C000026743,0.1738,False,0.71
C000014477,0.0556,False,0.71
C000022148,0.4334,False,0.71
C000004354,0.4333,False,0.71
C000016667,0.5953,True,0.71
C000019777,0.4695,False,0.71
C000010564,0.9027,True,0.71
C000036444,0.2379,False,0.71
C000004876,0.3448,False,0.71
C000014174,0.5625,True,0.71
C000005957,0.6514,True,0.71
C000030070,0.4325,False,0.71
C000039104,0.3712,False,0.71
C000034442,0.2958,False,0.71
C000021612,0.4919,False,0.71
C000039414,0.4396,False,0.71
C000035563,0.4059,False,0.71
C000002190,0.2047,False,0.71
C000024317,0.7993,True,0.71
C000028662,0.8196,True,0.71
C000010399,0.1613,False,0.71
C000021680,0.3267,False,0.71
C000034568,0.4835,False,0.71
C000024941,0.6167,True,0.71
C000037463,0.5587,True,0.71
C000000223,0.2656,False,0.71
C000019957,0.2532,False,0.71
C000036296,0.161,False,0.71
C000027404,0.6022,True,0.71
C000001853,0.2254,False,0.71
C000013509,0.595,True,0.71
C000017555,0.3971,False,0.71
C000038484,0.6621,True,0.71
C000007443,0.5258,False,0.71
C000008043,0.4205,False,0.71
C000008707,0.3289,False,0.71
C000002390,0.5211,False,0.71
C000034700,0.4821,False,0.71
C000028074,0.5269,False,0.71
C000028790,0.49,False,0.71
C000002502,0.4036,False,0.71
C000010754,0.72,True,0.71
C000008516,0.5762,True,0.71
C000014739,0.6798,True,0.71
C000020282,0.6139,True,0.71
C000036012,0.9096,True,0.71
C000031403,0.2151,False,0.71
C000005189,0.625,True,0.71
C000038186,0.4552,False,0.71
C000034244,0.1662,False,0.71
C000025977,0.8491,True,0.71
C000019112,0.6586,True,0.71
C000024344,0.6666,True,0.71
C000001916,0.8089,True,0.71
C000012217,0.6357,True,0.71
C000017408,0.1258,False,0.71
C000017809,0.5675,True,0.71
C000038683,0.5641,True,0.71
C000035276,0.7423,True,0.71
C000035374,0.4239,False,0.71
C000011566,0.7415,True,0.71
C000015443,0.3745,False,0.71
C000015077,0.7794,True,0.71
C000000097,0.6,True,0.71
C000007506,0.0,False,0.71
C000032478,0.4472,False,0.71
C000013219,0.5523,True,0.71
C000000402,0.9118,True,0.71
C000014065,0.6613,True,0.71
C000022752,0.1605,False,0.71
C000004821,0.6228,True,0.71
C000036743,0.6591,True,0.71
C000014354,0.4389,False,0.71
C000036958,0.319,False,0.71
C000019842,0.6516,True,0.71
C000019714,0.5729,True,0.71
C000019484,0.0601,False,0.71
C000015907,0.3085,False,0.71
C000004201,0.3915,False,0.71
C000012195,0.3993,False,0.71
C000023797,0.7516,True,0.71
C000038377,0.2802,False,0.71
C000039374,0.0934,False,0.71
C000016767,0.1645,False,0.71
C000002347,0.2676,False,0.71
C000006461,0.7351,True,0.71
C000037538,0.5551,True,0.71
C000023851,0.1937,False,0.71
C000016426,0.4084,False,0.71
C000011604,0.5556,True,0.71
C000005004,0.359,False,0.71
C000000767,0.305,False,0.71
C000021866,0.1678,False,0.71
C000016849,0.7147,True,0.71
C000022974,0.3228,False,0.71
C000036209,0.5594,True,0.71
C000037515,0.4264,False,0.71
C000003630,0.7693,True,0.71
C000030704,0.6248,True,0.71
C000024436,0.5263,False,0.71
C000026302,0.3639,False,0.71
C000016634,0.5342,False,0.71
C000033756,0.7162,True,0.71
C000037438,0.3993,False,0.71
C000012159,0.6016,True,0.71
C000028742,0.8742,True,0.71
C000012383,0.4596,False,0.71
C000001471,0.7127,True,0.71
C000011564,0.2419,False,0.71
C000008052,0.5778,True,0.71
C000025969,0.3315,False,0.71
C000026363,0.6502,True,0.71
C000033769,0.7301,True,0.71
C000010344,0.3011,False,0.71
C000028843,0.2117,False,0.71
C000014456,0.4739,False,0.71
C000010929,0.6538,True,0.71
C000000465,0.1005,False,0.71
C000016254,0.1804,False,0.71
C000001894,0.4846,False,0.71
C000000010,0.528,False,0.71
C000006664,0.8396,True,0.71
C000010069,0.3017,False,0.71
C000036267,0.7878,True,0.71
C000035161,0.317,False,0.71
C000033164,0.1278,False,0.71
C000031917,0.4303,False,0.71
C000024505,0.1293,False,0.71
C000012498,0.0507,False,0.71
C000011890,0.7112,True,0.71
C000014503,0.5363,False,0.71
C000024885,0.6405,True,0.71
C000035406,0.4454,False,0.71
C000019136,0.1642,False,0.71
C000013380,0.3916,False,0.71
C000010491,0.5215,False,0.71
C000030116,0.4379,False,0.71
C000037718,0.6663,True,0.71
C000010550,0.8981,True,0.71
C000003962,0.6545,True,0.71
C000015531,0.6278,True,0.71
C000016432,0.3738,False,0.71
C000008362,0.4022,False,0.71
C000015479,0.5598,True,0.71
C000015780,0.1966,False,0.71
C000017668,0.4214,False,0.71
C000013787,0.4363,False,0.71
C000024447,0.4436,False,0.71
C000008202,0.2695,False,0.71
C000030930,0.7184,True,0.71
C000001442,0.3988,False,0.71
C000022671,0.2969,False,0.71
C000004284,0.6339,True,0.71
C000027612,0.4869,False,0.71
C000004521,0.5079,False,0.71
C000004277,0.345,False,0.71
C000010608,0.6516,True,0.71
C000009126,0.555,True,0.71
C000015076,0.4754,False,0.71
C000036229,0.4667,False,0.71
C000020201,0.483,False,0.71
C000039792,0.6025,True,0.71
C000018646,0.025,False,0.71
C000017573,0.2436,False,0.71
C000029182,0.7096,True,0.71
C000024149,0.3822,False,0.71
C000014863,0.6652,True,0.71
C000028809,0.3717,False,0.71
C000033440,0.592,True,0.71
C000007926,0.0733,False,0.71
C000013568,0.534,False,0.71
C000015904,0.2798,False,0.71
C000037934,0.6156,True,0.71
C000015400,0.5417,False,0.71
C000002495,0.5275,False,0.71
C000031853,0.4004,False,0.71
C000018019,0.4907,False,0.71
C000002228,0.103,False,0.71
C000023399,0.5847,True,0.71
C000022361,0.2685,False,0.71
C000004121,0.589,True,0.71
C000022181,0.7284,True,0.71
C000023049,0.8147,True,0.71
C000008226,0.3286,False,0.71
C000004192,0.479,False,0.71
C000022089,0.3433,False,0.71
C000000732,0.6511,True,0.71
C000032197,0.2742,False,0.71
C000024547,0.4033,False,0.71
C000016106,0.3355,False,0.71
C000023517,0.5058,False,0.71
C000016778,0.4349,False,0.71
C000008961,0.5158,False,0.71
C000013542,0.4606,False,0.71
C000036276,0.5862,True,0.71
C000024470,0.5544,True,0.71
C000018178,0.3038,False,0.71
C000024840,0.4817,False,0.71
C000003616,0.4906,False,0.71
C000025203,0.5981,True,0.71
C000003710,0.2025,False,0.71
C000031705,0.5278,False,0.71
C000030925,0.9034,True,0.71
C000007073,0.5801,True,0.71
C000007242,0.4899,False,0.71
C000010646,0.5289,False,0.71
C000025126,0.4843,False,0.71
C000039889,0.6925,True,0.71
C000023498,0.2414,False,0.71
C000008036,0.5804,True,0.71
C000001855,0.4497,False,0.71
C000025024,0.559,True,0.71
C000031570,0.6346,True,0.71
C000022967,0.4076,False,0.71
C000009464,0.249,False,0.71
C000014536,1.0,True,0.71
C000012727,0.6225,True,0.71
C000008981,0.6559,True,0.71
C000017873,0.5569,True,0.71
C000008653,0.4499,False,0.71
C000007069,0.7797,True,0.71
C000022120,0.5273,False,0.71
C000022278,0.3759,False,0.71
C000003519,0.3605,False,0.71
C000038232,0.4777,False,0.71
C000028490,0.4696,False,0.71
C000007889,0.72,True,0.71
C000009940,0.4092,False,0.71
C000035254,0.0996,False,0.71
C000033352,0.5671,True,0.71
C000002193,0.3554,False,0.71
C000036584,0.576,True,0.71
C000003127,0.5494,False,0.71
C000014716,0.6314,True,0.71
C000031305,0.3872,False,0.71
C000018931,0.7408,True,0.71
C000039171,0.926,True,0.71
C000003289,0.1984,False,0.71
C000027834,0.6001,True,0.71
C000022574,0.3413,False,0.71
C000029244,0.2473,False,0.71
C000002044,0.1289,False,0.71
C000014381,0.2051,False,0.71
C000012465,0.6009,True,0.71
C000032899,0.4878,False,0.71
C000016711,0.7669,True,0.71
C000000867,0.636,True,0.71
C000034173,0.5791,True,0.71
C000036246,0.5115,False,0.71
C000035775,0.6474,True,0.71
C000013759,0.5144,False,0.71
C000028415,0.5916,True,0.71
C000018655,0.6983,True,0.71
C000037348,0.393,False,0.71
C000005099,0.2903,False,0.71
C000018983,0.2281,False,0.71
C000008889,0.5495,False,0.71
C000019859,0.4229,False,0.71
C000033624,0.6436,True,0.71
C000003989,0.7411,True,0.71
C000012675,0.454,False,0.71
C000024316,0.8185,True,0.71
C000031006,0.3923,False,0.71
C000006580,0.3311,False,0.71
C000025744,0.4602,False,0.71
C000028881,0.4692,False,0.71
C000018042,0.3454,False,0.71
C000011427,0.5759,True,0.71
C000001143,0.5185,False,0.71
C000018423,0.4425,False,0.71
C000030885,0.5933,True,0.71
C000015571,0.4335,False,0.71
C000006947,0.0,False,0.71
C000024478,0.5603,True,0.71
C000030834,0.4411,False,0.71
C000019029,0.3946,False,0.71
C000031138,0.7688,True,0.71
C000003377,0.4358,False,0.71
C000004809,0.3866,False,0.71
C000030764,0.6286,True,0.71
C000038204,0.6391,True,0.71
C000019454,0.2723,False,0.71
C000007502,0.2636,False,0.71
C000008604,0.6744,True,0.71
C000010370,0.5174,False,0.71
C000038188,0.427,False,0.71
C000034985,0.2723,False,0.71
C000010000,0.4028,False,0.71
C000015619,0.5977,True,0.71
C000000796,0.4437,False,0.71
C000016589,0.6959,True,0.71
C000030725,0.5389,False,0.71
C000025392,0.5818,True,0.71
C000004368,0.1513,False,0.71
C000000627,0.5531,True,0.71
C000025087,0.6581,True,0.71
C000005912,0.3607,False,0.71
C000007521,0.4516,False,0.71
C000022517,0.6107,True,0.71
C000008677,0.5861,True,0.71
C000007813,0.418,False,0.71
C000014776,0.18,False,0.71
C000036143,0.5604,True,0.71
C000032743,0.975,True,0.71
C000020290,0.4123,False,0.71
C000031665,0.8153,True,0.71
C000037455,0.5053,False,0.71
C000000234,0.6411,True,0.71
C000032043,0.5394,False,0.71
C000027611,0.3373,False,0.71
C000010347,0.977,True,0.71
C000030468,0.073,False,0.71
C000028642,0.8132,True,0.71
C000007812,0.6937,True,0.71
C000017871,0.6293,True,0.71
C000038261,0.2377,False,0.71
C000006225,0.0283,False,0.71
C000005527,0.1906,False,0.71
C000017697,0.6518,True,0.71
C000024929,0.2486,False,0.71
C000031128,0.2009,False,0.71
C000014152,0.4502,False,0.71
C000007730,0.7773,True,0.71
C000023023,0.4627,False,0.71
C000016092,0.751,True,0.71
C000030736,0.4188,False,0.71
C000015789,0.6377,True,0.71
C000010542,0.4215,False,0.71
C000015897,0.3805,False,0.71
C000001193,0.5586,True,0.71
C000010417,0.1871,False,0.71
C000032060,0.4006,False,0.71
C000038060,0.8889,True,0.71
C000002862,0.6438,True,0.71
C000015438,0.3642,False,0.71
C000025986,0.8344,True,0.71
C000008680,0.5904,True,0.71
C000015985,0.7243,True,0.71
C000012694,0.699,True,0.71
C000011296,0.6575,True,0.71
C000031410,0.5056,False,0.71
C000006384,0.4045,False,0.71
C000012483,0.5464,False,0.71
C000026145,0.6426,True,0.71
C000026482,0.4567,False,0.71
C000024723,0.5952,True,0.71
C000012579,0.4884,False,0.71
C000010063,0.6741,True,0.71
C000006803,0.2719,False,0.71
C000026509,0.3119,False,0.71
C000033063,0.7315,True,0.71
C000039445,0.0188,False,0.71
C000033207,0.8123,True,0.71
C000014136,0.4842,False,0.71
C000017404,0.7721,True,0.71
C000002610,0.3384,False,0.71
C000016376,0.5472,False,0.71
C000015970,0.4283,False,0.71
C000025068,0.7767,True,0.71
C000018792,0.8046,True,0.71
C000005047,0.743,True,0.71
C000020672,0.4024,False,0.71
C000019775,0.6892,True,0.71
C000029917,0.4997,False,0.71
C000023642,0.8387,True,0.71
C000015666,0.7532,True,0.71
C000038020,0.5961,True,0.71
C000017432,0.3482,False,0.71
C000037323,0.2951,False,0.71
C000017045,0.4415,False,0.71
C000010401,0.5467,False,0.71
C000010471,0.5196,False,0.71
C000038532,0.3884,False,0.71
C000011351,0.5195,False,0.71
C000021813,0.4049,False,0.71
C000032552,0.9745,True,0.71
C000000853,0.7415,True,0.71
C000004741,0.6144,True,0.71
C000006014,0.6536,True,0.71
C000019918,0.4683,False,0.71
C000027320,0.3046,False,0.71
C000009825,0.5161,False,0.71
C000039404,0.3213,False,0.71
C000009390,0.2835,False,0.71
C000033947,0.3786,False,0.71
C000036513,0.5487,False,0.71
C000014340,0.6596,True,0.71
C000034650,0.4437,False,0.71
C000003059,0.4861,False,0.71
C000030997,0.2808,False,0.71
C000029526,0.4911,False,0.71
C000002296,0.7857,True,0.71
C000030361,0.4697,False,0.71
C000024162,0.315,False,0.71
C000008854,0.5782,True,0.71
C000003153,0.3506,False,0.71
C000001775,0.4436,False,0.71
C000030307,0.4533,False,0.71
C000039657,0.7295,True,0.71
C000019354,0.1807,False,0.71
C000021914,0.6875,True,0.71
C000030503,0.0787,False,0.71
C000020773,0.5862,True,0.71
C000031863,0.1843,False,0.71
C000022019,0.338,False,0.71
C000018269,0.4688,False,0.71
C000005164,0.6535,True,0.71
C000034084,0.7387,True,0.71
C000026085,0.474,False,0.71
C000033798,0.5705,True,0.71
C000013643,0.0,False,0.71
C000039732,0.5687,True,0.71
C000035000,0.7657,True,0.71
C000018704,0.451,False,0.71
C000036382,0.2955,False,0.71
C000030124,0.5376,False,0.71
C000007952,0.6212,True,0.71
C000033805,0.3148,False,0.71
C000031308,0.6307,True,0.71
C000037720,0.4569,False,0.71
C000022729,0.3727,False,0.71
C000025527,0.4252,False,0.71
C000030494,0.5762,True,0.71
C000019685,0.3281,False,0.71
C000015184,0.4527,False,0.71
C000009738,0.4956,False,0.71
C000037370,0.385,False,0.71
C000031369,0.2645,False,0.71
C000038050,0.3929,False,0.71
C000005092,0.563,True,0.71
C000002980,0.1031,False,0.71
C000024452,0.4978,False,0.71
C000025357,0.5519,True,0.71
C000039128,0.998,True,0.71
C000000660,0.5675,True,0.71
C000037767,0.4043,False,0.71
C000036003,0.7246,True,0.71
C000014121,0.9576,True,0.71
C000005478,0.1718,False,0.71
C000029228,0.5666,True,0.71
C000000790,0.1665,False,0.71
C000023993,0.5487,False,0.71
C000005387,0.5144,False,0.71
C000022437,0.8583,True,0.71
C000033458,0.1954,False,0.71
C000035431,0.3251,False,0.71
C000004504,0.3482,False,0.71
C000015024,0.5083,False,0.71
C000026322,0.5741,True,0.71
C000027623,0.8589,True,0.71
C000037621,0.2344,False,0.71
C000018073,0.4295,False,0.71
C000003481,0.6068,True,0.71
C000000358,0.5605,True,0.71
C000023750,0.4195,False,0.71
C000024457,0.7779,True,0.71
C000015823,0.4382,False,0.71
C000001908,0.5258,False,0.71
C000007992,0.7511,True,0.71
C000010799,0.6492,True,0.71
C000000911,0.4791,False,0.71
C000029739,0.5936,True,0.71
C000006387,0.5257,False,0.71
C000001022,0.6038,True,0.71
C000014372,0.4285,False,0.71
C000025938,0.4472,False,0.71
C000001125,0.1819,False,0.71
C000029581,0.3489,False,0.71
C000022233,0.4421,False,0.71
C000026043,0.1987,False,0.71
C000018785,0.8212,True,0.71
C000032408,0.5476,False,0.71
C000011017,0.6969,True,0.71
C000002130,0.6781,True,0.71
C000022896,0.9038,True,0.71
C000035382,0.3148,False,0.71
C000033035,0.6628,True,0.71
C000016733,1.0,True,0.71
C000022217,0.0684,False,0.71
C000035134,0.4603,False,0.71
C000017019,0.4046,False,0.71
C000017435,0.6092,True,0.71
C000007131,0.2239,False,0.71
C000013156,0.517,False,0.71
C000010263,0.6997,True,0.71
C000033576,0.1358,False,0.71
C000013914,0.2727,False,0.71
C000035595,0.2298,False,0.71
C000013659,0.6006,True,0.71
C000034454,0.2293,False,0.71
C000019706,0.4742,False,0.71
C000013044,0.2088,False,0.71
C000015256,0.3234,False,0.71
C000007221,0.3071,False,0.71
C000000303,0.0,False,0.71
C000006986,0.1994,False,0.71
C000028604,0.339,False,0.71
C000019943,0.5099,False,0.71
C000029751,0.7255,True,0.71
C000025440,0.741,True,0.71
C000021353,0.6068,True,0.71
C000037050,0.6774,True,0.71
C000014626,0.7937,True,0.71
C000039296,0.6272,True,0.71
C000019562,0.4541,False,0.71
C000036442,0.694,True,0.71
C000033556,0.6098,True,0.71
C000010334,0.721,True,0.71
C000000230,0.6176,True,0.71
C000005828,0.4534,False,0.71
C000019158,0.5911,True,0.71
C000031015,0.2323,False,0.71
C000013358,0.0969,False,0.71
C000011670,0.6585,True,0.71
C000004240,0.4213,False,0.71
C000023231,0.4934,False,0.71
C000016300,0.6996,True,0.71
C000029946,0.6484,True,0.71
C000006377,0.6957,True,0.71
C000032673,0.4442,False,0.71
C000024174,0.2943,False,0.71
C000022054,0.3547,False,0.71
C000031894,0.4996,False,0.71
C000014190,0.3901,False,0.71
C000031961,0.5277,False,0.71
C000020158,0.3849,False,0.71
C000008581,0.3283,False,0.71
C000039801,0.5978,True,0.71
C000018148,0.4452,False,0.71
C000029837,0.5973,True,0.71
C000037452,0.5746,True,0.71
C000030349,0.4254,False,0.71
C000009512,0.284,False,0.71
C000013918,0.5813,True,0.71
C000031044,0.0,False,0.71
C000029090,0.6646,True,0.71
C000036061,0.6383,True,0.71
C000008439,0.4139,False,0.71
C000001443,0.5328,False,0.71
C000005715,0.3528,False,0.71
C000035081,0.3273,False,0.71
C000039466,0.3627,False,0.71
C000037378,0.8253,True,0.71
C000010822,0.7349,True,0.71
C000006328,0.2041,False,0.71
C000028880,0.4905,False,0.71
C000016320,0.6623,True,0.71
C000036891,0.5661,True,0.71
C000033444,0.8407,True,0.71
C000020714,0.6071,True,0.71
C000012031,0.5157,False,0.71
C000029192,0.533,False,0.71
C000000914,0.0606,False,0.71
C000037914,0.7921,True,0.71
C000003801,0.8173,True,0.71
C000032553,0.5033,False,0.71
C000030018,0.5719,True,0.71
C000031285,0.4315,False,0.71
C000007407,0.248,False,0.71
C000039243,0.1406,False,0.71
C000006097,0.6397,True,0.71
C000010807,0.631,True,0.71
C000007238,0.1606,False,0.71
C000010713,0.4791,False,0.71
C000016811,0.5149,False,0.71
C000005569,0.5694,True,0.71
C000020582,0.5582,True,0.71
C000039115,0.4208,False,0.71
C000004324,0.3971,False,0.71
C000033152,0.5339,False,0.71
C000037820,0.4061,False,0.71
C000029353,0.4654,False,0.71
C000025327,0.3809,False,0.71
C000006613,0.6072,True,0.71
C000015620,0.2995,False,0.71
C000028475,0.7114,True,0.71
C000006955,0.6192,True,0.71
C000032850,0.3912,False,0.71
C000011502,0.3632,False,0.71
C000005547,0.5424,False,0.71
C000008713,0.4662,False,0.71
C000010921,0.5937,True,0.71
C000008108,0.3395,False,0.71
C000016889,0.4805,False,0.71
C000004481,0.2549,False,0.71
C000000020,0.159,False,0.71
C000023536,0.3279,False,0.71
C000020128,0.3827,False,0.71
C000014736,0.9335,True,0.71
C000002552,0.1769,False,0.71
C000015502,0.5983,True,0.71
C000018260,0.3558,False,0.71
C000013420,0.5389,False,0.71
C000031582,0.6374,True,0.71
C000037631,0.2929,False,0.71
C000006519,0.6957,True,0.71
C000024655,0.214,False,0.71
C000015521,0.5317,False,0.71
C000016675,0.4651,False,0.71
C000001760,0.8298,True,0.71
C000015722,0.2377,False,0.71
C000002032,0.5972,True,0.71
C000005023,0.419,False,0.71
C000031036,0.7578,True,0.71
C000024979,0.3039,False,0.71
C000009304,0.7369,True,0.71
C000002845,0.4534,False,0.71
C000032500,0.5183,False,0.71
C000007978,0.5353,False,0.71
C000003114,0.4893,False,0.71
C000019308,0.698,True,0.71
C000031625,0.8346,True,0.71
C000034103,0.6373,True,0.71
C000000103,0.2763,False,0.71
C000032644,0.4592,False,0.71
C000015957,0.5001,False,0.71
C000010631,0.5233,False,0.71
C000005273,0.3292,False,0.71
C000006127,0.3825,False,0.71
C000016438,0.3183,False,0.71
C000012585,0.6335,True,0.71
C000012539,0.5687,True,0.71
C000006485,0.5499,False,0.71
C000003951,0.5918,True,0.71
C000036388,0.5145,False,0.71
C000021877,0.4163,False,0.71
C000011165,0.208,False,0.71
C000001041,0.5211,False,0.71
C000035776,0.2317,False,0.71
C000028082,0.0,False,0.71
C000015760,0.1434,False,0.71
C000013913,0.4329,False,0.71
C000005184,0.2922,False,0.71
C000036930,0.1975,False,0.71
C000024108,0.1333,False,0.71
C000038362,0.7197,True,0.71
C000034433,0.8025,True,0.71
C000002181,0.6303,True,0.71
C000034863,1.0,True,0.71
C000034716,0.7429,True,0.71
C000016978,0.673,True,0.71
C000017025,0.5505,True,0.71
C000015360,0.9637,True,0.71
C000022371,0.5393,False,0.71
C000003394,0.2445,False,0.71
C000000006,1.0,True,0.71
C000022678,0.1759,False,0.71
C000033672,0.8303,True,0.71
C000021831,0.8198,True,0.71
C000021789,0.6098,True,0.71
C000005301,0.5901,True,0.71
C000017162,0.6582,True,0.71
C000031238,0.2216,False,0.71
C000024217,0.6053,True,0.71
C000027449,0.5437,False,0.71
C000019865,0.6589,True,0.71
C000002298,0.5408,False,0.71
C000037652,0.6058,True,0.71
C000015089,0.4375,False,0.71
C000017500,0.2158,False,0.71
C000016172,0.4192,False,0.71
C000033970,0.4334,False,0.71
C000002415,0.0409,False,0.71
C000036649,0.3992,False,0.71
C000005717,0.4303,False,0.71
C000024200,0.3268,False,0.71
C000031417,0.2812,False,0.71
C000013105,0.3662,False,0.71
C000012812,0.3571,False,0.71
C000017334,0.3542,False,0.71
C000011933,0.5771,True,0.71
C000026166,0.6523,True,0.71
C000005682,0.7319,True,0.71
C000039449,0.5439,False,0.71
C000037546,0.5483,False,0.71
C000035601,0.5963,True,0.71
C000020545,0.2404,False,0.71
C000008813,0.7818,True,0.71
C000038784,0.5725,True,0.71
C000029716,0.3681,False,0.71
C000032993,0.5279,False,0.71
C000031509,0.3435,False,0.71
C000012933,0.5782,True,0.71
C000012374,0.8015,True,0.71
C000011623,0.7128,True,0.71
C000010773,0.8759,True,0.71
C000003893,0.4634,False,0.71
C000011936,0.0432,False,0.71
C000003857,0.5063,False,0.71
C000009462,0.4973,False,0.71
C000002071,0.5525,True,0.71
C000036185,0.4231,False,0.71
C000005935,0.2302,False,0.71
C000014534,0.4442,False,0.71
C000012257,0.5028,False,0.71
C000023810,0.4412,False,0.71
C000021960,0.6007,True,0.71
C000039323,0.7176,True,0.71
C000007323,0.3564,False,0.71
C000002483,0.3532,False,0.71
C000023726,0.6049,True,0.71
C000004696,0.5918,True,0.71
C000033513,0.1898,False,0.71
C000014302,0.7612,True,0.71
C000001297,0.5112,False,0.71
C000039258,0.6449,True,0.71
C000013293,0.4151,False,0.71
C000032445,0.274,False,0.71
C000012764,0.3577,False,0.71
C000019520,0.4513,False,0.71
C000007770,0.6128,True,0.71
C000007262,0.4645,False,0.71
C000039316,0.793,True,0.71
C000029445,0.3888,False,0.71
C000034461,0.5239,False,0.71
C000032289,0.5057,False,0.71
C000014445,0.2838,False,0.71
C000013748,0.597,True,0.71
C000018623,0.3419,False,0.71
C000016470,0.5657,True,0.71
C000018628,0.7631,True,0.71
C000024620,0.4664,False,0.71
C000020159,0.5568,True,0.71
C000001200,0.5822,True,0.71
C000020931,0.4538,False,0.71
C000007500,0.5256,False,0.71
C000026659,0.3615,False,0.71
C000026370,0.2378,False,0.71
C000019968,0.7951,True,0.71
C000010343,0.7999,True,0.71
C000034704,0.3095,False,0.71
C000002639,0.509,False,0.71
C000025647,0.5153,False,0.71
C000028263,0.4202,False,0.71
C000035396,0.6515,True,0.71
C000034353,0.7346,True,0.71
C000008474,0.6688,True,0.71
C000012349,0.4293,False,0.71
C000012971,0.525,False,0.71
C000009325,0.5582,True,0.71
C000039808,0.6399,True,0.71
C000005628,0.4876,False,0.71
C000009205,0.32,False,0.71
C000001520,0.6964,True,0.71
C000024829,0.5228,False,0.71
C000030457,0.4485,False,0.71
C000013970,0.7155,True,0.71
C000001899,0.809,True,0.71
C000035649,0.8312,True,0.71
C000019534,0.6279,True,0.71
C000024482,0.4544,False,0.71
C000027427,0.2591,False,0.71
C000033278,0.4598,False,0.71
C000022227,0.5656,True,0.71
C000000274,0.5674,True,0.71
C000001992,0.5849,True,0.71
C000000904,0.6221,True,0.71
C000035861,0.3273,False,0.71
C000033090,0.5695,True,0.71
C000022103,0.6456,True,0.71
C000026447,0.233,False,0.71
C000011856,0.2452,False,0.71
C000026266,0.9072,True,0.71
C000021092,0.6141,True,0.71
C000005783,0.4827,False,0.71
C000013376,0.2969,False,0.71
C000029267,0.3983,False,0.71
C000038979,0.4065,False,0.71
C000004303,0.7958,True,0.71
C000036581,0.4882,False,0.71
C000030607,0.2289,False,0.71
C000038825,0.5708,True,0.71
C000029542,0.8063,True,0.71
C000019091,0.1863,False,0.71
C000024255,0.4487,False,0.71
C000020982,0.5991,True,0.71
C000023529,0.6364,True,0.71
C000006585,0.3686,False,0.71
C000030985,0.2237,False,0.71
C000031843,0.7385,True,0.71
C000034288,0.2282,False,0.71
C000002101,0.7893,True,0.71
C000008691,0.3225,False,0.71
C000009519,0.736,True,0.71
C000003192,0.3598,False,0.71
C000022348,0.4564,False,0.71
C000012991,0.3632,False,0.71
C000026534,0.4779,False,0.71
C000035814,0.497,False,0.71
C000028243,0.3706,False,0.71
C000017790,0.6241,True,0.71
C000036972,0.3188,False,0.71
C000005212,0.4626,False,0.71
C000029484,0.7967,True,0.71
C000035316,0.5114,False,0.71
C000018894,0.6368,True,0.71
C000039496,0.3692,False,0.71
C000025885,0.633,True,0.71
C000010947,0.7586,True,0.71
C000011685,1.0,True,0.71
C000016635,0.54,False,0.71
C000035898,0.5488,False,0.71
C000033580,0.6451,True,0.71
C000010174,0.1589,False,0.71
C000008895,0.5911,True,0.71
C000038579,0.636,True,0.71
C000033843,0.7012,True,0.71
C000018358,0.7506,True,0.71
C000027230,0.8989,True,0.71
C000011610,0.3545,False,0.71
C000002407,0.5219,False,0.71
C000025713,0.4384,False,0.71
C000006581,0.7545,True,0.71
C000017236,0.3192,False,0.71
C000031852,0.5523,True,0.71
C000029812,0.6585,True,0.71
C000006043,0.5793,True,0.71
C000005290,0.3253,False,0.71
C000011096,0.3515,False,0.71
C000020492,0.2931,False,0.71
C000005126,0.0635,False,0.71
C000027702,0.3911,False,0.71
C000027603,0.8201,True,0.71
C000035837,0.6813,True,0.71
C000026221,0.1886,False,0.71
C000033192,0.2309,False,0.71
C000023611,0.3992,False,0.71
C000022960,0.5233,False,0.71
C000029321,0.4183,False,0.71
C000030870,0.4175,False,0.71
C000003423,0.3223,False,0.71
C000031175,0.3983,False,0.71
C000012313,0.5618,True,0.71
C000011770,0.4123,False,0.71
C000026790,0.4968,False,0.71
C000020923,0.2468,False,0.71
C000030367,0.6472,True,0.71
C000026226,0.3847,False,0.71
C000034826,0.3544,False,0.71
C000016679,0.5341,False,0.71
C000009472,0.2957,False,0.71
C000022302,0.5103,False,0.71
C000034273,0.6273,True,0.71
C000037240,0.5498,False,0.71
C000018141,0.2841,False,0.71
C000001183,0.694,True,0.71
C000009103,0.7023,True,0.71
C000003876,0.5406,False,0.71
C000020139,0.3028,False,0.71
C000002238,0.2816,False,0.71
C000002356,0.2093,False,0.71
C000034988,0.6176,True,0.71
C000018162,0.665,True,0.71
C000005420,0.6977,True,0.71
C000007225,0.4712,False,0.71
C000011955,0.6002,True,0.71
C000015206,0.4749,False,0.71
C000025466,0.6732,True,0.71
C000004156,0.5681,True,0.71
C000019415,0.632,True,0.71
C000021170,0.6781,True,0.71
C000026432,0.7118,True,0.71
C000003155,0.3119,False,0.71
C000002469,0.7182,True,0.71
C000026379,0.4532,False,0.71
C000038618,0.6611,True,0.71
C000010558,0.4724,False,0.71
C000012640,0.49,False,0.71
C000036722,0.5456,False,0.71
C000005315,0.5341,False,0.71
C000003762,0.2121,False,0.71
C000003544,0.1962,False,0.71
C000013263,0.5361,False,0.71
C000011158,0.7332,True,0.71
C000027731,0.5806,True,0.71
C000009576,0.6585,True,0.71
C000000519,0.3199,False,0.71
C000006456,0.6356,True,0.71
C000003920,0.3467,False,0.71
C000004681,0.2073,False,0.71
C000002575,0.9456,True,0.71
C000014549,0.7659,True,0.71
C000002268,0.3164,False,0.71
C000018490,0.5083,False,0.71
C000022090,0.4373,False,0.71
C000024589,0.4339,False,0.71
C000007402,0.946,True,0.71
C000033676,0.3877,False,0.71
C000000309,0.6409,True,0.71
C000020265,0.3145,False,0.71
C000001307,0.1773,False,0.71
C000026677,0.0987,False,0.71
C000035169,0.2449,False,0.71
C000001754,0.6415,True,0.71
C000025346,0.3738,False,0.71
C000024927,0.0988,False,0.71
C000020163,0.4884,False,0.71
C000009384,0.3021,False,0.71
C000027233,0.519,False,0.71
C000013216,0.4682,False,0.71
C000025367,0.5791,True,0.71
C000039188,0.2198,False,0.71
C000037923,0.6264,True,0.71
C000037865,0.4426,False,0.71
C000027730,0.5018,False,0.71
C000002741,0.5077,False,0.71
C000004216,0.3247,False,0.71
C000003164,0.9153,True,0.71
C000030993,0.1897,False,0.71
C000011897,1.0,True,0.71
C000010883,0.3969,False,0.71
C000003064,0.6124,True,0.71
C000030388,0.28,False,0.71
C000000782,0.4406,False,0.71
C000035490,0.6454,True,0.71
C000006546,0.6756,True,0.71
C000009459,0.3299,False,0.71
C000011958,0.6571,True,0.71
C000022521,0.4747,False,0.71
C000030786,0.1329,False,0.71
C000012110,0.1184,False,0.71
C000002689,0.4832,False,0.71
C000019663,0.35,False,0.71
C000010837,0.6107,True,0.71
C000000623,0.426,False,0.71
C000018875,0.1073,False,0.71
C000037241,0.4389,False,0.71
C000033405,0.3177,False,0.71
C000036257,0.527,False,0.71
C000012153,0.2748,False,0.71
C000000635,0.4177,False,0.71
C000008318,0.2045,False,0.71
C000020279,0.5334,False,0.71
C000003671,0.4398,False,0.71
C000005995,0.7545,True,0.71
C000030055,0.354,False,0.71
C000014334,0.3905,False,0.71
C000019176,0.6059,True,0.71
C000007568,0.1715,False,0.71
C000016896,0.5809,True,0.71
C000002652,0.5955,True,0.71
C000023027,0.3617,False,0.71
C000015829,0.396,False,0.71
C000032387,0.5809,True,0.71
C000037435,0.4006,False,0.71
C000022383,0.4029,False,0.71
C000010446,0.4679,False,0.71
C000034119,0.3888,False,0.71
C000011932,0.6986,True,0.71
C000015098,0.5902,True,0.71
C000035940,0.4147,False,0.71
C000032770,0.7776,True,0.71
C000036495,0.7266,True,0.71
C000033335,0.5281,False,0.71
C000006064,0.6807,True,0.71
C000024634,0.6584,True,0.71
C000001629,0.6899,True,0.71
C000008341,0.0,False,0.71
C000038728,0.3475,False,0.71
C000037848,0.5412,False,0.71
C000026446,0.3725,False,0.71
C000020604,0.3101,False,0.71
C000014653,0.5833,True,0.71
C000008471,0.5518,True,0.71
C000000547,0.548,False,0.71
C000031862,0.3245,False,0.71
C000004693,0.6225,True,0.71
C000035477,0.5013,False,0.71
C000031909,0.7048,True,0.71
C000015776,0.3479,False,0.71
C000002122,0.33,False,0.71
C000016706,0.5113,False,0.71
C000022363,0.5961,True,0.71
C000039805,0.7677,True,0.71
C000038788,0.5476,False,0.71
C000000080,0.6644,True,0.71
C000001937,1.0,True,0.71
C000015138,0.6267,True,0.71
C000008568,0.4223,False,0.71
C000015862,0.613,True,0.71
C000015222,0.5923,True,0.71
C000011327,0.5106,False,0.71
C000020360,0.4203,False,0.71
C000034294,0.2417,False,0.71
C000030775,0.3264,False,0.71
C000029247,0.7348,True,0.71
C000015093,0.0961,False,0.71
C000006146,0.727,True,0.71
C000023703,0.0723,False,0.71
C000023190,0.595,True,0.71
C000038005,0.4544,False,0.71
C000036477,0.5181,False,0.71
C000025555,0.1779,False,0.71
C000033079,0.3906,False,0.71
C000026106,0.7221,True,0.71
C000015999,0.5867,True,0.71
C000035948,0.9093,True,0.71
C000024910,0.6276,True,0.71
C000019767,0.4831,False,0.71
C000003260,0.0206,False,0.71
C000036541,0.3715,False,0.71
C000011172,0.2572,False,0.71
C000023465,0.6727,True,0.71
C000032458,0.8145,True,0.71
C000035663,0.5561,True,0.71
C000011246,0.3791,False,0.71
C000033086,0.3416,False,0.71
C000016315,0.4017,False,0.71
C000038698,0.4369,False,0.71
C000004372,0.2091,False,0.71
C000028300,0.6306,True,0.71
C000005509,0.6147,True,0.71
C000013371,0.5182,False,0.71
C000038600,0.4557,False,0.71
C000033948,0.3509,False,0.71
C000002992,0.4958,False,0.71
C000032236,0.3872,False,0.71
C000013056,0.4147,False,0.71
C000005555,0.4709,False,0.71
C000031872,1.0,True,0.71
C000001940,0.5373,False,0.71
C000021838,0.1685,False,0.71
C000022330,0.8343,True,0.71
C000037230,0.0,False,0.71
C000033742,0.4922,False,0.71
C000012393,0.4494,False,0.71
C000016688,0.6277,True,0.71
C000014061,0.6583,True,0.71
C000011394,0.4811,False,0.71
C000038678,0.445,False,0.71
C000023199,0.471,False,0.71
C000024084,0.6384,True,0.71
C000027773,0.2005,False,0.71
C000023742,0.7564,True,0.71
C000021362,0.6007,True,0.71
C000003452,0.5141,False,0.71
C000016304,0.6617,True,0.71
C000037374,0.2597,False,0.71
C000028726,0.4645,False,0.71
C000028216,0.3879,False,0.71
C000031239,0.3157,False,0.71
C000038432,0.6342,True,0.71
C000001434,0.2241,False,0.71
C000039130,0.5807,True,0.71
C000015461,0.6507,True,0.71
C000020907,0.6446,True,0.71
C000015488,0.2384,False,0.71
C000039659,0.531,False,0.71
C000008746,0.108,False,0.71
C000027542,0.5532,True,0.71
C000019901,0.6045,True,0.71
C000003224,0.663,True,0.71
C000038944,0.4062,False,0.71
C000032593,0.3802,False,0.71
C000004321,0.1665,False,0.71
C000029894,0.4229,False,0.71
C000030463,0.5303,False,0.71
C000013174,0.371,False,0.71
C000026425,0.5088,False,0.71
C000027323,0.3389,False,0.71
C000022485,0.7452,True,0.71
C000014043,0.2217,False,0.71
C000034268,0.3327,False,0.71
C000014151,0.7188,True,0.71
C000032108,0.6251,True,0.71
C000007325,0.6355,True,0.71
C000010064,0.4752,False,0.71
C000034603,0.6489,True,0.71
C000025742,0.4986,False,0.71
C000024674,0.4611,False,0.71
C000033157,0.5037,False,0.71
C000021575,0.3115,False,0.71
C000033823,0.418,False,0.71
C000004854,0.8016,True,0.71
C000014635,0.4195,False,0.71
C000037066,0.2755,False,0.71
C000022903,0.5578,True,0.71
C000000215,0.4198,False,0.71
C000027605,0.5454,False,0.71
C000005464,0.3443,False,0.71
C000023250,0.4569,False,0.71
C000012241,0.4326,False,0.71
C000008429,0.4288,False,0.71
C000032982,0.5126,False,0.71
C000031921,0.552,True,0.71
C000025980,0.1921,False,0.71
C000024299,0.4361,False,0.71
C000014420,0.5227,False,0.71
C000001617,0.4131,False,0.71
C000018007,0.7749,True,0.71
C000018618,0.536,False,0.71
C000016864,0.3639,False,0.71
C000032518,0.7159,True,0.71
C000032371,0.5439,False,0.71
C000036551,0.4164,False,0.71
C000029720,0.4671,False,0.71
C000003590,0.5725,True,0.71
C000021351,0.4945,False,0.71
C000000530,0.3273,False,0.71
C000028590,0.6517,True,0.71
C000021225,0.5343,False,0.71
C000029921,0.6876,True,0.71
C000035856,0.3313,False,0.71
C000009306,0.6804,True,0.71
C000016265,0.6015,True,0.71
C000027970,0.8216,True,0.71
C000015376,0.4098,False,0.71
C000031764,0.2175,False,0.71
C000021520,0.7027,True,0.71
C000029127,0.478,False,0.71
C000014394,0.6071,True,0.71
C000013703,0.4998,False,0.71
C000039804,0.7551,True,0.71
C000024339,0.7646,True,0.71
C000009488,0.2908,False,0.71
C000016574,0.7968,True,0.71
C000037713,0.6337,True,0.71
C000010156,0.614,True,0.71
C000006148,0.8678,True,0.71
C000016842,0.4792,False,0.71
C000029351,0.6522,True,0.71
C000000571,0.2393,False,0.71
C000023048,0.3928,False,0.71
C000009095,0.3345,False,0.71
C000002016,0.5399,False,0.71
C000022403,0.4949,False,0.71
C000038715,0.1651,False,0.71
C000004221,0.2604,False,0.71
C000025602,0.5136,False,0.71
C000035343,0.4802,False,0.71
C000031937,0.4922,False,0.71
C000033463,0.4548,False,0.71
C000038129,0.3885,False,0.71
C000020838,0.7435,True,0.71
C000000939,0.5081,False,0.71
C000025418,0.3463,False,0.71
C000012993,0.7258,True,0.71
C000023435,0.7495,True,0.71
C000016633,0.2059,False,0.71
C000027627,0.401,False,0.71
C000034948,0.3347,False,0.71
C000014943,0.5231,False,0.71
C000001373,0.7229,True,0.71
C000015605,0.4142,False,0.71
C000031515,0.7338,True,0.71
C000000217,0.7104,True,0.71
C000029354,0.3772,False,0.71
C000013507,0.9112,True,0.71
C000019836,0.3181,False,0.71
C000027112,0.3606,False,0.71
C000012904,0.472,False,0.71
C000034504,0.338,False,0.71
C000005525,0.2665,False,0.71
C000024964,0.3149,False,0.71
C000026717,0.1349,False,0.71
C000039142,0.4624,False,0.71
C000037335,0.1923,False,0.71
C000017670,0.635,True,0.71
C000021518,0.578,True,0.71
C000020976,0.4742,False,0.71
C000022059,0.5038,False,0.71
C000001702,0.3319,False,0.71
C000021822,0.5437,False,0.71
C000028829,0.1699,False,0.71
C000038046,0.7429,True,0.71
C000026780,0.9082,True,0.71
C000024535,0.4083,False,0.71
C000002785,0.4251,False,0.71
C000007766,0.7018,True,0.71
C000037535,0.4299,False,0.71
C000021358,0.4709,False,0.71
C000007532,0.4588,False,0.71
C000035707,0.5458,False,0.71
C000021603,0.3955,False,0.71
C000002661,0.6074,True,0.71
C000030685,0.7376,True,0.71
C000039454,0.2888,False,0.71
C000039075,0.7699,True,0.71
C000035794,0.6229,True,0.71
C000038135,0.6309,True,0.71
C000030905,0.572,True,0.71
C000006653,0.3723,False,0.71
C000035584,0.5467,False,0.71
C000007800,0.591,True,0.71
C000008524,0.1837,False,0.71
C000001510,0.8414,True,0.71
C000010109,0.5935,True,0.71
C000020784,0.5384,False,0.71
C000025883,0.6087,True,0.71
C000007603,0.6681,True,0.71
C000039069,0.6071,True,0.71
C000024532,0.5306,False,0.71
C000025975,0.3728,False,0.71
C000011155,0.5901,True,0.71
C000011093,0.3723,False,0.71
C000003468,0.5325,False,0.71
C000035909,0.5539,True,0.71
C000000405,0.64,True,0.71
C000020557,0.5957,True,0.71
C000004208,0.9315,True,0.71
C000012406,0.5793,True,0.71
C000000792,0.6173,True,0.71
C000034303,1.0,True,0.71
C000020580,0.6204,True,0.71
C000030510,0.274,False,0.71
C000017890,0.7145,True,0.71
C000027193,0.6148,True,0.71
C000009406,0.6183,True,0.71
C000004578,0.1316,False,0.71
C000004704,0.3673,False,0.71
C000009018,0.386,False,0.71
C000017828,0.2458,False,0.71
C000034932,0.6276,True,0.71
C000003251,0.3151,False,0.71
C000039086,0.3357,False,0.71
C000032746,0.5942,True,0.71
C000009971,0.53,False,0.71
C000036630,0.4468,False,0.71
C000003601,0.4757,False,0.71
C000025688,0.546,False,0.71
C000007004,0.5696,True,0.71
C000034437,0.7823,True,0.71
C000015887,0.6291,True,0.71
C000011153,0.4041,False,0.71
C000001144,0.6755,True,0.71
C000023624,0.4918,False,0.71
C000001819,0.5083,False,0.71
C000016452,0.4873,False,0.71
C000036824,0.7914,True,0.71
C000008398,0.6994,True,0.71
C000023294,0.1073,False,0.71
C000006760,0.4126,False,0.71
C000029938,0.4926,False,0.71
C000008882,0.9217,True,0.71
C000033342,0.6908,True,0.71
C000032281,0.5254,False,0.71
C000027442,0.4786,False,0.71
C000002168,0.2323,False,0.71
C000011267,0.6118,True,0.71
C000038243,0.3385,False,0.71
C000002977,0.6937,True,0.71
C000006372,0.4575,False,0.71
C000032072,0.7989,True,0.71
C000034020,0.6037,True,0.71
C000028230,0.7578,True,0.71
C000007670,0.1861,False,0.71
C000016882,0.5969,True,0.71
C000017708,0.3531,False,0.71
C000030186,0.7138,True,0.71
C000002597,0.2264,False,0.71
C000030101,0.5843,True,0.71
C000022386,0.4392,False,0.71
C000001585,0.4141,False,0.71
C000021583,0.4311,False,0.71
C000008716,0.451,False,0.71
C000031931,0.3243,False,0.71
C000001021,0.5412,False,0.71
C000015180,0.605,True,0.71
C000010310,0.3977,False,0.71
C000030555,0.3455,False,0.71
C000015755,0.5489,False,0.71
C000032463,0.5766,True,0.71
C000004068,0.2621,False,0.71
C000027354,0.5427,False,0.71
C000038878,0.4111,False,0.71
C000033425,0.4807,False,0.71
C000025965,0.571,True,0.71
C000021573,0.6559,True,0.71
C000024318,0.1494,False,0.71
C000026723,0.0974,False,0.71
C000022195,0.766,True,0.71
C000027444,0.6379,True,0.71
C000021027,0.3295,False,0.71
C000031612,0.6202,True,0.71
C000029060,0.2279,False,0.71
C000033550,0.2667,False,0.71
C000039968,0.2011,False,0.71
C000011308,0.8108,True,0.71
C000000046,0.7731,True,0.71
C000016960,0.1687,False,0.71
C000000968,0.785,True,0.71
C000031557,0.0,False,0.71
C000004862,0.42,False,0.71
C000030726,0.2295,False,0.71
C000024519,0.6687,True,0.71
C000038679,0.5382,False,0.71
C000008824,0.5846,True,0.71
C000039481,0.4088,False,0.71
C000003300,0.5802,True,0.71
C000017190,0.1825,False,0.71
C000027443,0.4696,False,0.71
C000000200,0.5654,True,0.71
C000011830,0.4085,False,0.71
C000002357,0.7476,True,0.71
C000035118,0.7251,True,0.71
C000022914,0.8156,True,0.71
C000017118,0.8272,True,0.71
C000031470,0.5228,False,0.71
C000022377,0.3374,False,0.71
C000035314,0.7288,True,0.71
C000002982,0.7244,True,0.71
C000012414,0.9206,True,0.71
C000022780,0.05,False,0.71
C000007471,0.9664,True,0.71
C000019166,0.6022,True,0.71
C000038263,0.3955,False,0.71
C000001351,0.5659,True,0.71
C000031575,0.2254,False,0.71
C000025293,0.9037,True,0.71
C000021852,0.665,True,0.71
C000027779,0.8104,True,0.71
C000014969,0.4722,False,0.71
C000003737,0.8533,True,0.71
C000014291,0.1939,False,0.71
C000027047,0.684,True,0.71
C000000349,0.6712,True,0.71
C000038072,0.6264,True,0.71
C000033636,0.6684,True,0.71
C000016216,0.212,False,0.71
C000018514,0.0,False,0.71
C000032462,0.7962,True,0.71
C000024800,0.1555,False,0.71
C000026136,0.3852,False,0.71
C000023728,0.8253,True,0.71
C000000284,0.4358,False,0.71
C000030936,0.5805,True,0.71
C000008883,0.0617,False,0.71
C000017477,0.7753,True,0.71
C000032026,0.5093,False,0.71
C000036841,0.8341,True,0.71
C000011071,0.566,True,0.71
C000006084,0.3206,False,0.71
C000017464,0.4673,False,0.71
C000021815,0.6854,True,0.71
C000010028,0.579,True,0.71
C000012447,0.555,True,0.71
C000035339,0.6721,True,0.71
C000006090,0.4682,False,0.71
C000036304,0.6947,True,0.71
C000029795,0.4144,False,0.71
C000013254,0.4419,False,0.71
C000023623,0.6631,True,0.71
C000022218,0.5833,True,0.71
C000005666,0.5515,True,0.71
C000001802,0.7022,True,0.71
C000012201,0.8357,True,0.71
C000026646,0.4822,False,0.71
C000000870,0.5528,True,0.71
C000008543,0.7944,True,0.71
C000021930,0.4482,False,0.71
C000018930,0.4935,False,0.71
C000001879,0.3485,False,0.71
C000005513,0.1088,False,0.71
C000037657,0.3856,False,0.71
C000001101,0.5049,False,0.71
C000032504,0.5371,False,0.71
C000024350,0.3304,False,0.71
C000016583,0.5712,True,0.71
C000031826,0.2567,False,0.71
C000037575,0.8013,True,0.71
C000000929,0.3819,False,0.71
C000004314,0.2438,False,0.71
C000027587,0.3856,False,0.71
C000030201,0.6622,True,0.71
C000032799,0.806,True,0.71
C000016226,0.7753,True,0.71
C000031406,0.4374,False,0.71
C000000872,0.7943,True,0.71
C000037730,0.6177,True,0.71
C000037322,0.277,False,0.71
C000007145,0.4759,False,0.71
C000007383,0.6305,True,0.71
C000036689,0.2589,False,0.71
C000019566,0.5035,False,0.71
C000031497,0.4194,False,0.71
C000019228,0.5487,False,0.71
C000023685,0.6949,True,0.71
C000039198,0.1548,False,0.71
C000008979,0.3308,False,0.71
C000024997,0.7732,True,0.71
C000015601,0.547,False,0.71
C000002436,0.5812,True,0.71
C000030636,0.7963,True,0.71
C000008274,0.4745,False,0.71
C000029844,0.5613,True,0.71
C000020696,0.4268,False,0.71
C000012982,0.4342,False,0.71
C000035130,0.2721,False,0.71
C000006265,0.56,True,0.71
C000027264,0.3682,False,0.71
C000025291,0.4799,False,0.71
C000038752,0.1431,False,0.71
C000027775,0.6426,True,0.71
C000018880,0.1274,False,0.71
C000017478,0.0458,False,0.71
C000003320,0.3651,False,0.71
C000026794,0.5786,True,0.71
C000024912,0.4728,False,0.71
C000023857,0.497,False,0.71
C000004750,0.5824,True,0.71
C000038014,0.5099,False,0.71
C000020269,0.0381,False,0.71
C000013397,0.5209,False,0.71
C000005633,0.1744,False,0.71
C000013779,0.5394,False,0.71
C000011444,1.0,True,0.71
C000004090,0.7193,True,0.71
C000038801,0.6969,True,0.71
C000030863,0.5165,False,0.71
C000020644,0.5047,False,0.71
C000000506,0.4226,False,0.71
C000026442,0.5342,False,0.71
C000014303,1.0,True,0.71
C000008699,0.2511,False,0.71
C000017853,0.7267,True,0.71
C000020574,0.7647,True,0.71
C000012667,0.5935,True,0.71
C000033887,0.6729,True,0.71
C000031290,0.4389,False,0.71
C000001208,0.4801,False,0.71
C000038841,0.6359,True,0.71
C000038418,0.635,True,0.71
C000013225,0.5448,False,0.71
C000037070,0.7934,True,0.71
C000034187,0.5264,False,0.71
C000009216,0.7548,True,0.71
C000008504,0.4478,False,0.71
C000007752,0.5912,True,0.71
C000011647,0.5065,False,0.71
C000024156,0.72,True,0.71
C000029295,0.6567,True,0.71
C000013109,0.065,False,0.71
C000032531,0.5606,True,0.71
C000014132,0.4058,False,0.71
C000026148,0.7161,True,0.71
C000039252,0.6981,True,0.71
C000013673,0.5444,False,0.71
C000010432,0.6648,True,0.71
C000014189,0.5528,True,0.71
C000021601,0.6473,True,0.71
C000004343,0.4217,False,0.71
C000016110,0.2863,False,0.71
C000008385,0.337,False,0.71
C000015269,0.363,False,0.71
C000006473,0.4962,False,0.71
C000038074,0.3346,False,0.71
C000008565,0.1613,False,0.71
C000012238,0.747,True,0.71
C000038343,0.6301,True,0.71
C000030596,0.7859,True,0.71
C000004980,0.5682,True,0.71
C000002521,0.7667,True,0.71
C000009757,0.0975,False,0.71
C000000312,0.5337,False,0.71
C000026214,0.3814,False,0.71
C000035666,0.2017,False,0.71
C000024254,0.9898,True,0.71
C000030561,0.7236,True,0.71
C000003793,0.6543,True,0.71
C000017052,0.4623,False,0.71
C000004116,0.4284,False,0.71
C000026776,0.3561,False,0.71
C000035571,0.2176,False,0.71
C000015289,0.5701,True,0.71
C000004914,0.4275,False,0.71
C000029468,0.2819,False,0.71
C000034636,0.8147,True,0.71
C000026730,0.4335,False,0.71
C000002033,0.3338,False,0.71
C000010707,0.5762,True,0.71
C000029235,0.7075,True,0.71
C000006471,0.2639,False,0.71
C000038586,0.7572,True,0.71
C000018984,0.2946,False,0.71
C000005966,0.8321,True,0.71
C000009950,0.4289,False,0.71
C000024080,0.2859,False,0.71
C000038387,0.2712,False,0.71
C000008357,0.3272,False,0.71
C000029840,0.6434,True,0.71
C000015710,0.4584,False,0.71
C000006652,0.5893,True,0.71
C000011401,0.5971,True,0.71
C000031492,0.0,False,0.71
C000022631,0.2046,False,0.71
C000017364,0.5983,True,0.71
C000037844,0.5154,False,0.71
C000004586,0.5794,True,0.71
C000021795,0.2786,False,0.71
C000011694,0.3391,False,0.71
C000006215,0.1531,False,0.71
C000014089,0.6009,True,0.71
C000008196,0.5733,True,0.71
C000008579,0.4112,False,0.71
C000035974,0.7152,True,0.71
C000026118,0.3839,False,0.71
C000010022,0.3668,False,0.71
C000036975,0.3095,False,0.71
C000028134,0.3073,False,0.71
C000021008,0.3901,False,0.71
C000032393,0.9429,True,0.71
C000012237,0.4957,False,0.71
C000024567,0.4658,False,0.71
C000036305,0.559,True,0.71
C000018807,0.578,True,0.71
C000007807,0.7635,True,0.71
C000033264,0.884,True,0.71
C000009314,0.272,False,0.71
C000020228,0.3669,False,0.71
C000006880,0.2723,False,0.71
C000001873,0.3887,False,0.71
C000025101,0.6934,True,0.71
C000022209,0.4061,False,0.71
C000031553,0.7441,True,0.71
C000012702,0.4494,False,0.71
C000035645,0.3192,False,0.71
C000027640,0.7226,True,0.71
C000037540,0.7149,True,0.71
C000037904,0.2762,False,0.71
C000007395,0.5662,True,0.71
C000008443,0.3828,False,0.71
C000029587,0.5967,True,0.71
C000036547,0.707,True,0.71
C000027823,0.3582,False,0.71
C000034102,0.5858,True,0.71
C000032401,0.7141,True,0.71
C000011316,0.5079,False,0.71
C000013725,0.4167,False,0.71
C000026505,0.7048,True,0.71
C000031707,0.4834,False,0.71
C000016202,0.3249,False,0.71
C000013026,0.3885,False,0.71
C000026754,0.632,True,0.71
C000035766,0.6506,True,0.71
C000023100,0.7002,True,0.71
C000025867,0.5053,False,0.71
C000030536,0.8269,True,0.71
C000015298,0.5246,False,0.71
C000012725,0.6731,True,0.71
C000013775,0.7259,True,0.71
C000029726,0.5685,True,0.71
C000031850,0.8003,True,0.71
C000024414,0.7036,True,0.71
C000014392,0.5846,True,0.71
C000034366,0.1381,False,0.71
C000027634,0.3159,False,0.71
C000035971,0.4188,False,0.71
C000016552,0.5478,False,0.71
C000037945,0.6798,True,0.71
C000028262,0.7408,True,0.71
C000023332,0.411,False,0.71
C000011699,0.7797,True,0.71
C000033781,0.7649,True,0.71
C000037355,0.7798,True,0.71
C000017194,0.1341,False,0.71
C000019826,0.7491,True,0.71
C000035941,0.396,False,0.71
C000023032,0.3976,False,0.71
C000018157,0.2531,False,0.71
C000006633,0.8146,True,0.71
C000032734,0.3624,False,0.71
C000020601,0.9098,True,0.71
C000028755,0.5899,True,0.71
C000011446,0.6239,True,0.71
C000002952,0.437,False,0.71
C000019422,0.548,False,0.71
C000037523,0.3674,False,0.71
C000025690,0.6555,True,0.71
C000004771,0.2811,False,0.71
C000009300,0.4864,False,0.71
C000034587,0.0821,False,0.71
C000029499,0.458,False,0.71
C000033367,0.3974,False,0.71
C000038079,0.7499,True,0.71
C000012902,0.4226,False,0.71
C000019474,0.2782,False,0.71
C000038329,0.6077,True,0.71
C000020606,0.0888,False,0.71
C000032116,0.626,True,0.71
C000018701,0.6923,True,0.71
C000010554,0.2606,False,0.71
C000026132,0.5837,True,0.71
C000022136,0.5561,True,0.71
C000013631,0.55,True,0.71
C000034015,0.6659,True,0.71
C000036872,0.3391,False,0.71
C000022351,0.2454,False,0.71
C000014860,0.64,True,0.71
C000039068,0.1248,False,0.71
C000013343,0.8439,True,0.71
C000022085,0.3342,False,0.71
C000039965,0.3928,False,0.71
C000001759,0.3946,False,0.71
C000014689,0.3842,False,0.71
C000011357,0.6306,True,0.71
C000026986,0.4829,False,0.71
C000024645,0.4645,False,0.71
C000021013,0.2439,False,0.71
C000011333,0.5284,False,0.71
C000029405,0.6219,True,0.71
C000009541,0.4394,False,0.71
C000029111,0.9451,True,0.71
C000019991,0.3684,False,0.71
C000028502,0.3195,False,0.71
C000007920,0.4371,False,0.71
C000030252,0.9626,True,0.71
C000010226,0.2005,False,0.71
C000019634,0.3456,False,0.71
C000016230,0.5885,True,0.71
C000015208,0.5856,True,0.71
C000031448,0.3903,False,0.71
C000027150,0.4774,False,0.71
C000014967,0.6882,True,0.71
C000036147,0.338,False,0.71
C000012455,0.4697,False,0.71
C000009308,0.8618,True,0.71
C000018223,0.0375,False,0.71
C000022384,0.8252,True,0.71
C000035930,0.6134,True,0.71
C000018927,0.5517,True,0.71
C000001465,0.6833,True,0.71
C000025439,0.8873,True,0.71
C000021009,0.2602,False,0.71
C000035090,0.6083,True,0.71
C000017838,0.3481,False,0.71
C000022799,0.5117,False,0.71
C000028668,0.6314,True,0.71
C000023707,0.7555,True,0.71
C000039622,0.4747,False,0.71
C000023643,0.503,False,0.71
C000026516,0.7832,True,0.71
C000017728,0.2319,False,0.71
C000027396,0.4512,False,0.71
C000005221,0.3571,False,0.71
C000002642,0.5697,True,0.71
C000001695,0.8983,True,0.71
C000019506,0.4003,False,0.71
C000017669,0.6568,True,0.71
C000002544,0.3679,False,0.71
C000025302,0.5035,False,0.71
C000023342,0.3965,False,0.71
C000036954,0.264,False,0.71
C000012744,0.4924,False,0.71
C000015402,0.3808,False,0.71
C000007025,0.4187,False,0.71
C000023203,0.4899,False,0.71
C000016855,0.531,False,0.71
C000034690,0.661,True,0.71
C000029366,0.5746,True,0.71
C000003677,0.773,True,0.71
C000003160,0.4778,False,0.71
C000009201,0.5692,True,0.71
C000000376,0.4433,False,0.71
C000035324,0.4758,False,0.71
C000036301,0.3302,False,0.71
C000025139,0.7084,True,0.71
C000021348,0.6699,True,0.71
C000023118,0.8151,True,0.71
C000023292,0.3348,False,0.71
C000031627,0.4382,False,0.71
C000016173,0.0941,False,0.71
C000009287,0.3916,False,0.71
C000026353,0.4783,False,0.71
C000036038,0.6644,True,0.71
C000038436,0.5859,True,0.71
C000033288,0.3806,False,0.71
C000005785,0.7422,True,0.71
C000032695,0.3005,False,0.71
C000003607,0.4087,False,0.71
C000006335,0.2339,False,0.71
C000016330,0.5498,False,0.71
C000016118,0.6869,True,0.71
C000004031,0.4114,False,0.71
C000028971,0.7182,True,0.71
C000016769,0.8727,True,0.71
C000024097,0.567,True,0.71
C000001679,0.4914,False,0.71
C000005235,0.9531,True,0.71
C000020305,0.4998,False,0.71
C000036966,0.3136,False,0.71
C000018989,0.632,True,0.71
C000009036,0.3836,False,0.71
C000001686,0.3345,False,0.71
C000002078,0.4517,False,0.71
C000013313,0.4389,False,0.71
C000013868,0.6525,True,0.71
C000018524,0.6022,True,0.71
C000030659,0.2513,False,0.71
C000014103,0.4015,False,0.71
C000024857,0.4871,False,0.71
C000014508,0.4848,False,0.71
C000009886,0.2887,False,0.71
C000018445,0.4791,False,0.71
C000021340,0.6716,True,0.71
C000020361,0.541,False,0.71
C000001167,0.4091,False,0.71
C000020996,0.382,False,0.71
C000035105,0.3497,False,0.71
C000039616,0.2732,False,0.71
C000018376,0.4669,False,0.71
C000036343,0.8298,True,0.71
C000033329,0.6905,True,0.71
C000029762,0.3345,False,0.71
C000027386,0.8454,True,0.71
C000029185,0.7829,True,0.71
C000007946,0.1257,False,0.71
C000037793,0.2926,False,0.71
C000037864,0.3727,False,0.71
C000037305,0.6317,True,0.71
C000005243,0.8237,True,0.71
C000038887,0.2613,False,0.71
C000036769,0.0831,False,0.71
C000009012,0.1671,False,0.71
C000026950,0.5399,False,0.71
C000018287,0.3367,False,0.71
C000016368,0.3326,False,0.71
C000003843,0.3868,False,0.71
C000038015,0.6266,True,0.71
C000020301,0.4641,False,0.71
C000022492,0.3622,False,0.71
C000008805,0.1863,False,0.71
C000015670,0.5577,True,0.71
C000024023,0.3955,False,0.71
C000009853,0.5388,False,0.71
C000034664,0.0815,False,0.71
C000035192,0.4951,False,0.71
C000020526,0.2039,False,0.71
C000024258,0.7827,True,0.71
C000029847,0.2285,False,0.71
C000026348,0.8293,True,0.71
C000031052,0.5441,False,0.71
C000020755,0.2813,False,0.71
C000011217,0.5504,True,0.71
C000031589,0.4795,False,0.71
C000037643,0.9069,True,0.71
C000015371,0.7161,True,0.71
C000026389,0.4797,False,0.71
C000002560,0.6087,True,0.71
C000037482,0.5595,True,0.71
C000002750,0.3447,False,0.71
C000034945,0.1599,False,0.71
C000033797,0.5231,False,0.71
C000030677,1.0,True,0.71
C000011599,0.6227,True,0.71
C000016070,0.5695,True,0.71
C000016845,0.7503,True,0.71
C000007419,0.5769,True,0.71
C000039647,0.7864,True,0.71
C000019340,0.8149,True,0.71
C000028496,0.3889,False,0.71
C000001248,0.2103,False,0.71
C000028226,0.3036,False,0.71
C000003416,0.5324,False,0.71
C000021988,0.3002,False,0.71
C000032487,0.2865,False,0.71
C000000389,0.4161,False,0.71
C000023274,0.916,True,0.71
C000001365,0.5193,False,0.71
C000027869,0.6984,True,0.71
C000024064,0.4449,False,0.71
C000017791,0.6864,True,0.71
C000034987,0.3693,False,0.71
C000014830,0.3029,False,0.71
C000010188,0.5835,True,0.71
C000030999,0.2192,False,0.71
C000030136,0.6756,True,0.71
C000037269,0.5384,False,0.71
C000003706,0.4304,False,0.71
C000034063,0.5868,True,0.71
C000004275,0.2556,False,0.71
C000038217,0.8222,True,0.71
C000009741,0.466,False,0.71
C000015867,0.694,True,0.71
C000022412,0.4216,False,0.71
C000002435,0.644,True,0.71
C000031262,0.6749,True,0.71
C000015625,0.658,True,0.71
C000031595,0.4896,False,0.71
C000005704,0.5246,False,0.71
C000015826,0.4328,False,0.71
C000019148,0.5818,True,0.71
C000000415,0.3922,False,0.71
C000006635,0.5907,True,0.71
C000016908,0.3681,False,0.71
C000029625,0.6212,True,0.71
C000011998,0.2702,False,0.71
C000007499,0.3955,False,0.71
C000029011,0.6783,True,0.71
C000025634,0.318,False,0.71
C000030969,0.3213,False,0.71
C000038999,0.615,True,0.71
C000001719,0.7807,True,0.71
C000006193,0.5515,True,0.71
C000009511,0.5688,True,0.71
C000009597,0.528,False,0.71
C000026094,0.6052,True,0.71
C000023519,0.578,True,0.71
C000010409,0.6797,True,0.71
C000004403,0.7324,True,0.71
C000008133,0.6351,True,0.71
C000012033,0.4671,False,0.71
C000034934,0.6995,True,0.71
C000011641,0.7278,True,0.71
C000027787,0.5036,False,0.71
C000001715,0.2742,False,0.71
C000008690,1.0,True,0.71
C000021447,0.9141,True,0.71
C000015370,0.46,False,0.71
C000039550,0.783,True,0.71
C000006747,0.5832,True,0.71
C000005367,0.867,True,0.71
C000004145,0.781,True,0.71
C000004932,0.313,False,0.71
C000031377,0.3215,False,0.71
C000001092,0.8689,True,0.71
C000029025,0.6088,True,0.71
C000010500,0.5081,False,0.71
C000015245,0.3761,False,0.71
C000021688,0.7577,True,0.71
C000036807,0.8976,True,0.71
C000032239,0.5272,False,0.71
C000013090,0.763,True,0.71
C000008371,0.4871,False,0.71
C000024989,0.3743,False,0.71
C000037475,0.5539,True,0.71
C000019945,0.4567,False,0.71
C000013757,0.523,False,0.71
C000035002,0.3422,False,0.71
C000024959,0.3346,False,0.71
C000000388,0.6477,True,0.71
C000031086,0.3882,False,0.71
C000036279,0.599,True,0.71
C000036636,0.5097,False,0.71
C000017344,0.6323,True,0.71
C000035782,0.8235,True,0.71
C000029543,0.6269,True,0.71
C000032922,0.6769,True,0.71
C000002321,0.4802,False,0.71
C000006723,0.3326,False,0.71
C000023659,0.4595,False,0.71
C000018868,0.3295,False,0.71
C000026146,0.0,False,0.71
C000016776,0.716,True,0.71
C000039334,0.4401,False,0.71
C000034292,0.2881,False,0.71
C000003403,0.3534,False,0.71
C000003265,0.3243,False,0.71
C000003600,0.412,False,0.71
C000026510,0.4359,False,0.71
C000001648,0.5889,True,0.71
C000028563,0.4282,False,0.71
C000032218,0.4238,False,0.71
C000037804,0.7276,True,0.71
C000014657,0.3609,False,0.71
C000025911,0.5097,False,0.71
C000032793,0.6547,True,0.71
C000019648,0.3664,False,0.71
C000009882,0.4487,False,0.71
C000004246,0.3139,False,0.71
C000005203,0.6261,True,0.71
C000006131,0.4225,False,0.71
C000030357,0.8066,True,0.71
C000021469,0.3496,False,0.71
C000009655,0.5124,False,0.71
C000007308,0.6069,True,0.71
C000025591,0.8299,True,0.71
C000028624,0.3539,False,0.71
C000033072,0.6995,True,0.71
C000028459,0.1506,False,0.71
C000015700,0.6864,True,0.71
C000013392,0.6295,True,0.71
C000000193,0.4986,False,0.71
C000028761,0.3971,False,0.71
C000008818,0.8069,True,0.71
C000033940,0.5074,False,0.71
C000017834,0.4985,False,0.71
C000021541,0.4565,False,0.71
C000004495,0.6299,True,0.71
C000019366,0.6294,True,0.71
C000013946,0.2079,False,0.71
C000023975,0.4801,False,0.71
C000003375,0.3903,False,0.71
C000029332,0.5374,False,0.71
C000011063,0.4028,False,0.71
C000010115,1.0,True,0.71
C000018691,0.5441,False,0.71
C000008594,0.1544,False,0.71
C000031859,0.7288,True,0.71
C000034926,0.2862,False,0.71
C000009226,0.4752,False,0.71
C000004779,0.4261,False,0.71
C000024291,0.7543,True,0.71
C000004676,0.8205,True,0.71
C000039208,0.2351,False,0.71
C000004920,0.4148,False,0.71
C000030156,0.5137,False,0.71
C000030902,1.0,True,0.71
C000016884,0.2666,False,0.71
C000028572,0.5498,False,0.71
C000006802,0.4313,False,0.71
C000004328,0.8729,True,0.71
C000039514,0.5934,True,0.71
C000016523,0.6527,True,0.71
C000015842,0.4939,False,0.71
C000017535,0.7389,True,0.71
C000033971,0.735,True,0.71
C000034663,0.4835,False,0.71
C000027629,0.4568,False,0.71
C000011710,0.6378,True,0.71
C000000137,0.5985,True,0.71
C000014090,0.7686,True,0.71
C000014161,0.7173,True,0.71
C000014852,0.3321,False,0.71
C000018240,0.8571,True,0.71
C000024858,0.2343,False,0.71
C000023096,0.4141,False,0.71
C000015418,0.3808,False,0.71
C000035460,0.5663,True,0.71
C000020874,0.3911,False,0.71
C000025093,0.6873,True,0.71
C000033400,0.4668,False,0.71
C000018473,0.569,True,0.71
C000003598,0.1804,False,0.71
C000021707,0.7731,True,0.71
C000035533,0.3058,False,0.71
C000010415,0.6148,True,0.71
C000014290,0.7951,True,0.71
C000019452,0.3779,False,0.71
C000015795,0.6609,True,0.71
C000019230,0.1926,False,0.71
C000030471,0.4258,False,0.71
C000011168,0.4817,False,0.71
C000022098,0.4674,False,0.71
C000019908,0.7243,True,0.71
C000007003,0.3283,False,0.71
C000033009,0.2584,False,0.71
C000009749,0.6275,True,0.71
C000038257,0.3752,False,0.71
C000001920,0.1493,False,0.71
C000015728,0.4828,False,0.71
C000019046,0.4422,False,0.71
C000029608,0.3838,False,0.71
C000037504,0.4542,False,0.71
C000025000,0.8183,True,0.71
C000014441,0.5764,True,0.71
C000008940,0.4336,False,0.71
C000022041,0.4225,False,0.71
C000036437,0.4783,False,0.71
C000006009,0.5864,True,0.71
C000028728,0.359,False,0.71
C000007697,0.3098,False,0.71
C000020214,0.2863,False,0.71
C000027445,0.7491,True,0.71
C000021407,0.4303,False,0.71
C000037983,0.7223,True,0.71
C000037899,0.8699,True,0.71
C000026336,0.479,False,0.71
C000018308,0.4058,False,0.71
C000024501,1.0,True,0.71
C000007768,0.5027,False,0.71
C000016681,0.4089,False,0.71
C000013623,0.154,False,0.71
C000004721,0.7167,True,0.71
C000030228,0.5093,False,0.71
C000036179,0.2774,False,0.71
C000002053,0.5043,False,0.71
C000010038,0.4906,False,0.71
C000037654,0.6929,True,0.71
C000031624,0.7229,True,0.71
C000015145,0.2335,False,0.71
C000011681,0.5285,False,0.71
C000015621,0.5733,True,0.71
C000037407,0.6841,True,0.71
C000036592,0.769,True,0.71
C000008858,0.5306,False,0.71
C000008412,0.6073,True,0.71
C000030290,0.6549,True,0.71
C000034899,0.3615,False,0.71
C000024346,0.0763,False,0.71
C000004856,0.5127,False,0.71
C000007354,0.6199,True,0.71
C000035907,0.4203,False,0.71
C000015404,0.2787,False,0.71
C000028055,0.6092,True,0.71
C000016204,0.8441,True,0.71
C000008134,0.3473,False,0.71
C000013493,0.3688,False,0.71
C000020581,0.2202,False,0.71
C000031685,0.0133,False,0.71
C000021205,0.2596,False,0.71
C000039868,0.5851,True,0.71
C000003984,0.3051,False,0.71
C000035980,0.6375,True,0.71
C000010759,0.5511,True,0.71
C000001178,0.6962,True,0.71
C000034003,0.5717,True,0.71
C000037156,0.6258,True,0.71
C000000369,0.424,False,0.71
C000038826,0.365,False,0.71
C000031703,0.2868,False,0.71
C000014853,0.4127,False,0.71
C000006528,0.6159,True,0.71
C000003099,0.1312,False,0.71
C000016859,0.524,False,0.71
C000024705,0.3681,False,0.71
C000031590,0.4836,False,0.71
C000009474,0.7786,True,0.71
C000012516,0.1411,False,0.71
C000007246,0.4697,False,0.71
C000033870,0.5859,True,0.71
C000013186,0.3096,False,0.71
C000011705,0.5736,True,0.71
C000000852,0.3834,False,0.71
C000037901,0.2268,False,0.71
C000032164,1.0,True,0.71
C000007801,0.5282,False,0.71
C000004138,0.3148,False,0.71
C000024176,0.246,False,0.71
C000023533,0.5151,False,0.71
C000001558,0.5059,False,0.71
C000020131,0.3516,False,0.71
C000019926,0.554,True,0.71
C000017114,0.4415,False,0.71
C000013286,0.5178,False,0.71
C000000078,0.3993,False,0.71
C000001714,0.5033,False,0.71
C000028552,0.2102,False,0.71
C000026293,0.7086,True,0.71
C000031136,0.504,False,0.71
C000031256,0.494,False,0.71
C000015238,0.6549,True,0.71
C000012482,0.5549,True,0.71
C000007695,0.5132,False,0.71
C000027759,0.6131,True,0.71
C000019405,0.3796,False,0.71
C000013135,0.633,True,0.71
C000013184,0.7941,True,0.71
C000035667,0.7905,True,0.71
C000032148,0.4766,False,0.71
C000027555,0.6403,True,0.71
C000006449,0.4874,False,0.71
C000039138,0.6086,True,0.71
C000026982,0.8507,True,0.71
C000024074,0.5336,False,0.71
C000032355,0.3602,False,0.71
C000039680,0.5786,True,0.71
C000004293,0.1823,False,0.71
C000020123,0.6894,True,0.71
C000012756,0.175,False,0.71
C000034628,0.6211,True,0.71
C000007127,0.4528,False,0.71
C000007481,0.6279,True,0.71
C000026897,0.4971,False,0.71
C000011190,0.4202,False,0.71
C000002294,0.7662,True,0.71
C000027967,0.5583,True,0.71
C000039762,0.6061,True,0.71
C000009427,0.4051,False,0.71
C000029486,0.2212,False,0.71
C000020029,0.6274,True,0.71
C000009884,0.7727,True,0.71
C000019986,0.4842,False,0.71
C000002856,0.5339,False,0.71
C000020558,0.6815,True,0.71
C000035102,0.433,False,0.71
C000025195,0.0231,False,0.71
C000005820,0.6064,True,0.71
C000038413,0.5376,False,0.71
C000029140,0.3542,False,0.71
C000031616,1.0,True,0.71
C000034236,0.6246,True,0.71
C000011909,0.245,False,0.71
C000035536,0.5929,True,0.71
C000002490,0.4046,False,0.71
C000000214,0.2514,False,0.71
C000011415,0.6416,True,0.71
C000010601,0.3749,False,0.71
C000007616,0.5719,True,0.71
C000002949,0.2612,False,0.71
C000009006,0.5862,True,0.71
C000039667,0.7318,True,0.71
C000015732,0.5248,False,0.71
C000035966,0.8166,True,0.71
C000017169,0.6441,True,0.71
C000039638,0.5621,True,0.71
C000028884,0.2753,False,0.71
C000037055,0.5029,False,0.71
C000004652,0.3909,False,0.71
C000024045,0.5645,True,0.71
C000005039,0.352,False,0.71
C000010281,0.6249,True,0.71
C000036055,0.3676,False,0.71
C000025046,0.7101,True,0.71
C000031103,0.612,True,0.71
C000021174,0.7488,True,0.71
C000012322,0.8216,True,0.71
C000023630,0.2098,False,0.71
C000019934,0.1168,False,0.71
C000023069,0.6562,True,0.71
C000002051,0.4796,False,0.71
C000034145,0.747,True,0.71
C000029989,0.5968,True,0.71
C000022026,0.7256,True,0.71
C000020323,0.7727,True,0.71
C000011793,0.9561,True,0.71
C000039524,0.5251,False,0.71
C000015686,0.6018,True,0.71
C000006410,0.3434,False,0.71
C000028522,0.311,False,0.71
C000028654,0.3109,False,0.71
C000005079,0.4723,False,0.71
C000034533,0.5721,True,0.71
C000032503,0.4351,False,0.71
C000018018,0.6368,True,0.71
C000021597,0.7228,True,0.71
C000021525,0.4447,False,0.71
C000018666,1.0,True,0.71
C000031024,0.804,True,0.71
C000030915,0.7545,True,0.71
C000032841,0.6302,True,0.71
C000018443,0.1446,False,0.71
C000024690,0.6128,True,0.71
C000039631,0.5211,False,0.71
C000025544,0.4271,False,0.71
C000032570,0.5602,True,0.71
C000028805,0.6139,True,0.71
C000027561,0.6194,True,0.71
C000038913,0.4176,False,0.71
C000014067,0.4941,False,0.71
C000001810,0.2021,False,0.71
C000033300,0.2303,False,0.71
C000008229,0.267,False,0.71
C000026832,0.699,True,0.71
C000034253,0.5293,False,0.71
C000011554,0.5941,True,0.71
C000038352,0.4896,False,0.71
C000030858,0.4312,False,0.71
C000014718,0.6681,True,0.71
C000029539,0.4889,False,0.71
C000004095,0.3908,False,0.71
C000004165,0.7379,True,0.71
C000009375,0.5822,True,0.71
C000020549,0.6874,True,0.71
C000013468,0.6085,True,0.71
C000016400,0.3705,False,0.71
C000021169,0.5815,True,0.71
C000004272,0.6603,True,0.71
C000023834,0.1426,False,0.71
C000032192,0.4318,False,0.71
C000026795,0.1056,False,0.71
C000004351,0.6553,True,0.71
C000007891,0.2768,False,0.71
C000023569,0.3857,False,0.71
C000035797,0.5683,True,0.71
C000020318,0.6214,True,0.71
C000013572,0.3819,False,0.71
C000033413,0.7603,True,0.71
C000023107,0.695,True,0.71
C000007173,0.227,False,0.71
C000030797,0.6645,True,0.71
C000001262,0.4118,False,0.71
C000006641,0.5177,False,0.71
C000031434,0.7104,True,0.71
C000008826,0.2148,False,0.71
C000003693,0.5454,False,0.71
C000018417,0.4081,False,0.71
C000002904,0.7252,True,0.71
C000009185,0.7703,True,0.71
C000003030,0.9929,True,0.71
C000013855,0.4544,False,0.71
C000003278,0.1404,False,0.71
C000013041,0.2879,False,0.71
C000036579,0.705,True,0.71
C000032813,0.7784,True,0.71
C000012849,0.4293,False,0.71
C000036614,0.3904,False,0.71
C000036763,0.5119,False,0.71
C000010667,0.5496,False,0.71
C000003622,0.5104,False,0.71
C000036959,0.039,False,0.71
C000002047,0.1289,False,0.71
C000013734,0.3167,False,0.71
C000017275,0.7983,True,0.71
C000000876,0.5278,False,0.71
C000030605,0.5131,False,0.71
C000004878,0.7057,True,0.71
C000025230,0.3606,False,0.71
C000012083,0.3931,False,0.71
C000028227,0.627,True,0.71
C000014091,0.3528,False,0.71
C000012845,0.2952,False,0.71
C000008193,0.5426,False,0.71
C000018330,0.5413,False,0.71
C000013351,0.4197,False,0.71
C000002350,0.5358,False,0.71
C000027671,0.4526,False,0.71
C000034245,0.279,False,0.71
C000014577,0.4235,False,0.71
C000024545,0.3263,False,0.71
C000001420,0.7107,True,0.71
C000033504,0.6204,True,0.71
C000033453,0.6187,True,0.71
C000025866,0.3507,False,0.71
C000027935,0.1315,False,0.71
C000015149,0.4491,False,0.71
C000022482,0.0,False,0.71
C000025265,1.0,True,0.71
C000014411,0.5212,False,0.71
C000025718,0.4412,False,0.71
C000007791,0.5545,True,0.71
C000001953,0.6115,True,0.71
C000010834,0.4471,False,0.71
C000007703,0.2722,False,0.71
C000001786,0.7134,True,0.71
C000031636,0.492,False,0.71
C000012140,0.5825,True,0.71
C000001761,0.7149,True,0.71
C000038293,0.6642,True,0.71
C000021725,0.525,False,0.71
C000017537,0.4958,False,0.71
C000030652,0.3125,False,0.71
C000006523,0.3013,False,0.71
C000020527,0.7432,True,0.71
C000013563,0.3203,False,0.71
C000039192,0.5344,False,0.71
C000039832,0.3094,False,0.71
C000004736,0.6256,True,0.71
C000012309,0.6531,True,0.71
C000020867,0.6438,True,0.71
C000034933,0.7731,True,0.71
C000002056,0.5503,True,0.71
C000034695,0.4578,False,0.71
C000017774,0.6491,True,0.71
C000021639,0.3558,False,0.71
C000038796,0.5181,False,0.71
C000017133,0.1946,False,0.71
C000015334,0.5942,True,0.71
C000008486,0.5582,True,0.71
C000013790,0.6568,True,0.71
C000038499,0.4928,False,0.71
C000020689,0.2856,False,0.71
C000024366,0.669,True,0.71
C000015662,0.2367,False,0.71
C000010894,0.5106,False,0.71
C000038725,0.5447,False,0.71
C000001978,0.3954,False,0.71
C000005993,0.896,True,0.71
C000014506,0.3235,False,0.71
C000008463,0.5589,True,0.71
C000018329,0.8935,True,0.71
C000028468,0.5539,True,0.71
C000012547,0.5366,False,0.71
C000033019,0.2663,False,0.71
C000024808,0.5761,True,0.71
C000004756,0.4559,False,0.71
C000006997,0.6771,True,0.71
C000031947,0.6613,True,0.71
C000006468,0.5361,False,0.71
C000037306,0.5947,True,0.71
C000038560,0.5392,False,0.71
C000039292,0.8477,True,0.71
C000006395,0.5207,False,0.71
C000009515,0.3596,False,0.71
C000030913,0.7175,True,0.71
C000027685,0.5861,True,0.71
C000023769,0.6274,True,0.71
C000037966,0.5779,True,0.71
C000004447,0.3921,False,0.71
C000036111,0.4159,False,0.71
C000004675,0.7443,True,0.71
C000016129,0.5093,False,0.71
C000033189,0.2111,False,0.71
C000032608,0.3546,False,0.71
C000037328,0.2328,False,0.71
C000023618,0.2869,False,0.71
C000030214,0.4817,False,0.71
C000011492,0.7041,True,0.71
C000033414,0.3107,False,0.71
C000014638,0.8049,True,0.71
C000039078,0.7916,True,0.71
C000033615,0.7266,True,0.71
C000033160,0.597,True,0.71
C000039864,0.4595,False,0.71
C000036857,0.4704,False,0.71
C000037179,0.3309,False,0.71
C000039630,0.6015,True,0.71
C000008775,0.2516,False,0.71
C000036607,0.5842,True,0.71
C000033667,0.7207,True,0.71
C000015382,0.6443,True,0.71
C000033894,0.3277,False,0.71
C000016059,0.3922,False,0.71
C000011948,0.7239,True,0.71
C000036065,0.6014,True,0.71
C000016879,0.6481,True,0.71
C000013986,0.5264,False,0.71
C000019090,0.6463,True,0.71
C000037630,0.7489,True,0.71
C000037444,0.1651,False,0.71
C000033898,0.4634,False,0.71
C000012773,0.6868,True,0.71
C000004430,0.6592,True,0.71
C000006756,0.4615,False,0.71
C000038086,0.499,False,0.71
C000020169,0.5069,False,0.71
C000035824,0.3014,False,0.71
C000016997,0.6178,True,0.71
C000026624,0.7232,True,0.71
C000032927,0.7379,True,0.71
C000009236,0.8908,True,0.71
C000025592,0.3665,False,0.71
C000004422,0.497,False,0.71
C000038740,0.4192,False,0.71
C000022884,0.6037,True,0.71
C000005843,0.6658,True,0.71
C000038164,0.2424,False,0.71
C000024852,0.5947,True,0.71
C000000706,0.4928,False,0.71
C000036052,0.3724,False,0.71
C000024631,0.6376,True,0.71
C000026393,0.8157,True,0.71
C000022045,0.2501,False,0.71
C000007971,0.8564,True,0.71
C000034087,0.0,False,0.71
C000012968,0.6206,True,0.71
C000010077,0.9665,True,0.71
C000007903,0.2327,False,0.71
C000024831,0.8982,True,0.71
C000022091,0.4585,False,0.71
C000025936,0.6828,True,0.71
C000016499,0.7197,True,0.71
C000025485,0.1856,False,0.71
C000028131,0.6418,True,0.71
C000006839,0.3691,False,0.71
C000020495,0.9062,True,0.71
C000026429,0.399,False,0.71
C000017151,0.6405,True,0.71
C000004472,0.7918,True,0.71
C000030181,0.3663,False,0.71
C000034359,0.5457,False,0.71
C000035345,0.9091,True,0.71
C000006494,0.628,True,0.71
C000017620,0.6649,True,0.71
C000013560,0.346,False,0.71
C000024683,0.7151,True,0.71
C000024523,0.2429,False,0.71
C000039163,0.9986,True,0.71
C000012223,0.7048,True,0.71
C000006393,0.2833,False,0.71
C000023275,0.0,False,0.71
C000009922,0.3715,False,0.71
C000014064,0.6893,True,0.71
C000029546,0.7303,True,0.71
C000022989,0.4674,False,0.71
C000038702,0.4944,False,0.71
C000004347,0.2763,False,0.71
C000038333,0.3104,False,0.71
C000017376,0.5611,True,0.71
C000024658,0.275,False,0.71
C000001150,0.6643,True,0.71
C000022115,0.4992,False,0.71
C000038799,0.6548,True,0.71
C000023537,0.9037,True,0.71
C000026321,0.2541,False,0.71
C000020669,0.5729,True,0.71
C000021252,0.5493,False,0.71
C000004915,0.1836,False,0.71
C000006020,0.546,False,0.71
C000016559,0.6147,True,0.71
C000030560,0.6796,True,0.71
C000036816,0.2651,False,0.71
C000012674,0.5815,True,0.71
C000013424,0.4316,False,0.71
C000021883,0.456,False,0.71
C000004589,0.36,False,0.71
C000025638,0.358,False,0.71
C000005883,0.6701,True,0.71
C000020956,0.3159,False,0.71
C000012344,0.6517,True,0.71
C000029381,0.5262,False,0.71
C000024779,0.4234,False,0.71
C000002564,0.3246,False,0.71
C000039071,0.32,False,0.71
C000004616,0.4468,False,0.71
C000037722,0.1741,False,0.71
C000037734,0.0303,False,0.71
C000034714,0.7414,True,0.71
C000021064,0.7493,True,0.71
C000019605,0.4992,False,0.71
C000001388,0.4609,False,0.71
C000011953,0.5823,True,0.71
C000008351,0.2445,False,0.71
C000000156,0.408,False,0.71
C000017596,0.271,False,0.71
C000005894,0.5747,True,0.71
C000018399,0.5222,False,0.71
C000003783,0.5145,False,0.71
C000031982,0.4713,False,0.71
C000002373,0.3835,False,0.71
C000030857,0.6993,True,0.71
C000008489,0.6716,True,0.71
C000008965,0.6708,True,0.71
C000024444,0.4369,False,0.71
C000036035,0.1395,False,0.71
C000012338,0.6584,True,0.71
C000033808,0.4628,False,0.71
C000010294,0.2557,False,0.71
C000030091,0.7624,True,0.71
C000013682,0.3993,False,0.71
C000027214,0.5528,True,0.71
C000019652,0.5341,False,0.71
C000013212,0.6316,True,0.71
C000026964,0.6114,True,0.71
C000019211,0.7521,True,0.71
C000020307,0.5094,False,0.71
C000004935,0.2912,False,0.71
C000012946,0.8018,True,0.71
C000010313,0.397,False,0.71
C000021494,0.2414,False,0.71
C000038485,0.5238,False,0.71
C000037905,0.7148,True,0.71
C000033426,0.7178,True,0.71
C000017626,0.2773,False,0.71
C000031323,0.6296,True,0.71
C000007158,0.7981,True,0.71
C000000565,1.0,True,0.71
C000005353,0.5898,True,0.71
C000005094,0.4996,False,0.71
C000020994,0.475,False,0.71
C000001042,0.69,True,0.71
C000022567,0.4013,False,0.71
C000000347,0.5075,False,0.71
C000030616,0.7043,True,0.71
C000026744,0.5706,True,0.71
C000023124,0.4919,False,0.71
C000006520,0.5733,True,0.71
C000020221,0.3803,False,0.71
C000025611,0.3634,False,0.71
C000037304,0.5332,False,0.71
C000019751,0.5608,True,0.71
C000022394,0.5958,True,0.71
C000005147,0.5045,False,0.71
C000010357,1.0,True,0.71
C000007201,0.4092,False,0.71
C000031180,0.4674,False,0.71
C000028860,0.5303,False,0.71
C000029788,0.6296,True,0.71
C000015943,0.2941,False,0.71
C000022370,0.3798,False,0.71
C000039184,0.4715,False,0.71
C000003676,0.5619,True,0.71
C000005199,0.514,False,0.71
C000018748,0.4596,False,0.71
C000019302,0.3282,False,0.71
C000026376,0.6139,True,0.71
C000021808,0.5917,True,0.71
C000009058,0.7267,True,0.71
C000001185,0.3534,False,0.71
C000039855,0.7074,True,0.71
C000016229,0.3428,False,0.71
C000022060,0.6568,True,0.71
C000014915,0.5564,True,0.71
C000036594,0.3055,False,0.71
C000025212,0.3958,False,0.71
C000037388,0.5443,False,0.71
C000029732,0.1762,False,0.71
C000032292,0.4451,False,0.71
C000010177,0.5964,True,0.71
C000035886,0.5554,True,0.71
C000025502,0.6621,True,0.71
C000017591,0.6773,True,0.71
C000018560,0.6715,True,0.71
C000005604,0.7545,True,0.71
C000026725,0.7304,True,0.71
C000022466,0.4085,False,0.71
C000020468,0.4257,False,0.71
C000005143,0.1898,False,0.71
C000029163,0.4819,False,0.71
C000002518,0.4806,False,0.71
C000002118,0.3919,False,0.71
C000015668,0.4804,False,0.71
C000029528,0.7826,True,0.71
C000005562,0.5932,True,0.71
C000029800,0.5813,True,0.71
C000034146,0.4507,False,0.71
C000027600,0.1521,False,0.71
C000003998,0.2842,False,0.71
C000000979,0.6467,True,0.71
C000025677,0.4393,False,0.71
C000035391,0.37,False,0.71
C000022310,0.0831,False,0.71
C000005588,0.5923,True,0.71
C000009502,0.6051,True,0.71
C000034378,0.8508,True,0.71
C000036317,0.5602,True,0.71
C000027841,0.6752,True,0.71
C000010844,0.2573,False,0.71
C000006143,0.5638,True,0.71
C000012319,0.6213,True,0.71
C000006859,0.5778,True,0.71
C000028873,0.1681,False,0.71
C000011353,0.556,True,0.71
C000007993,0.4418,False,0.71
C000017266,0.2943,False,0.71
C000019545,0.7689,True,0.71
C000015709,0.2345,False,0.71
C000002605,0.5792,True,0.71
C000023668,0.7857,True,0.71
C000037101,0.7578,True,0.71
C000021237,0.1473,False,0.71
C000013608,0.3493,False,0.71
C000024311,0.6726,True,0.71
C000012221,0.5425,False,0.71
C000025377,0.8631,True,0.71
C000020797,0.5864,True,0.71
C000019530,0.893,True,0.71
C000021465,0.0956,False,0.71
C000009486,0.7395,True,0.71
C000003563,0.6743,True,0.71
C000008044,0.827,True,0.71
C000031580,0.4436,False,0.71
C000000837,0.032,False,0.71
C000039110,0.1606,False,0.71
C000002370,0.8801,True,0.71
C000037687,0.478,False,0.71
C000035288,0.5418,False,0.71
C000020204,0.2688,False,0.71
C000001363,0.2707,False,0.71
C000020940,0.6222,True,0.71
C000023266,0.2733,False,0.71
C000014512,0.5311,False,0.71
C000027169,0.1402,False,0.71
C000002217,0.2667,False,0.71
C000037287,0.3455,False,0.71
C000004561,0.4971,False,0.71
C000002749,0.4009,False,0.71
C000012502,0.238,False,0.71
C000001339,0.873,True,0.71
C000034578,0.4627,False,0.71
C000036325,0.4336,False,0.71
C000031736,0.1282,False,0.71
C000004158,0.6657,True,0.71
C000008761,0.583,True,0.71
C000005182,0.6612,True,0.71
C000004467,0.303,False,0.71
C000012833,0.31,False,0.71
C000006692,0.0736,False,0.71
C000022253,0.4232,False,0.71
C000002203,0.5563,True,0.71
C000017245,0.8285,True,0.71
C000027424,0.5494,False,0.71
C000003899,0.3843,False,0.71
C000015167,0.4217,False,0.71
C000024873,0.1741,False,0.71
C000004729,0.1989,False,0.71
C000010595,0.4449,False,0.71
C000027876,0.5763,True,0.71
C000019662,0.4248,False,0.71
C000010776,0.0,False,0.71
C000028925,0.3671,False,0.71
C000011092,0.6372,True,0.71
C000017678,0.5298,False,0.71
C000003971,0.4661,False,0.71
C000025321,0.4797,False,0.71
C000021502,0.5013,False,0.71
C000011369,0.6351,True,0.71
C000000990,0.5382,False,0.71
C000012134,0.4395,False,0.71
C000024158,0.3125,False,0.71
C000023035,0.4216,False,0.71
C000011331,0.7651,True,0.71
C000014494,0.4716,False,0.71
C000010836,0.8595,True,0.71
C000010297,0.28,False,0.71
C000032892,0.6202,True,0.71
C000021398,0.5273,False,0.71
C000000765,0.5297,False,0.71
C000025336,0.3679,False,0.71
C000011837,0.3923,False,0.71
C000037629,0.3169,False,0.71
C000000313,0.3024,False,0.71
C000017632,0.3487,False,0.71
C000032564,0.4703,False,0.71
C000025020,0.1741,False,0.71
C000006761,0.5251,False,0.71
C000038621,0.8745,True,0.71
C000033015,0.5986,True,0.71
C000007821,0.0,False,0.71
C000033609,0.3557,False,0.71
C000010309,0.2239,False,0.71
C000012091,0.4919,False,0.71
C000009275,0.588,True,0.71
C000025359,0.6871,True,0.71
C000012165,0.8544,True,0.71
C000003426,0.602,True,0.71
C000034837,0.5999,True,0.71
C000012226,0.4648,False,0.71
C000036204,0.3463,False,0.71
C000009548,0.3804,False,0.71
C000005325,0.7134,True,0.71
C000024288,0.5581,True,0.71
C000034722,0.3562,False,0.71
C000018466,0.4308,False,0.71
C000027585,0.4779,False,0.71
C000039972,0.6821,True,0.71
C000036166,0.5384,False,0.71
C000037117,0.3029,False,0.71
C000013088,0.5025,False,0.71
C000016189,0.5759,True,0.71
C000033665,0.4162,False,0.71
C000005540,0.3473,False,0.71
C000034211,0.772,True,0.71
C000032568,0.5862,True,0.71
C000033153,0.2821,False,0.71
C000029901,0.5684,True,0.71
C000029355,0.6431,True,0.71
C000003202,0.6535,True,0.71
C000019928,0.406,False,0.71
C000025884,0.0848,False,0.71
C000033030,0.4708,False,0.71
C000011752,0.2907,False,0.71
C000018024,0.4906,False,0.71
C000005798,0.8424,True,0.71
C000018333,0.2446,False,0.71
C000033818,0.419,False,0.71
C000001387,0.5759,True,0.71
C000032161,0.464,False,0.71
C000001808,0.1281,False,0.71
C000004262,0.7152,True,0.71
C000002528,0.4867,False,0.71
C000011233,0.5022,False,0.71
C000015054,0.5823,True,0.71
C000031259,0.8005,True,0.71
C000002734,0.6408,True,0.71
C000033379,0.5127,False,0.71
C000012072,0.7996,True,0.71
C000016614,0.7691,True,0.71
C000013497,0.4828,False,0.71
C000026335,0.8189,True,0.71
C000038779,0.6114,True,0.71
C000025775,0.7246,True,0.71
C000021343,0.5989,True,0.71
C000010512,0.5324,False,0.71
C000026854,0.3785,False,0.71
C000012152,0.2725,False,0.71
C000035674,0.737,True,0.71
C000025122,0.7088,True,0.71
C000019369,0.3078,False,0.71
C000005571,0.7669,True,0.71
C000037599,0.614,True,0.71
C000031841,0.5177,False,0.71
C000006808,0.0,False,0.71
C000012355,0.6752,True,0.71
C000008097,0.6091,True,0.71
C000030405,0.8121,True,0.71
C000003445,0.3558,False,0.71
C000019683,0.463,False,0.71
C000026299,0.5849,True,0.71
C000039507,0.4913,False,0.71
C000019338,0.7921,True,0.71
C000007369,0.6352,True,0.71
C000011411,0.0689,False,0.71
C000025408,0.4292,False,0.71
C000024224,0.253,False,0.71
C000006942,0.4891,False,0.71
C000017439,0.5858,True,0.71
C000005887,0.3838,False,0.71
C000032199,0.4179,False,0.71
C000011129,0.8506,True,0.71
C000033145,0.2845,False,0.71
C000020556,0.7976,True,0.71
C000029986,0.2751,False,0.71
C000019332,0.3064,False,0.71
C000006517,0.5794,True,0.71
C000004408,0.5027,False,0.71
C000010579,0.542,False,0.71
C000016924,0.3402,False,0.71
C000026301,0.8519,True,0.71
C000001557,0.7999,True,0.71
C000018246,0.4572,False,0.71
C000020199,0.2525,False,0.71
C000036156,0.2877,False,0.71
C000034811,0.4509,False,0.71
C000034233,0.6463,True,0.71
C000000864,0.5454,False,0.71
C000002913,0.4688,False,0.71
C000037898,0.1078,False,0.71
C000032058,0.5186,False,0.71
C000015974,0.4961,False,0.71
C000008377,0.5774,True,0.71
C000002548,0.1737,False,0.71
C000014793,0.6366,True,0.71
C000002336,0.5192,False,0.71
C000010537,0.0,False,0.71
C000026939,0.4544,False,0.71
C000004383,0.6845,True,0.71
C000002384,0.7716,True,0.71
C000039325,0.4384,False,0.71
C000029268,0.6999,True,0.71
C000028292,0.0315,False,0.71
C000035466,0.3432,False,0.71
C000019294,0.4812,False,0.71
C000011677,0.9053,True,0.71
C000035629,0.613,True,0.71
C000019992,0.852,True,0.71
C000031278,0.6754,True,0.71
C000022262,0.68,True,0.71
C000030566,0.6884,True,0.71
C000028772,0.5848,True,0.71
C000010671,0.1372,False,0.71
C000031498,0.2681,False,0.71
C000036007,0.78,True,0.71
C000018659,0.3281,False,0.71
C000034368,0.9415,True,0.71
C000022170,0.6798,True,0.71
C000027365,0.5898,True,0.71
C000036117,0.691,True,0.71
C000018653,0.5755,True,0.71
C000002376,0.2197,False,0.71
C000006028,0.2659,False,0.71
C000000808,0.4928,False,0.71
C000005205,0.7393,True,0.71
C000025871,0.423,False,0.71
C000000240,0.2999,False,0.71
C000037620,0.5063,False,0.71
C000000690,0.2911,False,0.71
C000001774,0.3121,False,0.71
C000014712,0.3324,False,0.71
C000037892,0.2908,False,0.71
C000018879,0.3467,False,0.71
C000011834,0.4963,False,0.71
C000006096,0.8613,True,0.71
C000031298,0.4084,False,0.71
C000014906,0.3632,False,0.71
C000023974,0.9151,True,0.71
C000038268,0.6148,True,0.71
C000025942,0.7671,True,0.71
C000021201,0.2902,False,0.71
C000001014,0.9646,True,0.71
C000028802,0.5801,True,0.71
C000037495,0.6281,True,0.71
C000009478,0.2597,False,0.71
C000020848,0.7873,True,0.71
C000007482,0.1158,False,0.71
C000004679,0.151,False,0.71
C000033446,0.4215,False,0.71
C000039335,0.5438,False,0.71
C000027221,0.5831,True,0.71
C000020283,0.4799,False,0.71
C000015754,0.5584,True,0.71
C000039978,0.0765,False,0.71
C000019776,0.4446,False,0.71
C000016577,0.7391,True,0.71
C000002766,0.2897,False,0.71
C000025821,0.605,True,0.71
C000021769,0.6795,True,0.71
C000003776,0.5985,True,0.71
C000025300,0.5539,True,0.71
C000020832,0.5441,False,0.71
C000005217,0.2284,False,0.71
C000009248,0.3378,False,0.71
C000001551,0.1209,False,0.71
C000036271,0.4809,False,0.71
C000017575,0.3548,False,0.71
C000034363,0.4157,False,0.71
C000038131,0.4968,False,0.71
C000022585,0.4901,False,0.71
C000002657,0.2786,False,0.71
C000016802,0.8225,True,0.71
C000027673,0.5276,False,0.71
C000009933,0.6336,True,0.71
C000019310,0.2107,False,0.71
C000012312,0.5669,True,0.71
C000026529,0.4745,False,0.71
C000007869,0.4086,False,0.71
C000032430,0.4281,False,0.71
C000031603,0.5077,False,0.71
C000013484,0.7494,True,0.71
C000015745,0.6173,True,0.71
C000002867,0.774,True,0.71
C000004179,0.3573,False,0.71
C000030656,0.4246,False,0.71
C000037225,0.5415,False,0.71
C000006946,0.4361,False,0.71
C000036572,0.682,True,0.71
C000022598,0.3528,False,0.71
C000011395,0.7273,True,0.71
C000031271,0.5175,False,0.71
C000035097,0.4847,False,0.71
C000006772,0.3605,False,0.71
C000023387,0.2936,False,0.71
C000011058,0.4594,False,0.71
C000026575,0.5757,True,0.71
C000021550,0.4518,False,0.71
C000021568,0.6121,True,0.71
C000007168,0.4111,False,0.71
C000022480,0.657,True,0.71
C000033770,0.3686,False,0.71
C000010833,0.3186,False,0.71
C000022842,0.5745,True,0.71
C000000115,0.6439,True,0.71
C000005156,0.1255,False,0.71
C000011892,0.3064,False,0.71
C000031132,0.3246,False,0.71
C000019804,0.4714,False,0.71
C000016411,0.4835,False,0.71
C000025284,0.5781,True,0.71
C000019009,0.2552,False,0.71
C000037986,0.515,False,0.71
C000010162,0.5589,True,0.71
C000027867,0.4086,False,0.71
C000010312,0.5141,False,0.71
C000000551,0.5027,False,0.71
C000036814,0.7,True,0.71
C000026884,0.3624,False,0.71
C000024610,0.4866,False,0.71
C000016619,0.5149,False,0.71
C000023238,0.6852,True,0.71
C000014746,0.2941,False,0.71
C000038603,0.3877,False,0.71
C000016520,0.1561,False,0.71
C000035512,0.5463,False,0.71
C000000111,0.74,True,0.71
C000033865,0.4355,False,0.71
C000025375,0.3733,False,0.71
C000035240,0.2782,False,0.71
C000027451,0.5523,True,0.71
C000015844,0.693,True,0.71
C000016651,0.1689,False,0.71
C000011227,0.6236,True,0.71
C000016531,0.6114,True,0.71
C000035526,0.2468,False,0.71
C000012919,0.5435,False,0.71
C000017778,0.3666,False,0.71
C000012606,0.4352,False,0.71
C000024086,0.3542,False,0.71
C000026251,0.5067,False,0.71
C000032659,0.4673,False,0.71
C000032480,0.5457,False,0.71
C000001342,0.9447,True,0.71
C000023674,0.3556,False,0.71
C000010207,0.7534,True,0.71
C000016905,0.5998,True,0.71
C000036020,0.868,True,0.71
C000005386,0.211,False,0.71
C000035227,0.8291,True,0.71
C000026287,0.5791,True,0.71
C000010650,0.4176,False,0.71
C000013955,0.5628,True,0.71
C000021209,0.642,True,0.71
C000002493,0.8677,True,0.71
C000000738,0.5453,False,0.71
C000021579,0.4741,False,0.71
C000037549,0.2453,False,0.71
C000037005,0.3038,False,0.71
C000001504,0.8086,True,0.71
C000013160,0.2504,False,0.71
C000018414,0.0,False,0.71
C000002331,0.0907,False,0.71
C000031615,0.309,False,0.71
C000003204,0.639,True,0.71
C000017459,0.5105,False,0.71
C000030069,0.7225,True,0.71
C000038817,0.36,False,0.71
C000008679,0.1231,False,0.71
C000034991,0.5408,False,0.71
C000027021,0.447,False,0.71
C000030193,0.1333,False,0.71
C000032550,0.5365,False,0.71
C000037974,0.5507,True,0.71
C000037182,0.7516,True,0.71
C000029101,0.3652,False,0.71
C000019592,0.7533,True,0.71
C000022194,0.4989,False,0.71
C000002368,0.7841,True,0.71
C000032257,0.2858,False,0.71
C000010118,0.4967,False,0.71
C000000108,0.4804,False,0.71
C000029452,0.2698,False,0.71
C000015119,0.2571,False,0.71
C000014859,0.5244,False,0.71
C000008260,0.7906,True,0.71
C000012624,0.3718,False,0.71
C000021788,0.328,False,0.71
C000032179,0.4099,False,0.71
C000029808,0.6415,True,0.71
C000016562,0.264,False,0.71
C000029040,0.5754,True,0.71
C000025031,0.6283,True,0.71
C000029842,0.7369,True,0.71
C000020262,0.4253,False,0.71
C000033000,0.6982,True,0.71
C000001865,0.1554,False,0.71
C000013761,0.6127,True,0.71
C000020629,0.5871,True,0.71
C000016655,0.7652,True,0.71
C000015255,0.6624,True,0.71
C000008173,0.9012,True,0.71
C000000282,0.5669,True,0.71
C000018967,0.6629,True,0.71
C000008749,0.5962,True,0.71
C000029057,0.5563,True,0.71
C000019387,0.4411,False,0.71
C000005891,0.659,True,0.71
C000021699,0.4692,False,0.71
C000004089,0.5389,False,0.71
C000006052,0.4351,False,0.71
C000036113,0.1564,False,0.71
C000025551,0.6131,True,0.71
C000020013,0.5261,False,0.71
C000004048,0.5617,True,0.71
C000009595,0.7043,True,0.71
C000039848,0.7882,True,0.71
C000031663,0.062,False,0.71
C000033315,0.792,True,0.71
C000011622,0.5042,False,0.71
C000013181,0.476,False,0.71
C000018090,0.716,True,0.71
C000005512,0.4454,False,0.71
C000019084,0.7383,True,0.71
C000031610,0.6026,True,0.71
C000038943,0.5243,False,0.71
C000004688,0.8227,True,0.71
C000023117,0.5256,False,0.71
C000014106,0.6147,True,0.71
C000015567,0.4921,False,0.71
C000017854,0.5462,False,0.71
C000033597,0.3391,False,0.71
C000023853,0.389,False,0.71
C000028895,0.4795,False,0.71
C000000458,0.3971,False,0.71
C000027429,0.3198,False,0.71
C000023840,0.6682,True,0.71
C000000459,0.4366,False,0.71
C000014414,0.1914,False,0.71
C000029967,0.5079,False,0.71
C000016215,0.3969,False,0.71
C000028031,0.396,False,0.71
C000015810,0.4248,False,0.71
C000012429,0.5228,False,0.71
C000024430,0.2307,False,0.71
C000011505,0.4691,False,0.71
C000030970,0.3865,False,0.71
C000002997,0.7833,True,0.71
C000029048,0.5034,False,0.71
C000023620,0.6146,True,0.71
C000038611,0.6528,True,0.71
C000005282,0.247,False,0.71
C000025850,0.5794,True,0.71
C000032166,0.7028,True,0.71
C000039051,0.4445,False,0.71
C000026330,0.3322,False,0.71
C000027530,0.3363,False,0.71
C000008622,0.4563,False,0.71
C000034802,0.3503,False,0.71
C000010255,0.7072,True,0.71
C000002781,0.9158,True,0.71
C000006925,0.2556,False,0.71
C000026144,0.4362,False,0.71
C000020704,0.1613,False,0.71
C000039692,0.7071,True,0.71
C000004030,0.4937,False,0.71
C000031152,0.3708,False,0.71
C000023904,0.5031,False,0.71
C000006975,0.6629,True,0.71
C000037762,0.5917,True,0.71
C000003010,0.5809,True,0.71
C000007798,0.4165,False,0.71
C000012362,0.7435,True,0.71
C000011766,0.3414,False,0.71
C000024058,0.6461,True,0.71
C000028753,0.536,False,0.71
C000019306,0.8057,True,0.71
C000023827,0.5642,True,0.71
C000001274,1.0,True,0.71
C000003963,0.7162,True,0.71
C000003648,0.893,True,0.71
C000022005,0.3035,False,0.71
C000034672,0.4488,False,0.71
C000007263,0.2489,False,0.71
C000028246,0.6691,True,0.71
C000006933,0.4466,False,0.71
C000034133,0.2231,False,0.71
C000020459,0.5268,False,0.71
C000020706,0.5933,True,0.71
C000014737,0.5413,False,0.71
C000017383,0.1917,False,0.71
C000008324,0.9083,True,0.71
C000023272,0.3073,False,0.71
C000014682,0.4909,False,0.71
C000010923,0.4856,False,0.71
C000010473,0.2258,False,0.71
C000015216,0.4823,False,0.71
C000023046,0.5405,False,0.71
C000015976,0.5245,False,0.71
C000025640,0.4771,False,0.71
C000010824,0.0,False,0.71
C000029348,0.5321,False,0.71
C000013506,0.5104,False,0.71
C000024017,0.632,True,0.71
C000013645,0.3613,False,0.71
C000009088,0.6656,True,0.71
C000024719,0.558,True,0.71
C000034132,0.441,False,0.71
C000027636,0.5148,False,0.71
C000005054,0.4905,False,0.71
C000037519,0.3677,False,0.71
C000010467,0.6812,True,0.71
C000024878,0.7757,True,0.71
C000011270,0.2923,False,0.71
C000028919,0.2486,False,0.71
C000029372,0.634,True,0.71
C000035280,0.4805,False,0.71
C000001931,0.4761,False,0.71
C000011775,0.301,False,0.71
C000014509,0.4688,False,0.71
C000015276,0.34,False,0.71
C000014824,0.4584,False,0.71
C000007350,0.7035,True,0.71
C000000669,0.2545,False,0.71
C000010201,0.5306,False,0.71
C000026716,0.4543,False,0.71
C000017016,0.3934,False,0.71
C000019384,0.8202,True,0.71
C000022875,0.4604,False,0.71
C000030599,0.5055,False,0.71
C000004988,0.154,False,0.71
C000025196,0.3461,False,0.71
C000033397,0.3526,False,0.71
C000036487,0.5059,False,0.71
C000027781,0.3567,False,0.71
C000013426,0.5547,True,0.71
C000035083,0.4518,False,0.71
C000005865,0.128,False,0.71
C000023977,0.522,False,0.71
C000001573,0.7248,True,0.71
C000032151,0.6575,True,0.71
C000001693,0.3676,False,0.71
C000008684,0.604,True,0.71
C000009351,0.1942,False,0.71
C000028950,0.6688,True,0.71
C000027362,0.3646,False,0.71
C000033498,0.1609,False,0.71
C000001300,0.0936,False,0.71
C000037180,0.6638,True,0.71
C000004081,0.7606,True,0.71
C000000189,0.2798,False,0.71
C000036741,0.2545,False,0.71
C000000184,0.3371,False,0.71
C000018415,0.6752,True,0.71
C000030283,0.5747,True,0.71
C000032261,0.3512,False,0.71
C000030339,0.5042,False,0.71
C000017147,0.7997,True,0.71
C000018429,0.8118,True,0.71
C000012505,0.7277,True,0.71
C000001117,0.4058,False,0.71
C000024557,0.4251,False,0.71
C000027848,0.6408,True,0.71
C000035743,0.698,True,0.71
C000006782,0.2121,False,0.71
C000012584,0.5377,False,0.71
C000032823,0.3494,False,0.71
C000018364,0.2968,False,0.71
C000032481,0.355,False,0.71
C000021072,0.6748,True,0.71
C000018291,0.337,False,0.71
C000002209,0.3214,False,0.71
C000018853,0.0332,False,0.71
C000004185,0.4371,False,0.71
C000026883,0.6407,True,0.71
C000025612,0.1967,False,0.71
C000029004,0.6746,True,0.71
C000033469,0.658,True,0.71
C000030671,0.6176,True,0.71
C000007589,0.5993,True,0.71
C000030436,0.6339,True,0.71
C000003514,0.5809,True,0.71
C000035476,0.656,True,0.71
C000002829,0.4235,False,0.71
C000013059,0.2607,False,0.71
C000002616,0.5815,True,0.71
C000032684,0.174,False,0.71
C000038797,0.0563,False,0.71
C000039362,0.5938,True,0.71
C000011138,0.0,False,0.71
C000012250,0.4848,False,0.71
C000033262,0.6693,True,0.71
C000010349,0.6773,True,0.71
C000003310,0.1552,False,0.71
C000024480,0.5261,False,0.71
C000033784,0.6143,True,0.71
C000034816,0.4437,False,0.71
C000002923,0.5949,True,0.71
C000031026,0.6135,True,0.71
C000000259,0.3159,False,0.71
C000016295,0.8109,True,0.71
C000032543,0.4601,False,0.71
C000001533,0.5523,True,0.71
C000039829,0.0,False,0.71
C000034928,0.3474,False,0.71
C000024632,0.6248,True,0.71
C000025933,0.6797,True,0.71
C000037755,0.6704,True,0.71
C000013981,0.5789,True,0.71
C000037481,0.1409,False,0.71
C000027069,0.7958,True,0.71
C000002286,0.5687,True,0.71
C000036994,0.2827,False,0.71
C000014390,0.4789,False,0.71
C000036116,0.3853,False,0.71
C000015478,0.2904,False,0.71
C000029463,0.6535,True,0.71
C000026269,0.6234,True,0.71
C000017736,0.0986,False,0.71
C000012522,0.6865,True,0.71
C000012842,0.4342,False,0.71
C000006217,0.7943,True,0.71
C000025568,0.6253,True,0.71
C000024332,0.4143,False,0.71
C000001620,0.5715,True,0.71
C000018873,0.553,True,0.71
C000003048,0.4797,False,0.71
C000019417,0.3183,False,0.71
C000039332,0.5246,False,0.71
C000037358,0.7703,True,0.71
C000027808,0.695,True,0.71
C000029817,0.5054,False,0.71
C000005476,0.7573,True,0.71
C000020411,0.1592,False,0.71
C000000600,0.641,True,0.71
C000039473,0.3218,False,0.71
C000021881,0.6339,True,0.71
C000029280,0.9353,True,0.71
C000029451,0.5141,False,0.71
C000035807,0.4141,False,0.71
C000010700,0.0,False,0.71
C000035834,0.5556,True,0.71
C000014430,0.1134,False,0.71
C000020098,0.8413,True,0.71
C000038534,0.6156,True,0.71
C000006330,0.7191,True,0.71
C000036620,0.9435,True,0.71
C000012973,0.3312,False,0.71
C000021892,0.1902,False,0.71
C000032250,0.3123,False,0.71
C000034936,0.2147,False,0.71
C000015984,0.6384,True,0.71
C000027796,0.4686,False,0.71
C000006015,0.6953,True,0.71
C000006302,0.4095,False,0.71
C000002031,0.299,False,0.71
C000026084,0.2377,False,0.71
C000015545,0.5756,True,0.71
C000013735,0.524,False,0.71
C000016510,0.4595,False,0.71
C000013213,0.6482,True,0.71
C000002271,0.5727,True,0.71
C000008140,0.1031,False,0.71
C000005089,0.6733,True,0.71
C000008980,0.8007,True,0.71
C000007189,0.3998,False,0.71
C000021894,0.3772,False,0.71
C000017457,0.5576,True,0.71
C000013321,0.3425,False,0.71
C000022933,0.7089,True,0.71
C000033462,0.2728,False,0.71
C000006248,0.6091,True,0.71
C000036927,0.6202,True,0.71
C000031233,0.2643,False,0.71
C000035580,0.3603,False,0.71
C000015770,0.5135,False,0.71
C000021390,0.4808,False,0.71
C000024601,0.6639,True,0.71
C000021452,0.4914,False,0.71
C000038786,0.3308,False,0.71
C000037881,0.8989,True,0.71
C000037298,0.5375,False,0.71
C000010849,0.8784,True,0.71
C000013614,0.5783,True,0.71
C000021124,0.0,False,0.71
C000031963,0.7676,True,0.71
C000009514,0.4498,False,0.71
C000039467,0.4749,False,0.71
C000032068,0.619,True,0.71
C000035932,0.6958,True,0.71
C000031368,0.7916,True,0.71
C000036801,0.2761,False,0.71
C000014826,0.6321,True,0.71
C000013119,0.6915,True,0.71
C000017468,0.5459,False,0.71
C000030880,0.2101,False,0.71
C000036910,0.5,False,0.71
C000001379,0.525,False,0.71
C000036988,0.5706,True,0.71
C000006427,0.3413,False,0.71
C000035311,0.2778,False,0.71
C000039214,0.1879,False,0.71
C000029207,0.5534,True,0.71
C000018904,0.5341,False,0.71
C000005927,0.7637,True,0.71
C000022049,0.2765,False,0.71
C000030946,0.3189,False,0.71
C000013869,0.631,True,0.71
C000002482,0.4023,False,0.71
C000012509,0.4762,False,0.71
C000002881,0.8132,True,0.71
C000016971,0.2589,False,0.71
C000011537,0.1101,False,0.71
C000030546,0.6203,True,0.71
C000023255,0.362,False,0.71
C000003096,0.3435,False,0.71
C000030078,0.7982,True,0.71
C000013291,0.8556,True,0.71
C000015958,0.715,True,0.71
C000016795,0.4828,False,0.71
C000020437,0.0816,False,0.71
C000030192,0.7838,True,0.71
C000023396,0.5542,True,0.71
C000038298,0.2837,False,0.71
C000037656,0.2077,False,0.71
C000026404,0.3874,False,0.71
C000005236,0.4583,False,0.71
C000028551,0.3534,False,0.71
C000033021,0.4725,False,0.71
C000027689,0.5804,True,0.71
C000029322,0.4978,False,0.71
C000017179,0.652,True,0.71
C000015130,0.3721,False,0.71
C000005622,0.5848,True,0.71
C000012333,0.5559,True,0.71
C000012245,0.2842,False,0.71
C000036710,0.6708,True,0.71
C000034412,0.5791,True,0.71
C000005380,0.5129,False,0.71
C000032109,0.2879,False,0.71
C000001844,0.6633,True,0.71
C000024467,0.2362,False,0.71
C000016779,0.9964,True,0.71
C000004494,0.1242,False,0.71
C000013202,0.6362,True,0.71
C000012619,0.0,False,0.71
C000030227,0.3948,False,0.71
C000010616,0.8633,True,0.71
C000012479,0.7065,True,0.71
C000011583,0.0629,False,0.71
C000001182,0.4958,False,0.71
C000039187,0.634,True,0.71
C000032299,0.6047,True,0.71
C000015156,0.4692,False,0.71
C000029009,0.4073,False,0.71
C000035833,0.5153,False,0.71
C000009310,0.6031,True,0.71
C000005444,0.3992,False,0.71
C000025856,0.2143,False,0.71
C000005863,0.6191,True,0.71
C000039015,0.1092,False,0.71
C000025923,0.4811,False,0.71
C000038207,0.5695,True,0.71
C000007454,0.5342,False,0.71
C000025235,0.5386,False,0.71
C000019807,0.4693,False,0.71
C000005916,0.6701,True,0.71
C000039677,0.8762,True,0.71
C000035338,0.2658,False,0.71
C000028376,0.8646,True,0.71
C000023253,0.5904,True,0.71
C000012137,0.5414,False,0.71
C000016473,0.6748,True,0.71
C000032213,1.0,True,0.71
C000016128,0.5424,False,0.71
C000039672,0.4361,False,0.71
C000001063,0.432,False,0.71
C000034752,0.5403,False,0.71
C000034883,0.5007,False,0.71
C000020800,0.3081,False,0.71
C000020302,0.4109,False,0.71
C000022036,0.415,False,0.71
C000034503,0.3557,False,0.71
C000016844,0.3257,False,0.71
C000034634,0.2823,False,0.71
C000039492,0.5753,True,0.71
C000015025,0.2319,False,0.71
C000032661,0.6698,True,0.71
C000007653,0.0901,False,0.71
C000010549,0.8829,True,0.71
C000026727,0.385,False,0.71
C000022126,0.5624,True,0.71
C000007914,0.4699,False,0.71
C000026735,0.2683,False,0.71
C000006382,0.4982,False,0.71
C000037036,0.3601,False,0.71
C000010229,0.5454,False,0.71
C000028586,0.3498,False,0.71
C000037750,0.5471,False,0.71
C000024104,0.4124,False,0.71
C000012749,0.4601,False,0.71
C000038239,0.5284,False,0.71
C000006754,0.8505,True,0.71
C000030348,0.2419,False,0.71
C000013025,0.3917,False,0.71
C000019828,0.4989,False,0.71
C000011459,0.5037,False,0.71
C000021475,0.4347,False,0.71
C000011419,0.4804,False,0.71
C000007432,0.2325,False,0.71
C000038016,0.6461,True,0.71
C000020120,0.6879,True,0.71
C000014787,0.8384,True,0.71
C000006336,0.2865,False,0.71
C000017568,0.2802,False,0.71
C000017395,0.087,False,0.71
C000002833,0.3572,False,0.71
C000039991,0.1474,False,0.71
C000000608,0.5723,True,0.71
C000013767,0.5535,True,0.71
C000012563,0.6692,True,0.71
C000022015,0.9,True,0.71
C000032091,0.6811,True,0.71
C000023366,0.2461,False,0.71
C000015741,0.6008,True,0.71
C000020670,0.6829,True,0.71
C000002278,0.1961,False,0.71
C000013277,0.6292,True,0.71
C000016193,0.5912,True,0.71
C000018787,0.4887,False,0.71
C000033733,0.3786,False,0.71
C000030635,0.4045,False,0.71
C000019601,0.5802,True,0.71
C000034180,0.3524,False,0.71
C000037048,0.7065,True,0.71
C000021559,0.2626,False,0.71
C000032806,0.3305,False,0.71
C000017217,0.5352,False,0.71
C000022326,0.4452,False,0.71
C000008722,0.2334,False,0.71
C000017764,0.6208,True,0.71
C000030345,0.6704,True,0.71
C000009796,0.5686,True,0.71
C000002138,0.2992,False,0.71
C000005730,0.6142,True,0.71
C000016514,0.6014,True,0.71
C000022810,0.2326,False,0.71
C000029441,0.3626,False,0.71
C000037044,0.3691,False,0.71
C000020918,0.562,True,0.71
C000023798,0.5653,True,0.71
C000012685,0.567,True,0.71
C000031246,0.2051,False,0.71
C000006440,0.4421,False,0.71
C000030017,0.3856,False,0.71
C000012536,0.6708,True,0.71
C000010222,0.6655,True,0.71
C000035962,0.3983,False,0.71
C000023288,0.2937,False,0.71
C000028765,0.5018,False,0.71
C000019053,0.5239,False,0.71
C000015988,0.6826,True,0.71
C000023206,0.7387,True,0.71
C000020489,0.3294,False,0.71
C000007470,0.1772,False,0.71
C000003751,0.3222,False,0.71
C000027370,0.1162,False,0.71
C000022400,0.2737,False,0.71
C000020865,0.6156,True,0.71
C000016784,0.538,False,0.71
C000026887,0.9645,True,0.71
C000009760,0.4321,False,0.71
C000028606,0.5286,False,0.71
C000026217,0.604,True,0.71
C000021019,0.2207,False,0.71
C000022025,0.2599,False,0.71
C000006623,0.8187,True,0.71
C000005308,0.2601,False,0.71
C000015204,0.4301,False,0.71
C000003406,0.4613,False,0.71
C000033472,0.2553,False,0.71
C000033308,0.708,True,0.71
C000009785,0.5452,False,0.71
C000019014,0.4854,False,0.71
C000035628,0.5876,True,0.71
C000025930,0.5948,True,0.71
C000023290,0.5982,True,0.71
C000016221,0.1293,False,0.71
C000016063,0.3858,False,0.71
C000010072,0.7355,True,0.71
C000038189,0.4586,False,0.71
C000003179,0.5621,True,0.71
C000022240,0.5554,True,0.71
C000036619,0.2057,False,0.71
C000020010,0.6741,True,0.71
C000028887,0.632,True,0.71
C000009568,0.8117,True,0.71
C000007122,0.3834,False,0.71
C000024950,0.6427,True,0.71
C000027828,0.6299,True,0.71
C000031110,0.5939,True,0.71
C000021565,0.772,True,0.71
C000036237,0.3979,False,0.71
C000010190,0.8944,True,0.71
C000025740,0.6574,True,0.71
C000010321,0.4656,False,0.71
C000029700,0.6637,True,0.71
C000028594,0.2993,False,0.71
C000032847,0.7648,True,0.71
C000008545,0.6044,True,0.71
C000030698,0.6861,True,0.71
C000002358,0.4978,False,0.71
C000014937,0.407,False,0.71
C000000290,0.2837,False,0.71
C000012417,0.907,True,0.71
C000014388,0.6263,True,0.71
C000028153,0.3815,False,0.71
C000022579,0.5259,False,0.71
C000020507,0.3399,False,0.71
C000008402,0.4333,False,0.71
C000003947,0.7563,True,0.71
C000021561,0.5696,True,0.71
C000005936,0.6926,True,0.71
C000038917,0.7552,True,0.71
C000025117,0.5569,True,0.71
C000031854,0.2785,False,0.71
C000037559,0.656,True,0.71
C000021804,0.2724,False,0.71
C000039117,0.2389,False,0.71
C000015987,0.6692,True,0.71
C000030813,0.2167,False,0.71
C000016697,0.4522,False,0.71
C000028362,0.398,False,0.71
C000019141,0.5706,True,0.71
C000025846,0.4449,False,0.71
C000030271,0.4248,False,0.71
C000037984,0.4793,False,0.71
C000024442,0.4884,False,0.71
C000000993,0.4153,False,0.71
C000027406,1.0,True,0.71
C000014271,0.5916,True,0.71
C000005864,0.5239,False,0.71
C000027048,0.5102,False,0.71
C000026603,0.5369,False,0.71
C000039799,0.4433,False,0.71
C000017685,0.4356,False,0.71
C000038668,0.8521,True,0.71
C000013260,0.4086,False,0.71
C000020993,0.2184,False,0.71
C000015424,0.6889,True,0.71
C000017623,0.3107,False,0.71
C000015246,0.4079,False,0.71
C000001141,0.6085,True,0.71
C000003187,0.6618,True,0.71
C000025013,0.5669,True,0.71
C000019749,0.6146,True,0.71
C000008473,0.6014,True,0.71
C000006027,0.1174,False,0.71
C000002931,0.4504,False,0.71
C000019478,0.6939,True,0.71
C000006711,0.1647,False,0.71
C000025308,0.4772,False,0.71
C000001530,0.5319,False,0.71
C000014375,0.7543,True,0.71
C000000621,0.5581,True,0.71
C000029764,0.5227,False,0.71
C000014489,0.205,False,0.71
C000035295,0.8888,True,0.71
C000011893,0.5684,True,0.71
C000005292,0.7009,True,0.71
C000017492,0.5305,False,0.71
C000015373,0.4168,False,0.71
C000000094,0.313,False,0.71
C000018992,0.9267,True,0.71
C000007275,0.3155,False,0.71
C000030892,0.5688,True,0.71
C000037705,0.5829,True,0.71
C000012630,0.5162,False,0.71
C000032672,0.3214,False,0.71
C000033794,0.1938,False,0.71
C000035009,0.3088,False,0.71
C000028998,0.3733,False,0.71
C000010383,0.4126,False,0.71
C000001733,0.5398,False,0.71
C000035355,0.5567,True,0.71
C000021884,0.7685,True,0.71
C000034641,0.5988,True,0.71
C000027858,0.4479,False,0.71
C000028760,0.3887,False,0.71
C000018188,0.4256,False,0.71
C000039598,0.5127,False,0.71
C000033216,0.4093,False,0.71
C000033178,0.8147,True,0.71
C000026439,0.621,True,0.71
C000019513,0.6067,True,0.71
C000024960,0.6379,True,0.71
C000019948,0.4695,False,0.71
C000037311,0.3845,False,0.71
C000016367,0.6484,True,0.71
C000003985,0.7982,True,0.71
C000003729,0.4331,False,0.71
C000033438,0.3193,False,0.71
C000002969,0.6818,True,0.71
C000024898,0.8301,True,0.71
C000024403,0.4747,False,0.71
C000017513,0.5544,True,0.71
C000008589,0.5402,False,0.71
C000003896,0.1806,False,0.71
C000015550,0.5745,True,0.71
C000008081,0.4075,False,0.71
C000010433,0.4338,False,0.71
C000008851,0.4076,False,0.71
C000033092,0.4331,False,0.71
C000019386,0.7089,True,0.71
C000033099,0.6557,True,0.71
C000007331,0.5134,False,0.71
C000029461,0.4593,False,0.71
C000014612,0.2601,False,0.71
C000034486,0.489,False,0.71
C000019096,0.3494,False,0.71
C000027097,0.6424,True,0.71
C000038163,0.8619,True,0.71
C000018897,0.4718,False,0.71
C000023291,0.4466,False,0.71
C000016961,0.0469,False,0.71
C000005405,0.4201,False,0.71
C000005524,0.754,True,0.71
C000022569,0.2263,False,0.71
C000023229,0.453,False,0.71
C000027873,0.4565,False,0.71
C000022411,0.5393,False,0.71
C000022959,0.2185,False,0.71
C000038481,0.4541,False,0.71
C000008066,0.4646,False,0.71
C000008279,0.0664,False,0.71
C000038092,0.6112,True,0.71
C000039135,0.317,False,0.71
C000005840,0.7042,True,0.71
C000026614,0.7098,True,0.71
C000020953,0.8156,True,0.71
C000002433,0.7593,True,0.71
C000012980,0.2599,False,0.71
C000017183,0.3816,False,0.71
C000020530,0.9268,True,0.71
C000001231,0.6057,True,0.71
C000028729,0.1697,False,0.71
C000037484,0.5566,True,0.71
C000010534,0.453,False,0.71
C000003562,0.506,False,0.71
C000007514,0.5171,False,0.71
C000004730,0.6477,True,0.71
C000002640,0.5829,True,0.71
C000017943,0.5131,False,0.71
C000019209,0.6062,True,0.71
C000032845,0.5288,False,0.71
C000026459,0.6064,True,0.71
C000012351,0.6882,True,0.71
C000022321,0.3366,False,0.71
C000020578,0.6628,True,0.71
C000023955,0.6,True,0.71
C000027422,0.3098,False,0.71
C000014166,0.3067,False,0.71
C000012064,0.6399,True,0.71
C000019179,0.5608,True,0.71
C000024709,0.6498,True,0.71
C000017153,0.7057,True,0.71
C000025698,0.2758,False,0.71
C000011617,0.4402,False,0.71
C000032719,0.3804,False,0.71
C000022256,0.288,False,0.71
C000007339,0.2393,False,0.71
C000002601,0.3372,False,0.71
C000012698,0.2692,False,0.71
C000005933,0.6248,True,0.71
C000021684,0.4043,False,0.71
C000024867,0.3629,False,0.71
C000039099,0.5794,True,0.71
C000036939,0.3944,False,0.71
C000039056,0.9146,True,0.71
C000007848,0.6453,True,0.71
C000006893,0.1877,False,0.71
C000016478,0.5186,False,0.71
C000018228,0.7481,True,0.71
C000009593,0.458,False,0.71
C000017759,0.4288,False,0.71
C000029007,0.4677,False,0.71
C000008158,0.5195,False,0.71
C000016984,0.5925,True,0.71
C000033159,0.4219,False,0.71
C000024415,0.5335,False,0.71
C000037894,0.6392,True,0.71
C000000159,0.3264,False,0.71
C000014260,0.4486,False,0.71
C000026036,0.481,False,0.71
C000007751,0.581,True,0.71
C000019875,0.3168,False,0.71
C000025646,0.6064,True,0.71
C000016814,0.5775,True,0.71
C000003412,0.3576,False,0.71
C000024649,0.1321,False,0.71
C000010068,0.4768,False,0.71
C000033529,0.4609,False,0.71
C000019812,0.5808,True,0.71
C000008297,0.4843,False,0.71
C000021021,0.4704,False,0.71
C000033520,0.5913,True,0.71
C000037065,0.1161,False,0.71
C000000057,0.3597,False,0.71
C000025026,0.3344,False,0.71
C000010858,0.6661,True,0.71
C000003515,0.8847,True,0.71
C000039032,0.5289,False,0.71
C000026279,0.6962,True,0.71
C000014007,0.5149,False,0.71
C000034524,0.5268,False,0.71
C000002868,0.3296,False,0.71
C000031429,0.542,False,0.71
C000034472,0.4055,False,0.71
C000019698,0.5008,False,0.71
C000013772,0.326,False,0.71
C000026454,0.422,False,0.71
C000003723,0.3409,False,0.71
C000002327,0.4505,False,0.71
C000010106,0.5878,True,0.71
C000035689,0.5865,True,0.71
C000031294,0.507,False,0.71
C000027521,0.5957,True,0.71
C000007742,1.0,True,0.71
C000014209,0.6854,True,0.71
C000029689,0.2013,False,0.71
C000016732,0.7582,True,0.71
C000011739,0.8125,True,0.71
C000009585,0.5629,True,0.71
C000013287,0.0666,False,0.71
C000010919,0.2731,False,0.71
C000028503,0.5991,True,0.71
C000017315,0.441,False,0.71
C000006470,0.6099,True,0.71
C000030008,0.4837,False,0.71
C000010110,0.4718,False,0.71
C000032951,0.7094,True,0.71
C000012592,0.5177,False,0.71
C000033356,0.493,False,0.71
C000018903,0.3903,False,0.71
C000010592,0.7774,True,0.71
C000002385,0.3411,False,0.71
C000016163,0.4683,False,0.71
C000004084,0.5506,True,0.71
C000027993,0.5159,False,0.71
C000015804,0.8302,True,0.71
C000006689,0.4137,False,0.71
C000016848,0.4647,False,0.71
C000003073,0.5668,True,0.71
C000039901,0.4748,False,0.71
C000034964,0.3337,False,0.71
C000008458,0.5253,False,0.71
C000011527,0.4407,False,0.71
C000003851,0.5302,False,0.71
C000039482,0.6978,True,0.71
C000018184,0.643,True,0.71
C000039320,0.4976,False,0.71
C000001369,0.6002,True,0.71
C000033640,0.3474,False,0.71
C000007046,0.7107,True,0.71
C000033376,0.5487,False,0.71
C000003274,0.505,False,0.71
C000011286,0.5296,False,0.71
C000001107,0.4008,False,0.71
C000025227,0.7278,True,0.71
C000012722,0.3004,False,0.71
C000006789,0.7043,True,0.71
C000019988,0.0535,False,0.71
C000029417,0.2231,False,0.71
C000012951,0.5454,False,0.71
C000019089,0.428,False,0.71
C000000847,0.1124,False,0.71
C000035322,0.7952,True,0.71
C000014212,0.3444,False,0.71
C000006655,0.7095,True,0.71
C000028306,0.4298,False,0.71
C000007252,0.2123,False,0.71
C000038868,0.4958,False,0.71
C000009235,0.4989,False,0.71
C000023682,0.6784,True,0.71
C000002154,0.5547,True,0.71
C000032449,0.5394,False,0.71
C000039206,0.5778,True,0.71
C000001528,0.7295,True,0.71
C000017111,0.3532,False,0.71
C000017269,0.5432,False,0.71
C000026687,0.5987,True,0.71
C000032188,0.5198,False,0.71
C000026696,0.6049,True,0.71
C000010632,0.5985,True,0.71
C000004530,0.4657,False,0.71
C000010840,0.618,True,0.71
C000027570,0.3909,False,0.71
C000008012,0.6569,True,0.71
C000037541,0.4218,False,0.71
C000029958,0.4764,False,0.71
C000034693,0.4833,False,0.71
C000029020,0.2429,False,0.71
C000022628,0.4469,False,0.71
C000037577,0.2297,False,0.71
C000030141,0.203,False,0.71
C000021996,0.6875,True,0.71
C000027954,0.3355,False,0.71
C000018866,0.5939,True,0.71
C000032424,0.2682,False,0.71
C000020093,1.0,True,0.71
C000027008,0.5692,True,0.71
C000003569,0.7752,True,0.71
C000038819,0.4697,False,0.71
C000023921,0.422,False,0.71
C000037472,0.6637,True,0.71
C000021956,0.1633,False,0.71
C000008823,1.0,True,0.71
C000033341,0.6987,True,0.71
C000038832,0.3877,False,0.71
C000020763,0.5674,True,0.71
C000003266,0.5045,False,0.71
C000005373,0.5605,True,0.71
C000019741,0.368,False,0.71
C000005392,0.5911,True,0.71
C000009317,1.0,True,0.71
C000038335,0.5748,True,0.71
C000013480,0.6004,True,0.71
C000011970,0.5979,True,0.71
C000033465,0.5236,False,0.71
C000027529,0.2543,False,0.71
C000037053,0.051,False,0.71
C000009907,1.0,True,0.71
C000012537,0.5137,False,0.71
C000028202,0.5649,True,0.71
C000033753,0.5462,False,0.71
C000003469,0.4725,False,0.71
C000028746,0.3497,False,0.71
C000032670,0.1096,False,0.71
C000030657,0.4481,False,0.71
C000038090,0.8335,True,0.71
C000018197,0.2782,False,0.71
C000025880,0.0957,False,0.71
C000021599,0.2673,False,0.71
C000003509,0.5743,True,0.71
C000034107,0.5667,True,0.71
C000000636,1.0,True,0.71
C000012891,0.9569,True,0.71
C000020189,0.4799,False,0.71
C000018830,0.0533,False,0.71
C000028649,0.9715,True,0.71
C000020421,0.6298,True,0.71
C000010980,0.2856,False,0.71
C000004651,0.5113,False,0.71
C000024361,0.8042,True,0.71
C000003976,0.3041,False,0.71
C000015106,0.919,True,0.71
C000038344,0.5579,True,0.71
C000014764,0.5879,True,0.71
C000026057,0.1793,False,0.71
C000013076,0.7469,True,0.71
C000028451,0.7549,True,0.71
C000008025,0.4041,False,0.71
C000010565,0.4641,False,0.71
C000024710,0.2899,False,0.71
C000010985,0.5139,False,0.71
C000031739,0.6097,True,0.71
C000000154,0.6779,True,0.71
C000012454,0.253,False,0.71
C000036192,0.2719,False,0.71
C000014403,0.624,True,0.71
C000006706,0.207,False,0.71
C000025470,0.2449,False,0.71
C000035555,0.7031,True,0.71
C000004194,0.2877,False,0.71
C000034193,0.5558,True,0.71
C000005874,0.279,False,0.71
C000006123,0.2723,False,0.71
C000019989,0.0,False,0.71
C000030515,0.7504,True,0.71
C000032987,0.5034,False,0.71
C000022805,0.5054,False,0.71
C000025703,0.4309,False,0.71
C000019690,0.2651,False,0.71
C000003225,0.3654,False,0.71
C000008405,0.3596,False,0.71
C000027524,0.0557,False,0.71
C000002567,0.3337,False,0.71
C000002095,0.5461,False,0.71
C000017069,0.5273,False,0.71
C000014342,0.6775,True,0.71
C000019564,0.0869,False,0.71
C000034585,0.6991,True,0.71
C000031846,0.6874,True,0.71
C000028158,0.4708,False,0.71
C000022327,0.4851,False,0.71
C000024861,0.4524,False,0.71
C000011194,0.1845,False,0.71
C000028528,0.4709,False,0.71
C000014402,0.3602,False,0.71
C000012327,0.6338,True,0.71
C000024544,0.5889,True,0.71
C000014293,0.4224,False,0.71
C000002594,0.3558,False,0.71
C000023771,0.3822,False,0.71
C000025273,0.7227,True,0.71
C000001872,0.4896,False,0.71
C000039509,0.1592,False,0.71
C000006141,1.0,True,0.71
C000006206,0.4675,False,0.71
C000010494,0.422,False,0.71
C000006575,0.5485,False,0.71
C000018729,0.7771,True,0.71
C000021417,0.8818,True,0.71
C000016028,0.3698,False,0.71
C000003811,0.562,True,0.71
C000016696,0.2986,False,0.71
C000004092,0.6651,True,0.71
C000020313,0.5416,False,0.71
C000017784,0.3404,False,0.71
C000023895,0.512,False,0.71
C000029347,0.5925,True,0.71
C000036692,0.5469,False,0.71
C000015828,0.3538,False,0.71
C000030301,0.4063,False,0.71
C000017219,0.1162,False,0.71
C000016546,0.3582,False,0.71
C000032653,0.469,False,0.71
C000030324,0.2329,False,0.71
C000027798,0.5321,False,0.71
C000037815,0.3899,False,0.71
C000036553,0.3135,False,0.71
C000034631,0.5712,True,0.71
C000004822,0.4119,False,0.71
C000016459,0.731,True,0.71
C000037100,0.488,False,0.71
C000034796,0.3187,False,0.71
C000023700,0.8087,True,0.71
C000035614,0.3172,False,0.71
C000003560,0.6207,True,0.71
C000031169,0.702,True,0.71
C000004668,0.6652,True,0.71
C000015983,0.6156,True,0.71
C000029523,0.1957,False,0.71
C000030168,0.5192,False,0.71
C000025830,0.3956,False,0.71
C000025057,0.6056,True,0.71
C000027778,0.7466,True,0.71
C000033267,0.8031,True,0.71
C000001203,0.5602,True,0.71
C000028678,0.1035,False,0.71
C000004029,0.5709,True,0.71
C000009080,0.5178,False,0.71
C000026859,0.4917,False,0.71
C000000089,0.4128,False,0.71
C000035005,0.4542,False,0.71
C000000926,0.6458,True,0.71
C000005383,0.4045,False,0.71
C000007372,0.7166,True,0.71
C000007537,0.5811,True,0.71
C000002894,0.7219,True,0.71
C000012846,0.8322,True,0.71
C000025341,0.59,True,0.71
C000000132,0.5993,True,0.71
C000026905,0.4188,False,0.71
C000026149,0.5787,True,0.71
C000006740,0.6489,True,0.71
C000011691,0.8705,True,0.71
C000003754,0.563,True,0.71
C000035928,0.8033,True,0.71
C000000950,0.6181,True,0.71
C000038443,0.2142,False,0.71
C000020004,0.7416,True,0.71
C000034805,0.6044,True,0.71
C000010136,0.2687,False,0.71
C000019492,0.5788,True,0.71
C000004349,0.4359,False,0.71
C000035745,0.6115,True,0.71
C000012456,0.3121,False,0.71
C000000604,0.6066,True,0.71
C000000424,0.3009,False,0.71
C000018838,0.7375,True,0.71
C000038991,0.2295,False,0.71
C000022191,0.8639,True,0.71
C000030057,0.2809,False,0.71
C000004300,0.0904,False,0.71
C000018622,0.5131,False,0.71
C000037516,0.5581,True,0.71
C000017159,0.1872,False,0.71
C000009482,0.3645,False,0.71
C000016338,0.563,True,0.71
C000004197,0.3206,False,0.71
C000011034,0.4754,False,0.71
C000014462,0.3238,False,0.71
C000012292,0.904,True,0.71
C000008375,0.7189,True,0.71
C000018149,0.7244,True,0.71
C000031430,0.5079,False,0.71
C000007058,0.8522,True,0.71
C000024364,0.8035,True,0.71
C000009850,0.4109,False,0.71
C000019008,0.6637,True,0.71
C000032357,0.6181,True,0.71
C000019296,0.5292,False,0.71
C000039023,0.6155,True,0.71
C000025469,0.6355,True,0.71
C000017534,0.3535,False,0.71
C000028918,0.469,False,0.71
C000011105,0.5452,False,0.71
C000003651,0.2852,False,0.71
C000039105,0.8845,True,0.71
C000018362,0.2253,False,0.71
C000013250,0.2306,False,0.71
C000037913,0.3734,False,0.71
C000025073,0.5585,True,0.71
C000026092,0.4437,False,0.71
C000010269,1.0,True,0.71
C000000841,0.3841,False,0.71
C000014438,0.6806,True,0.71
C000015165,0.4047,False,0.71
C000021044,0.2743,False,0.71
C000010582,0.6067,True,0.71
C000011295,0.2866,False,0.71
C000032781,0.7743,True,0.71
C000003913,0.4449,False,0.71
C000004174,0.59,True,0.71
C000031481,0.4167,False,0.71
C000019517,0.4923,False,0.71
C000018337,0.4634,False,0.71
C000026959,0.6349,True,0.71
C000014889,0.2413,False,0.71
C000025221,0.5992,True,0.71
C000027768,0.5669,True,0.71
C000016718,0.5476,False,0.71
C000006385,0.7284,True,0.71
C000016741,0.4912,False,0.71
C000037842,0.5429,False,0.71
C000024282,0.8651,True,0.71
C000033467,0.4815,False,0.71
C000010004,0.5088,False,0.71
C000001526,0.4286,False,0.71
C000026015,0.5867,True,0.71
C000036259,0.7867,True,0.71
C000010260,0.7048,True,0.71
C000011014,0.5358,False,0.71
C000033182,0.4884,False,0.71
C000018099,0.4191,False,0.71
C000006497,0.1808,False,0.71
C000018386,0.1722,False,0.71
C000008222,0.7108,True,0.71
C000012771,0.4423,False,0.71
C000014722,0.5978,True,0.71
C000037220,0.0992,False,0.71
C000024207,0.4094,False,0.71
C000035137,0.7683,True,0.71
C000000123,0.4215,False,0.71
C000013583,0.1914,False,0.71
C000009799,0.2187,False,0.71
C000006658,0.4008,False,0.71
C000030453,0.0837,False,0.71
C000021827,0.5593,True,0.71
C000008821,0.5474,False,0.71
C000038530,0.6924,True,0.71
C000027835,0.2927,False,0.71
C000008878,0.3482,False,0.71
C000000188,0.3559,False,0.71
C000027183,0.7495,True,0.71
C000006140,0.5334,False,0.71
C000020695,0.4153,False,0.71
C000018324,0.6752,True,0.71
C000005382,0.2918,False,0.71
C000031322,0.2927,False,0.71
C000021697,0.4376,False,0.71
C000013406,0.1789,False,0.71
C000008189,0.5682,True,0.71
C000010926,0.6027,True,0.71
C000033289,0.4749,False,0.71
C000004674,0.8803,True,0.71
C000032618,0.3855,False,0.71
C000028768,0.5328,False,0.71
C000002568,0.5405,False,0.71
C000007237,0.8482,True,0.71
C000028380,0.569,True,0.71
C000012788,0.7759,True,0.71
C000016656,0.5495,False,0.71
C000014644,0.0482,False,0.71
C000000491,0.2664,False,0.71
C000038726,0.3055,False,0.71
C000016361,0.48,False,0.71
C000003499,0.6436,True,0.71
C000002968,0.0656,False,0.71
C000013243,0.44,False,0.71
C000001240,0.7145,True,0.71
C000034345,0.4485,False,0.71
C000029076,0.8632,True,0.71
C000035222,0.262,False,0.71
