number_id,value,unit,script,table,input_fingerprint,config_fingerprint,implementation_commit,quantity_status,assumptions
N-CLAIMS-0001-APPROACH_A_ESTIMATE,0.004139886094149121,dimensionless,src/barnabus/analysis.py,claims.csv,f33859fef494be6df07ab0f3b77d778e84ea3365daff09d484711c9f7995819f,83b9cec48c0b290e7be9c4626dafc19af4fdfbc2db1f34584f8d4873669964d2,6e98a05f682972c6b753bb0970bd0d8ea40ea481,assumed_sensitivity_only,
N-CLAIMS-0001-APPROACH_A_LOWER,-0.019480211235866338,dimensionless,src/barnabus/analysis.py,claims.csv,f33859fef494be6df07ab0f3b77d778e84ea3365daff09d484711c9f7995819f,83b9cec48c0b290e7be9c4626dafc19af4fdfbc2db1f34584f8d4873669964d2,6e98a05f682972c6b753bb0970bd0d8ea40ea481,simulated_sensitivity_only,
N-CLAIMS-0001-APPROACH_A_UPPER,0.02731302783866043,dimensionless,src/barnabus/analysis.py,claims.csv,f33859fef494be6df07ab0f3b77d778e84ea3365daff09d484711c9f7995819f,83b9cec48c0b290e7be9c4626dafc19af4fdfbc2db1f34584f8d4873669964d2,6e98a05f682972c6b753bb0970bd0d8ea40ea481,simulated_sensitivity_only,
N-CLAIMS-0001-APPROACH_A_P_VALUE,0.7531,proportion_or_dimensionless_as_labeled,src/barnabus/analysis.py,claims.csv,f33859fef494be6df07ab0f3b77d778e84ea3365daff09d484711c9f7995819f,83b9cec48c0b290e7be9c4626dafc19af4fdfbc2db1f34584f8d4873669964d2,6e98a05f682972c6b753bb0970bd0d8ea40ea481,simulated_sensitivity_only,
N-CLAIMS-0001-APPROACH_B_ESTIMATE,-0.005428194083357922,dimensionless,src/barnabus/analysis.py,claims.csv,f33859fef494be6df07ab0f3b77d778e84ea3365daff09d484711c9f7995819f,83b9cec48c0b290e7be9c4626dafc19af4fdfbc2db1f34584f8d4873669964d2,6e98a05f682972c6b753bb0970bd0d8ea40ea481,assumed_sensitivity_only,
N-CLAIMS-0001-APPROACH_B_LOWER,-0.07224587673076421,dimensionless,src/barnabus/analysis.py,claims.csv,f33859fef494be6df07ab0f3b77d778e84ea3365daff09d484711c9f7995819f,83b9cec48c0b290e7be9c4626dafc19af4fdfbc2db1f34584f8d4873669964d2,6e98a05f682972c6b753bb0970bd0d8ea40ea481,assumed_sensitivity_only,
N-CLAIMS-0001-APPROACH_B_UPPER,0.07236332089607563,dimensionless,src/barnabus/analysis.py,claims.csv,f33859fef494be6df07ab0f3b77d778e84ea3365daff09d484711c9f7995819f,83b9cec48c0b290e7be9c4626dafc19af4fdfbc2db1f34584f8d4873669964d2,6e98a05f682972c6b753bb0970bd0d8ea40ea481,assumed_sensitivity_only,
N-CLAIMS-0001-APPROACH_B_P_VALUE,1.0,proportion_or_dimensionless_as_labeled,src/barnabus/analysis.py,claims.csv,f33859fef494be6df07ab0f3b77d778e84ea3365daff09d484711c9f7995819f,83b9cec48c0b290e7be9c4626dafc19af4fdfbc2db1f34584f8d4873669964d2,6e98a05f682972c6b753bb0970bd0d8ea40ea481,assumed_sensitivity_only,
N-CLAIMS-0002-APPROACH_A_ESTIMATE,4.624284245908762,dimensionless,src/barnabus/analysis.py,claims.csv,f33859fef494be6df07ab0f3b77d778e84ea3365daff09d484711c9f7995819f,83b9cec48c0b290e7be9c4626dafc19af4fdfbc2db1f34584f8d4873669964d2,6e98a05f682972c6b753bb0970bd0d8ea40ea481,assumed_sensitivity_only,
N-CLAIMS-0002-APPROACH_A_LOWER,0.3752044518960034,dimensionless,src/barnabus/analysis.py,claims.csv,f33859fef494be6df07ab0f3b77d778e84ea3365daff09d484711c9f7995819f,83b9cec48c0b290e7be9c4626dafc19af4fdfbc2db1f34584f8d4873669964d2,6e98a05f682972c6b753bb0970bd0d8ea40ea481,simulated_sensitivity_only,
N-CLAIMS-0002-APPROACH_A_UPPER,8.81647705912171,dimensionless,src/barnabus/analysis.py,claims.csv,f33859fef494be6df07ab0f3b77d778e84ea3365daff09d484711c9f7995819f,83b9cec48c0b290e7be9c4626dafc19af4fdfbc2db1f34584f8d4873669964d2,6e98a05f682972c6b753bb0970bd0d8ea40ea481,simulated_sensitivity_only,
N-CLAIMS-0002-APPROACH_A_P_VALUE,0.0272,proportion_or_dimensionless_as_labeled,src/barnabus/analysis.py,claims.csv,f33859fef494be6df07ab0f3b77d778e84ea3365daff09d484711c9f7995819f,83b9cec48c0b290e7be9c4626dafc19af4fdfbc2db1f34584f8d4873669964d2,6e98a05f682972c6b753bb0970bd0d8ea40ea481,simulated_sensitivity_only,
N-CLAIMS-0002-APPROACH_B_ESTIMATE,2.9906712158383475,dimensionless,src/barnabus/analysis.py,claims.csv,f33859fef494be6df07ab0f3b77d778e84ea3365daff09d484711c9f7995819f,83b9cec48c0b290e7be9c4626dafc19af4fdfbc2db1f34584f8d4873669964d2,6e98a05f682972c6b753bb0970bd0d8ea40ea481,assumed_sensitivity_only,
N-CLAIMS-0002-APPROACH_B_LOWER,-4.036117395797801,dimensionless,src/barnabus/analysis.py,claims.csv,f33859fef494be6df07ab0f3b77d778e84ea3365daff09d484711c9f7995819f,83b9cec48c0b290e7be9c4626dafc19af4fdfbc2db1f34584f8d4873669964d2,6e98a05f682972c6b753bb0970bd0d8ea40ea481,assumed_sensitivity_only,
N-CLAIMS-0002-APPROACH_B_UPPER,4.4909675790996335,dimensionless,src/barnabus/analysis.py,claims.csv,f33859fef494be6df07ab0f3b77d778e84ea3365daff09d484711c9f7995819f,83b9cec48c0b290e7be9c4626dafc19af4fdfbc2db1f34584f8d4873669964d2,6e98a05f682972c6b753bb0970bd0d8ea40ea481,assumed_sensitivity_only,
N-CLAIMS-0002-APPROACH_B_P_VALUE,0.5384615384615384,proportion_or_dimensionless_as_labeled,src/barnabus/analysis.py,claims.csv,f33859fef494be6df07ab0f3b77d778e84ea3365daff09d484711c9f7995819f,83b9cec48c0b290e7be9c4626dafc19af4fdfbc2db1f34584f8d4873669964d2,6e98a05f682972c6b753bb0970bd0d8ea40ea481,assumed_sensitivity_only,
N-CLAIMS-0003-APPROACH_A_ESTIMATE,-0.015625,dimensionless,src/barnabus/analysis.py,claims.csv,f33859fef494be6df07ab0f3b77d778e84ea3365daff09d484711c9f7995819f,83b9cec48c0b290e7be9c4626dafc19af4fdfbc2db1f34584f8d4873669964d2,6e98a05f682972c6b753bb0970bd0d8ea40ea481,assumed_sensitivity_only,
N-CLAIMS-0003-APPROACH_A_LOWER,-0.03125,dimensionless,src/barnabus/analysis.py,claims.csv,f33859fef494be6df07ab0f3b77d778e84ea3365daff09d484711c9f7995819f,83b9cec48c0b290e7be9c4626dafc19af4fdfbc2db1f34584f8d4873669964d2,6e98a05f682972c6b753bb0970bd0d8ea40ea481,simulated_sensitivity_only,
N-CLAIMS-0003-APPROACH_A_UPPER,0.03125,dimensionless,src/barnabus/analysis.py,claims.csv,f33859fef494be6df07ab0f3b77d778e84ea3365daff09d484711c9f7995819f,83b9cec48c0b290e7be9c4626dafc19af4fdfbc2db1f34584f8d4873669964d2,6e98a05f682972c6b753bb0970bd0d8ea40ea481,simulated_sensitivity_only,
N-CLAIMS-0003-APPROACH_A_P_VALUE,0.8442844284428442,proportion_or_dimensionless_as_labeled,src/barnabus/analysis.py,claims.csv,f33859fef494be6df07ab0f3b77d778e84ea3365daff09d484711c9f7995819f,83b9cec48c0b290e7be9c4626dafc19af4fdfbc2db1f34584f8d4873669964d2,6e98a05f682972c6b753bb0970bd0d8ea40ea481,simulated_sensitivity_only,
N-CLAIMS-0003-APPROACH_B_ESTIMATE,-0.015625,dimensionless,src/barnabus/analysis.py,claims.csv,f33859fef494be6df07ab0f3b77d778e84ea3365daff09d484711c9f7995819f,83b9cec48c0b290e7be9c4626dafc19af4fdfbc2db1f34584f8d4873669964d2,6e98a05f682972c6b753bb0970bd0d8ea40ea481,assumed_sensitivity_only,
N-CLAIMS-0003-APPROACH_B_LOWER,-0.7783910038374324,dimensionless,src/barnabus/analysis.py,claims.csv,f33859fef494be6df07ab0f3b77d778e84ea3365daff09d484711c9f7995819f,83b9cec48c0b290e7be9c4626dafc19af4fdfbc2db1f34584f8d4873669964d2,6e98a05f682972c6b753bb0970bd0d8ea40ea481,assumed_sensitivity_only,
N-CLAIMS-0003-APPROACH_B_UPPER,0.21114327141112854,dimensionless,src/barnabus/analysis.py,claims.csv,f33859fef494be6df07ab0f3b77d778e84ea3365daff09d484711c9f7995819f,83b9cec48c0b290e7be9c4626dafc19af4fdfbc2db1f34584f8d4873669964d2,6e98a05f682972c6b753bb0970bd0d8ea40ea481,assumed_sensitivity_only,
N-CLAIMS-0003-RAW_AGREEMENT,0.7708333333333334,proportion_or_dimensionless_as_labeled,src/barnabus/analysis.py,claims.csv,f33859fef494be6df07ab0f3b77d778e84ea3365daff09d484711c9f7995819f,83b9cec48c0b290e7be9c4626dafc19af4fdfbc2db1f34584f8d4873669964d2,6e98a05f682972c6b753bb0970bd0d8ea40ea481,assumed_sensitivity_only,
N-SERVICE-EFFECTS-0001-EFFECT,-0.014001441058879696,dimensionless,src/barnabus/analysis.py,service_effects.csv,f33859fef494be6df07ab0f3b77d778e84ea3365daff09d484711c9f7995819f,83b9cec48c0b290e7be9c4626dafc19af4fdfbc2db1f34584f8d4873669964d2,6e98a05f682972c6b753bb0970bd0d8ea40ea481,sensitivity_only,
N-SERVICE-EFFECTS-0001-A_BEFORE,0.12782485875706215,dimensionless,src/barnabus/analysis.py,service_effects.csv,f33859fef494be6df07ab0f3b77d778e84ea3365daff09d484711c9f7995819f,83b9cec48c0b290e7be9c4626dafc19af4fdfbc2db1f34584f8d4873669964d2,6e98a05f682972c6b753bb0970bd0d8ea40ea481,sensitivity_only,
N-SERVICE-EFFECTS-0001-A_AFTER,0.12564995025488132,dimensionless,src/barnabus/analysis.py,service_effects.csv,f33859fef494be6df07ab0f3b77d778e84ea3365daff09d484711c9f7995819f,83b9cec48c0b290e7be9c4626dafc19af4fdfbc2db1f34584f8d4873669964d2,6e98a05f682972c6b753bb0970bd0d8ea40ea481,sensitivity_only,
N-SERVICE-EFFECTS-0001-B_BEFORE,0.11418376449598573,dimensionless,src/barnabus/analysis.py,service_effects.csv,f33859fef494be6df07ab0f3b77d778e84ea3365daff09d484711c9f7995819f,83b9cec48c0b290e7be9c4626dafc19af4fdfbc2db1f34584f8d4873669964d2,6e98a05f682972c6b753bb0970bd0d8ea40ea481,sensitivity_only,
N-SERVICE-EFFECTS-0001-B_AFTER,0.1260102970526846,dimensionless,src/barnabus/analysis.py,service_effects.csv,f33859fef494be6df07ab0f3b77d778e84ea3365daff09d484711c9f7995819f,83b9cec48c0b290e7be9c4626dafc19af4fdfbc2db1f34584f8d4873669964d2,6e98a05f682972c6b753bb0970bd0d8ea40ea481,sensitivity_only,
N-SERVICE-EFFECTS-0001-A_AFTER_MISSING_FRACTION,0.18358531317494597,proportion_or_dimensionless_as_labeled,src/barnabus/analysis.py,service_effects.csv,f33859fef494be6df07ab0f3b77d778e84ea3365daff09d484711c9f7995819f,83b9cec48c0b290e7be9c4626dafc19af4fdfbc2db1f34584f8d4873669964d2,6e98a05f682972c6b753bb0970bd0d8ea40ea481,sensitivity_only,
N-SERVICE-EFFECTS-0001-B_AFTER_MISSING_FRACTION,0.16421568627450978,proportion_or_dimensionless_as_labeled,src/barnabus/analysis.py,service_effects.csv,f33859fef494be6df07ab0f3b77d778e84ea3365daff09d484711c9f7995819f,83b9cec48c0b290e7be9c4626dafc19af4fdfbc2db1f34584f8d4873669964d2,6e98a05f682972c6b753bb0970bd0d8ea40ea481,sensitivity_only,
N-SERVICE-EFFECTS-0001-A_AFTER_N,463,dimensionless,src/barnabus/analysis.py,service_effects.csv,f33859fef494be6df07ab0f3b77d778e84ea3365daff09d484711c9f7995819f,83b9cec48c0b290e7be9c4626dafc19af4fdfbc2db1f34584f8d4873669964d2,6e98a05f682972c6b753bb0970bd0d8ea40ea481,sensitivity_only,
N-SERVICE-EFFECTS-0001-B_AFTER_N,408,dimensionless,src/barnabus/analysis.py,service_effects.csv,f33859fef494be6df07ab0f3b77d778e84ea3365daff09d484711c9f7995819f,83b9cec48c0b290e7be9c4626dafc19af4fdfbc2db1f34584f8d4873669964d2,6e98a05f682972c6b753bb0970bd0d8ea40ea481,sensitivity_only,
N-SERVICE-EFFECTS-0002-EFFECT,-0.02604527321656483,dimensionless,src/barnabus/analysis.py,service_effects.csv,f33859fef494be6df07ab0f3b77d778e84ea3365daff09d484711c9f7995819f,83b9cec48c0b290e7be9c4626dafc19af4fdfbc2db1f34584f8d4873669964d2,6e98a05f682972c6b753bb0970bd0d8ea40ea481,sensitivity_only,
N-SERVICE-EFFECTS-0002-A_BEFORE,0.10727969348659004,dimensionless,src/barnabus/analysis.py,service_effects.csv,f33859fef494be6df07ab0f3b77d778e84ea3365daff09d484711c9f7995819f,83b9cec48c0b290e7be9c4626dafc19af4fdfbc2db1f34584f8d4873669964d2,6e98a05f682972c6b753bb0970bd0d8ea40ea481,sensitivity_only,
N-SERVICE-EFFECTS-0002-A_AFTER,0.10856168469750489,dimensionless,src/barnabus/analysis.py,service_effects.csv,f33859fef494be6df07ab0f3b77d778e84ea3365daff09d484711c9f7995819f,83b9cec48c0b290e7be9c4626dafc19af4fdfbc2db1f34584f8d4873669964d2,6e98a05f682972c6b753bb0970bd0d8ea40ea481,sensitivity_only,
N-SERVICE-EFFECTS-0002-B_BEFORE,0.1380908248378128,dimensionless,src/barnabus/analysis.py,service_effects.csv,f33859fef494be6df07ab0f3b77d778e84ea3365daff09d484711c9f7995819f,83b9cec48c0b290e7be9c4626dafc19af4fdfbc2db1f34584f8d4873669964d2,6e98a05f682972c6b753bb0970bd0d8ea40ea481,sensitivity_only,
N-SERVICE-EFFECTS-0002-B_AFTER,0.16541808926529247,dimensionless,src/barnabus/analysis.py,service_effects.csv,f33859fef494be6df07ab0f3b77d778e84ea3365daff09d484711c9f7995819f,83b9cec48c0b290e7be9c4626dafc19af4fdfbc2db1f34584f8d4873669964d2,6e98a05f682972c6b753bb0970bd0d8ea40ea481,sensitivity_only,
N-SERVICE-EFFECTS-0002-A_AFTER_MISSING_FRACTION,0.15637860082304522,proportion_or_dimensionless_as_labeled,src/barnabus/analysis.py,service_effects.csv,f33859fef494be6df07ab0f3b77d778e84ea3365daff09d484711c9f7995819f,83b9cec48c0b290e7be9c4626dafc19af4fdfbc2db1f34584f8d4873669964d2,6e98a05f682972c6b753bb0970bd0d8ea40ea481,sensitivity_only,
N-SERVICE-EFFECTS-0002-B_AFTER_MISSING_FRACTION,0.19667590027700832,proportion_or_dimensionless_as_labeled,src/barnabus/analysis.py,service_effects.csv,f33859fef494be6df07ab0f3b77d778e84ea3365daff09d484711c9f7995819f,83b9cec48c0b290e7be9c4626dafc19af4fdfbc2db1f34584f8d4873669964d2,6e98a05f682972c6b753bb0970bd0d8ea40ea481,sensitivity_only,
N-SERVICE-EFFECTS-0002-A_AFTER_N,486,dimensionless,src/barnabus/analysis.py,service_effects.csv,f33859fef494be6df07ab0f3b77d778e84ea3365daff09d484711c9f7995819f,83b9cec48c0b290e7be9c4626dafc19af4fdfbc2db1f34584f8d4873669964d2,6e98a05f682972c6b753bb0970bd0d8ea40ea481,sensitivity_only,
N-SERVICE-EFFECTS-0002-B_AFTER_N,361,dimensionless,src/barnabus/analysis.py,service_effects.csv,f33859fef494be6df07ab0f3b77d778e84ea3365daff09d484711c9f7995819f,83b9cec48c0b290e7be9c4626dafc19af4fdfbc2db1f34584f8d4873669964d2,6e98a05f682972c6b753bb0970bd0d8ea40ea481,sensitivity_only,
N-SERVICE-EFFECTS-0003-EFFECT,-0.04195732025096002,dimensionless,src/barnabus/analysis.py,service_effects.csv,f33859fef494be6df07ab0f3b77d778e84ea3365daff09d484711c9f7995819f,83b9cec48c0b290e7be9c4626dafc19af4fdfbc2db1f34584f8d4873669964d2,6e98a05f682972c6b753bb0970bd0d8ea40ea481,sensitivity_only,
N-SERVICE-EFFECTS-0003-A_BEFORE,0.061654135338345864,dimensionless,src/barnabus/analysis.py,service_effects.csv,f33859fef494be6df07ab0f3b77d778e84ea3365daff09d484711c9f7995819f,83b9cec48c0b290e7be9c4626dafc19af4fdfbc2db1f34584f8d4873669964d2,6e98a05f682972c6b753bb0970bd0d8ea40ea481,sensitivity_only,
N-SERVICE-EFFECTS-0003-A_AFTER,0.037037037037037035,dimensionless,src/barnabus/analysis.py,service_effects.csv,f33859fef494be6df07ab0f3b77d778e84ea3365daff09d484711c9f7995819f,83b9cec48c0b290e7be9c4626dafc19af4fdfbc2db1f34584f8d4873669964d2,6e98a05f682972c6b753bb0970bd0d8ea40ea481,sensitivity_only,
N-SERVICE-EFFECTS-0003-B_BEFORE,0.11225444340505145,dimensionless,src/barnabus/analysis.py,service_effects.csv,f33859fef494be6df07ab0f3b77d778e84ea3365daff09d484711c9f7995819f,83b9cec48c0b290e7be9c4626dafc19af4fdfbc2db1f34584f8d4873669964d2,6e98a05f682972c6b753bb0970bd0d8ea40ea481,sensitivity_only,
N-SERVICE-EFFECTS-0003-B_AFTER,0.12959466535470263,dimensionless,src/barnabus/analysis.py,service_effects.csv,f33859fef494be6df07ab0f3b77d778e84ea3365daff09d484711c9f7995819f,83b9cec48c0b290e7be9c4626dafc19af4fdfbc2db1f34584f8d4873669964d2,6e98a05f682972c6b753bb0970bd0d8ea40ea481,sensitivity_only,
N-SERVICE-EFFECTS-0003-A_AFTER_MISSING_FRACTION,0.11794871794871797,proportion_or_dimensionless_as_labeled,src/barnabus/analysis.py,service_effects.csv,f33859fef494be6df07ab0f3b77d778e84ea3365daff09d484711c9f7995819f,83b9cec48c0b290e7be9c4626dafc19af4fdfbc2db1f34584f8d4873669964d2,6e98a05f682972c6b753bb0970bd0d8ea40ea481,sensitivity_only,
N-SERVICE-EFFECTS-0003-B_AFTER_MISSING_FRACTION,0.19060773480662985,proportion_or_dimensionless_as_labeled,src/barnabus/analysis.py,service_effects.csv,f33859fef494be6df07ab0f3b77d778e84ea3365daff09d484711c9f7995819f,83b9cec48c0b290e7be9c4626dafc19af4fdfbc2db1f34584f8d4873669964d2,6e98a05f682972c6b753bb0970bd0d8ea40ea481,sensitivity_only,
N-SERVICE-EFFECTS-0003-A_AFTER_N,195,dimensionless,src/barnabus/analysis.py,service_effects.csv,f33859fef494be6df07ab0f3b77d778e84ea3365daff09d484711c9f7995819f,83b9cec48c0b290e7be9c4626dafc19af4fdfbc2db1f34584f8d4873669964d2,6e98a05f682972c6b753bb0970bd0d8ea40ea481,sensitivity_only,
N-SERVICE-EFFECTS-0003-B_AFTER_N,362,dimensionless,src/barnabus/analysis.py,service_effects.csv,f33859fef494be6df07ab0f3b77d778e84ea3365daff09d484711c9f7995819f,83b9cec48c0b290e7be9c4626dafc19af4fdfbc2db1f34584f8d4873669964d2,6e98a05f682972c6b753bb0970bd0d8ea40ea481,sensitivity_only,
N-SERVICE-EFFECTS-0004-EFFECT,0.0009299031848358785,dimensionless,src/barnabus/analysis.py,service_effects.csv,f33859fef494be6df07ab0f3b77d778e84ea3365daff09d484711c9f7995819f,83b9cec48c0b290e7be9c4626dafc19af4fdfbc2db1f34584f8d4873669964d2,6e98a05f682972c6b753bb0970bd0d8ea40ea481,sensitivity_only,
N-SERVICE-EFFECTS-0004-A_BEFORE,0.05531609195402299,dimensionless,src/barnabus/analysis.py,service_effects.csv,f33859fef494be6df07ab0f3b77d778e84ea3365daff09d484711c9f7995819f,83b9cec48c0b290e7be9c4626dafc19af4fdfbc2db1f34584f8d4873669964d2,6e98a05f682972c6b753bb0970bd0d8ea40ea481,sensitivity_only,
N-SERVICE-EFFECTS-0004-A_AFTER,0.03077479610628782,dimensionless,src/barnabus/analysis.py,service_effects.csv,f33859fef494be6df07ab0f3b77d778e84ea3365daff09d484711c9f7995819f,83b9cec48c0b290e7be9c4626dafc19af4fdfbc2db1f34584f8d4873669964d2,6e98a05f682972c6b753bb0970bd0d8ea40ea481,sensitivity_only,
N-SERVICE-EFFECTS-0004-B_BEFORE,0.10323159784560143,dimensionless,src/barnabus/analysis.py,service_effects.csv,f33859fef494be6df07ab0f3b77d778e84ea3365daff09d484711c9f7995819f,83b9cec48c0b290e7be9c4626dafc19af4fdfbc2db1f34584f8d4873669964d2,6e98a05f682972c6b753bb0970bd0d8ea40ea481,sensitivity_only,
N-SERVICE-EFFECTS-0004-B_AFTER,0.07776039881303039,dimensionless,src/barnabus/analysis.py,service_effects.csv,f33859fef494be6df07ab0f3b77d778e84ea3365daff09d484711c9f7995819f,83b9cec48c0b290e7be9c4626dafc19af4fdfbc2db1f34584f8d4873669964d2,6e98a05f682972c6b753bb0970bd0d8ea40ea481,sensitivity_only,
N-SERVICE-EFFECTS-0004-A_AFTER_MISSING_FRACTION,0.16574585635359118,proportion_or_dimensionless_as_labeled,src/barnabus/analysis.py,service_effects.csv,f33859fef494be6df07ab0f3b77d778e84ea3365daff09d484711c9f7995819f,83b9cec48c0b290e7be9c4626dafc19af4fdfbc2db1f34584f8d4873669964d2,6e98a05f682972c6b753bb0970bd0d8ea40ea481,sensitivity_only,
N-SERVICE-EFFECTS-0004-B_AFTER_MISSING_FRACTION,0.19390581717451527,proportion_or_dimensionless_as_labeled,src/barnabus/analysis.py,service_effects.csv,f33859fef494be6df07ab0f3b77d778e84ea3365daff09d484711c9f7995819f,83b9cec48c0b290e7be9c4626dafc19af4fdfbc2db1f34584f8d4873669964d2,6e98a05f682972c6b753bb0970bd0d8ea40ea481,sensitivity_only,
N-SERVICE-EFFECTS-0004-A_AFTER_N,181,dimensionless,src/barnabus/analysis.py,service_effects.csv,f33859fef494be6df07ab0f3b77d778e84ea3365daff09d484711c9f7995819f,83b9cec48c0b290e7be9c4626dafc19af4fdfbc2db1f34584f8d4873669964d2,6e98a05f682972c6b753bb0970bd0d8ea40ea481,sensitivity_only,
N-SERVICE-EFFECTS-0004-B_AFTER_N,361,dimensionless,src/barnabus/analysis.py,service_effects.csv,f33859fef494be6df07ab0f3b77d778e84ea3365daff09d484711c9f7995819f,83b9cec48c0b290e7be9c4626dafc19af4fdfbc2db1f34584f8d4873669964d2,6e98a05f682972c6b753bb0970bd0d8ea40ea481,sensitivity_only,
N-SERVICE-EFFECTS-0005-EFFECT,0.053189307838151026,dimensionless,src/barnabus/analysis.py,service_effects.csv,f33859fef494be6df07ab0f3b77d778e84ea3365daff09d484711c9f7995819f,83b9cec48c0b290e7be9c4626dafc19af4fdfbc2db1f34584f8d4873669964d2,6e98a05f682972c6b753bb0970bd0d8ea40ea481,sensitivity_only,
N-SERVICE-EFFECTS-0005-A_BEFORE,0.1041958041958042,dimensionless,src/barnabus/analysis.py,service_effects.csv,f33859fef494be6df07ab0f3b77d778e84ea3365daff09d484711c9f7995819f,83b9cec48c0b290e7be9c4626dafc19af4fdfbc2db1f34584f8d4873669964d2,6e98a05f682972c6b753bb0970bd0d8ea40ea481,sensitivity_only,
N-SERVICE-EFFECTS-0005-A_AFTER,0.11685492526157305,dimensionless,src/barnabus/analysis.py,service_effects.csv,f33859fef494be6df07ab0f3b77d778e84ea3365daff09d484711c9f7995819f,83b9cec48c0b290e7be9c4626dafc19af4fdfbc2db1f34584f8d4873669964d2,6e98a05f682972c6b753bb0970bd0d8ea40ea481,sensitivity_only,
N-SERVICE-EFFECTS-0005-B_BEFORE,0.10667823070251518,dimensionless,src/barnabus/analysis.py,service_effects.csv,f33859fef494be6df07ab0f3b77d778e84ea3365daff09d484711c9f7995819f,83b9cec48c0b290e7be9c4626dafc19af4fdfbc2db1f34584f8d4873669964d2,6e98a05f682972c6b753bb0970bd0d8ea40ea481,sensitivity_only,
N-SERVICE-EFFECTS-0005-B_AFTER,0.06614804393013302,dimensionless,src/barnabus/analysis.py,service_effects.csv,f33859fef494be6df07ab0f3b77d778e84ea3365daff09d484711c9f7995819f,83b9cec48c0b290e7be9c4626dafc19af4fdfbc2db1f34584f8d4873669964d2,6e98a05f682972c6b753bb0970bd0d8ea40ea481,sensitivity_only,
N-SERVICE-EFFECTS-0005-A_AFTER_MISSING_FRACTION,0.17539863325740324,proportion_or_dimensionless_as_labeled,src/barnabus/analysis.py,service_effects.csv,f33859fef494be6df07ab0f3b77d778e84ea3365daff09d484711c9f7995819f,83b9cec48c0b290e7be9c4626dafc19af4fdfbc2db1f34584f8d4873669964d2,6e98a05f682972c6b753bb0970bd0d8ea40ea481,sensitivity_only,
N-SERVICE-EFFECTS-0005-B_AFTER_MISSING_FRACTION,0.16094986807387868,proportion_or_dimensionless_as_labeled,src/barnabus/analysis.py,service_effects.csv,f33859fef494be6df07ab0f3b77d778e84ea3365daff09d484711c9f7995819f,83b9cec48c0b290e7be9c4626dafc19af4fdfbc2db1f34584f8d4873669964d2,6e98a05f682972c6b753bb0970bd0d8ea40ea481,sensitivity_only,
N-SERVICE-EFFECTS-0005-A_AFTER_N,439,dimensionless,src/barnabus/analysis.py,service_effects.csv,f33859fef494be6df07ab0f3b77d778e84ea3365daff09d484711c9f7995819f,83b9cec48c0b290e7be9c4626dafc19af4fdfbc2db1f34584f8d4873669964d2,6e98a05f682972c6b753bb0970bd0d8ea40ea481,sensitivity_only,
N-SERVICE-EFFECTS-0005-B_AFTER_N,379,dimensionless,src/barnabus/analysis.py,service_effects.csv,f33859fef494be6df07ab0f3b77d778e84ea3365daff09d484711c9f7995819f,83b9cec48c0b290e7be9c4626dafc19af4fdfbc2db1f34584f8d4873669964d2,6e98a05f682972c6b753bb0970bd0d8ea40ea481,sensitivity_only,
N-SERVICE-EFFECTS-0006-EFFECT,0.020345360736656444,dimensionless,src/barnabus/analysis.py,service_effects.csv,f33859fef494be6df07ab0f3b77d778e84ea3365daff09d484711c9f7995819f,83b9cec48c0b290e7be9c4626dafc19af4fdfbc2db1f34584f8d4873669964d2,6e98a05f682972c6b753bb0970bd0d8ea40ea481,sensitivity_only,
N-SERVICE-EFFECTS-0006-A_BEFORE,0.09791216702663787,dimensionless,src/barnabus/analysis.py,service_effects.csv,f33859fef494be6df07ab0f3b77d778e84ea3365daff09d484711c9f7995819f,83b9cec48c0b290e7be9c4626dafc19af4fdfbc2db1f34584f8d4873669964d2,6e98a05f682972c6b753bb0970bd0d8ea40ea481,sensitivity_only,
N-SERVICE-EFFECTS-0006-A_AFTER,0.10615408574452252,dimensionless,src/barnabus/analysis.py,service_effects.csv,f33859fef494be6df07ab0f3b77d778e84ea3365daff09d484711c9f7995819f,83b9cec48c0b290e7be9c4626dafc19af4fdfbc2db1f34584f8d4873669964d2,6e98a05f682972c6b753bb0970bd0d8ea40ea481,sensitivity_only,
N-SERVICE-EFFECTS-0006-B_BEFORE,0.06909430438842204,dimensionless,src/barnabus/analysis.py,service_effects.csv,f33859fef494be6df07ab0f3b77d778e84ea3365daff09d484711c9f7995819f,83b9cec48c0b290e7be9c4626dafc19af4fdfbc2db1f34584f8d4873669964d2,6e98a05f682972c6b753bb0970bd0d8ea40ea481,sensitivity_only,
N-SERVICE-EFFECTS-0006-B_AFTER,0.05699086236965025,dimensionless,src/barnabus/analysis.py,service_effects.csv,f33859fef494be6df07ab0f3b77d778e84ea3365daff09d484711c9f7995819f,83b9cec48c0b290e7be9c4626dafc19af4fdfbc2db1f34584f8d4873669964d2,6e98a05f682972c6b753bb0970bd0d8ea40ea481,sensitivity_only,
N-SERVICE-EFFECTS-0006-A_AFTER_MISSING_FRACTION,0.16913319238900637,proportion_or_dimensionless_as_labeled,src/barnabus/analysis.py,service_effects.csv,f33859fef494be6df07ab0f3b77d778e84ea3365daff09d484711c9f7995819f,83b9cec48c0b290e7be9c4626dafc19af4fdfbc2db1f34584f8d4873669964d2,6e98a05f682972c6b753bb0970bd0d8ea40ea481,sensitivity_only,
N-SERVICE-EFFECTS-0006-B_AFTER_MISSING_FRACTION,0.19191919191919193,proportion_or_dimensionless_as_labeled,src/barnabus/analysis.py,service_effects.csv,f33859fef494be6df07ab0f3b77d778e84ea3365daff09d484711c9f7995819f,83b9cec48c0b290e7be9c4626dafc19af4fdfbc2db1f34584f8d4873669964d2,6e98a05f682972c6b753bb0970bd0d8ea40ea481,sensitivity_only,
N-SERVICE-EFFECTS-0006-A_AFTER_N,473,dimensionless,src/barnabus/analysis.py,service_effects.csv,f33859fef494be6df07ab0f3b77d778e84ea3365daff09d484711c9f7995819f,83b9cec48c0b290e7be9c4626dafc19af4fdfbc2db1f34584f8d4873669964d2,6e98a05f682972c6b753bb0970bd0d8ea40ea481,sensitivity_only,
N-SERVICE-EFFECTS-0006-B_AFTER_N,396,dimensionless,src/barnabus/analysis.py,service_effects.csv,f33859fef494be6df07ab0f3b77d778e84ea3365daff09d484711c9f7995819f,83b9cec48c0b290e7be9c4626dafc19af4fdfbc2db1f34584f8d4873669964d2,6e98a05f682972c6b753bb0970bd0d8ea40ea481,sensitivity_only,
N-SERVICE-EFFECTS-0007-EFFECT,-0.007476521361479117,dimensionless,src/barnabus/analysis.py,service_effects.csv,f33859fef494be6df07ab0f3b77d778e84ea3365daff09d484711c9f7995819f,83b9cec48c0b290e7be9c4626dafc19af4fdfbc2db1f34584f8d4873669964d2,6e98a05f682972c6b753bb0970bd0d8ea40ea481,sensitivity_only,
N-SERVICE-EFFECTS-0007-A_BEFORE,0.13157894736842105,dimensionless,src/barnabus/analysis.py,service_effects.csv,f33859fef494be6df07ab0f3b77d778e84ea3365daff09d484711c9f7995819f,83b9cec48c0b290e7be9c4626dafc19af4fdfbc2db1f34584f8d4873669964d2,6e98a05f682972c6b753bb0970bd0d8ea40ea481,sensitivity_only,
N-SERVICE-EFFECTS-0007-A_AFTER,0.11716256843479955,dimensionless,src/barnabus/analysis.py,service_effects.csv,f33859fef494be6df07ab0f3b77d778e84ea3365daff09d484711c9f7995819f,83b9cec48c0b290e7be9c4626dafc19af4fdfbc2db1f34584f8d4873669964d2,6e98a05f682972c6b753bb0970bd0d8ea40ea481,sensitivity_only,
N-SERVICE-EFFECTS-0007-B_BEFORE,0.05824372759856631,dimensionless,src/barnabus/analysis.py,service_effects.csv,f33859fef494be6df07ab0f3b77d778e84ea3365daff09d484711c9f7995819f,83b9cec48c0b290e7be9c4626dafc19af4fdfbc2db1f34584f8d4873669964d2,6e98a05f682972c6b753bb0970bd0d8ea40ea481,sensitivity_only,
N-SERVICE-EFFECTS-0007-B_AFTER,0.051303870026423934,dimensionless,src/barnabus/analysis.py,service_effects.csv,f33859fef494be6df07ab0f3b77d778e84ea3365daff09d484711c9f7995819f,83b9cec48c0b290e7be9c4626dafc19af4fdfbc2db1f34584f8d4873669964d2,6e98a05f682972c6b753bb0970bd0d8ea40ea481,sensitivity_only,
N-SERVICE-EFFECTS-0007-A_AFTER_MISSING_FRACTION,0.1530398322851153,proportion_or_dimensionless_as_labeled,src/barnabus/analysis.py,service_effects.csv,f33859fef494be6df07ab0f3b77d778e84ea3365daff09d484711c9f7995819f,83b9cec48c0b290e7be9c4626dafc19af4fdfbc2db1f34584f8d4873669964d2,6e98a05f682972c6b753bb0970bd0d8ea40ea481,sensitivity_only,
N-SERVICE-EFFECTS-0007-B_AFTER_MISSING_FRACTION,0.17215189873417724,proportion_or_dimensionless_as_labeled,src/barnabus/analysis.py,service_effects.csv,f33859fef494be6df07ab0f3b77d778e84ea3365daff09d484711c9f7995819f,83b9cec48c0b290e7be9c4626dafc19af4fdfbc2db1f34584f8d4873669964d2,6e98a05f682972c6b753bb0970bd0d8ea40ea481,sensitivity_only,
N-SERVICE-EFFECTS-0007-A_AFTER_N,477,dimensionless,src/barnabus/analysis.py,service_effects.csv,f33859fef494be6df07ab0f3b77d778e84ea3365daff09d484711c9f7995819f,83b9cec48c0b290e7be9c4626dafc19af4fdfbc2db1f34584f8d4873669964d2,6e98a05f682972c6b753bb0970bd0d8ea40ea481,sensitivity_only,
N-SERVICE-EFFECTS-0007-B_AFTER_N,395,dimensionless,src/barnabus/analysis.py,service_effects.csv,f33859fef494be6df07ab0f3b77d778e84ea3365daff09d484711c9f7995819f,83b9cec48c0b290e7be9c4626dafc19af4fdfbc2db1f34584f8d4873669964d2,6e98a05f682972c6b753bb0970bd0d8ea40ea481,sensitivity_only,
N-SERVICE-EFFECTS-0008-EFFECT,0.027507180776649362,dimensionless,src/barnabus/analysis.py,service_effects.csv,f33859fef494be6df07ab0f3b77d778e84ea3365daff09d484711c9f7995819f,83b9cec48c0b290e7be9c4626dafc19af4fdfbc2db1f34584f8d4873669964d2,6e98a05f682972c6b753bb0970bd0d8ea40ea481,sensitivity_only,
N-SERVICE-EFFECTS-0008-A_BEFORE,0.06142857142857143,dimensionless,src/barnabus/analysis.py,service_effects.csv,f33859fef494be6df07ab0f3b77d778e84ea3365daff09d484711c9f7995819f,83b9cec48c0b290e7be9c4626dafc19af4fdfbc2db1f34584f8d4873669964d2,6e98a05f682972c6b753bb0970bd0d8ea40ea481,sensitivity_only,
N-SERVICE-EFFECTS-0008-A_AFTER,0.052323856876156115,dimensionless,src/barnabus/analysis.py,service_effects.csv,f33859fef494be6df07ab0f3b77d778e84ea3365daff09d484711c9f7995819f,83b9cec48c0b290e7be9c4626dafc19af4fdfbc2db1f34584f8d4873669964d2,6e98a05f682972c6b753bb0970bd0d8ea40ea481,sensitivity_only,
N-SERVICE-EFFECTS-0008-B_BEFORE,0.09775784753363229,dimensionless,src/barnabus/analysis.py,service_effects.csv,f33859fef494be6df07ab0f3b77d778e84ea3365daff09d484711c9f7995819f,83b9cec48c0b290e7be9c4626dafc19af4fdfbc2db1f34584f8d4873669964d2,6e98a05f682972c6b753bb0970bd0d8ea40ea481,sensitivity_only,
N-SERVICE-EFFECTS-0008-B_AFTER,0.06114595220456761,dimensionless,src/barnabus/analysis.py,service_effects.csv,f33859fef494be6df07ab0f3b77d778e84ea3365daff09d484711c9f7995819f,83b9cec48c0b290e7be9c4626dafc19af4fdfbc2db1f34584f8d4873669964d2,6e98a05f682972c6b753bb0970bd0d8ea40ea481,sensitivity_only,
N-SERVICE-EFFECTS-0008-A_AFTER_MISSING_FRACTION,0.18848167539267013,proportion_or_dimensionless_as_labeled,src/barnabus/analysis.py,service_effects.csv,f33859fef494be6df07ab0f3b77d778e84ea3365daff09d484711c9f7995819f,83b9cec48c0b290e7be9c4626dafc19af4fdfbc2db1f34584f8d4873669964d2,6e98a05f682972c6b753bb0970bd0d8ea40ea481,sensitivity_only,
N-SERVICE-EFFECTS-0008-B_AFTER_MISSING_FRACTION,0.20448179271708689,proportion_or_dimensionless_as_labeled,src/barnabus/analysis.py,service_effects.csv,f33859fef494be6df07ab0f3b77d778e84ea3365daff09d484711c9f7995819f,83b9cec48c0b290e7be9c4626dafc19af4fdfbc2db1f34584f8d4873669964d2,6e98a05f682972c6b753bb0970bd0d8ea40ea481,sensitivity_only,
N-SERVICE-EFFECTS-0008-A_AFTER_N,1528,dimensionless,src/barnabus/analysis.py,service_effects.csv,f33859fef494be6df07ab0f3b77d778e84ea3365daff09d484711c9f7995819f,83b9cec48c0b290e7be9c4626dafc19af4fdfbc2db1f34584f8d4873669964d2,6e98a05f682972c6b753bb0970bd0d8ea40ea481,sensitivity_only,
N-SERVICE-EFFECTS-0008-B_AFTER_N,357,dimensionless,src/barnabus/analysis.py,service_effects.csv,f33859fef494be6df07ab0f3b77d778e84ea3365daff09d484711c9f7995819f,83b9cec48c0b290e7be9c4626dafc19af4fdfbc2db1f34584f8d4873669964d2,6e98a05f682972c6b753bb0970bd0d8ea40ea481,sensitivity_only,
N-SERVICE-EFFECTS-0009-EFFECT,-0.08987567617317563,dimensionless,src/barnabus/analysis.py,service_effects.csv,f33859fef494be6df07ab0f3b77d778e84ea3365daff09d484711c9f7995819f,83b9cec48c0b290e7be9c4626dafc19af4fdfbc2db1f34584f8d4873669964d2,6e98a05f682972c6b753bb0970bd0d8ea40ea481,sensitivity_only,
N-SERVICE-EFFECTS-0009-A_BEFORE,0.08111988513998564,dimensionless,src/barnabus/analysis.py,service_effects.csv,f33859fef494be6df07ab0f3b77d778e84ea3365daff09d484711c9f7995819f,83b9cec48c0b290e7be9c4626dafc19af4fdfbc2db1f34584f8d4873669964d2,6e98a05f682972c6b753bb0970bd0d8ea40ea481,sensitivity_only,
N-SERVICE-EFFECTS-0009-A_AFTER,0.0315,dimensionless,src/barnabus/analysis.py,service_effects.csv,f33859fef494be6df07ab0f3b77d778e84ea3365daff09d484711c9f7995819f,83b9cec48c0b290e7be9c4626dafc19af4fdfbc2db1f34584f8d4873669964d2,6e98a05f682972c6b753bb0970bd0d8ea40ea481,sensitivity_only,
N-SERVICE-EFFECTS-0009-B_BEFORE,0.11785714285714285,dimensionless,src/barnabus/analysis.py,service_effects.csv,f33859fef494be6df07ab0f3b77d778e84ea3365daff09d484711c9f7995819f,83b9cec48c0b290e7be9c4626dafc19af4fdfbc2db1f34584f8d4873669964d2,6e98a05f682972c6b753bb0970bd0d8ea40ea481,sensitivity_only,
N-SERVICE-EFFECTS-0009-B_AFTER,0.15811293389033285,dimensionless,src/barnabus/analysis.py,service_effects.csv,f33859fef494be6df07ab0f3b77d778e84ea3365daff09d484711c9f7995819f,83b9cec48c0b290e7be9c4626dafc19af4fdfbc2db1f34584f8d4873669964d2,6e98a05f682972c6b753bb0970bd0d8ea40ea481,sensitivity_only,
N-SERVICE-EFFECTS-0009-A_AFTER_MISSING_FRACTION,0.18999999999999995,proportion_or_dimensionless_as_labeled,src/barnabus/analysis.py,service_effects.csv,f33859fef494be6df07ab0f3b77d778e84ea3365daff09d484711c9f7995819f,83b9cec48c0b290e7be9c4626dafc19af4fdfbc2db1f34584f8d4873669964d2,6e98a05f682972c6b753bb0970bd0d8ea40ea481,sensitivity_only,
N-SERVICE-EFFECTS-0009-B_AFTER_MISSING_FRACTION,0.17039106145251393,proportion_or_dimensionless_as_labeled,src/barnabus/analysis.py,service_effects.csv,f33859fef494be6df07ab0f3b77d778e84ea3365daff09d484711c9f7995819f,83b9cec48c0b290e7be9c4626dafc19af4fdfbc2db1f34584f8d4873669964d2,6e98a05f682972c6b753bb0970bd0d8ea40ea481,sensitivity_only,
N-SERVICE-EFFECTS-0009-A_AFTER_N,200,dimensionless,src/barnabus/analysis.py,service_effects.csv,f33859fef494be6df07ab0f3b77d778e84ea3365daff09d484711c9f7995819f,83b9cec48c0b290e7be9c4626dafc19af4fdfbc2db1f34584f8d4873669964d2,6e98a05f682972c6b753bb0970bd0d8ea40ea481,sensitivity_only,
N-SERVICE-EFFECTS-0009-B_AFTER_N,358,dimensionless,src/barnabus/analysis.py,service_effects.csv,f33859fef494be6df07ab0f3b77d778e84ea3365daff09d484711c9f7995819f,83b9cec48c0b290e7be9c4626dafc19af4fdfbc2db1f34584f8d4873669964d2,6e98a05f682972c6b753bb0970bd0d8ea40ea481,sensitivity_only,
N-SERVICE-EFFECTS-0010-EFFECT,0.07168688994403713,dimensionless,src/barnabus/analysis.py,service_effects.csv,f33859fef494be6df07ab0f3b77d778e84ea3365daff09d484711c9f7995819f,83b9cec48c0b290e7be9c4626dafc19af4fdfbc2db1f34584f8d4873669964d2,6e98a05f682972c6b753bb0970bd0d8ea40ea481,sensitivity_only,
N-SERVICE-EFFECTS-0010-A_BEFORE,0.09593023255813954,dimensionless,src/barnabus/analysis.py,service_effects.csv,f33859fef494be6df07ab0f3b77d778e84ea3365daff09d484711c9f7995819f,83b9cec48c0b290e7be9c4626dafc19af4fdfbc2db1f34584f8d4873669964d2,6e98a05f682972c6b753bb0970bd0d8ea40ea481,sensitivity_only,
N-SERVICE-EFFECTS-0010-A_AFTER,0.1136064218057608,dimensionless,src/barnabus/analysis.py,service_effects.csv,f33859fef494be6df07ab0f3b77d778e84ea3365daff09d484711c9f7995819f,83b9cec48c0b290e7be9c4626dafc19af4fdfbc2db1f34584f8d4873669964d2,6e98a05f682972c6b753bb0970bd0d8ea40ea481,sensitivity_only,
N-SERVICE-EFFECTS-0010-B_BEFORE,0.12746858168761221,dimensionless,src/barnabus/analysis.py,service_effects.csv,f33859fef494be6df07ab0f3b77d778e84ea3365daff09d484711c9f7995819f,83b9cec48c0b290e7be9c4626dafc19af4fdfbc2db1f34584f8d4873669964d2,6e98a05f682972c6b753bb0970bd0d8ea40ea481,sensitivity_only,
N-SERVICE-EFFECTS-0010-B_AFTER,0.07345788099119635,dimensionless,src/barnabus/analysis.py,service_effects.csv,f33859fef494be6df07ab0f3b77d778e84ea3365daff09d484711c9f7995819f,83b9cec48c0b290e7be9c4626dafc19af4fdfbc2db1f34584f8d4873669964d2,6e98a05f682972c6b753bb0970bd0d8ea40ea481,sensitivity_only,
N-SERVICE-EFFECTS-0010-A_AFTER_MISSING_FRACTION,0.17671517671517667,proportion_or_dimensionless_as_labeled,src/barnabus/analysis.py,service_effects.csv,f33859fef494be6df07ab0f3b77d778e84ea3365daff09d484711c9f7995819f,83b9cec48c0b290e7be9c4626dafc19af4fdfbc2db1f34584f8d4873669964d2,6e98a05f682972c6b753bb0970bd0d8ea40ea481,sensitivity_only,
N-SERVICE-EFFECTS-0010-B_AFTER_MISSING_FRACTION,0.2100840336134454,proportion_or_dimensionless_as_labeled,src/barnabus/analysis.py,service_effects.csv,f33859fef494be6df07ab0f3b77d778e84ea3365daff09d484711c9f7995819f,83b9cec48c0b290e7be9c4626dafc19af4fdfbc2db1f34584f8d4873669964d2,6e98a05f682972c6b753bb0970bd0d8ea40ea481,sensitivity_only,
N-SERVICE-EFFECTS-0010-A_AFTER_N,481,dimensionless,src/barnabus/analysis.py,service_effects.csv,f33859fef494be6df07ab0f3b77d778e84ea3365daff09d484711c9f7995819f,83b9cec48c0b290e7be9c4626dafc19af4fdfbc2db1f34584f8d4873669964d2,6e98a05f682972c6b753bb0970bd0d8ea40ea481,sensitivity_only,
N-SERVICE-EFFECTS-0010-B_AFTER_N,357,dimensionless,src/barnabus/analysis.py,service_effects.csv,f33859fef494be6df07ab0f3b77d778e84ea3365daff09d484711c9f7995819f,83b9cec48c0b290e7be9c4626dafc19af4fdfbc2db1f34584f8d4873669964d2,6e98a05f682972c6b753bb0970bd0d8ea40ea481,sensitivity_only,
N-SERVICE-EFFECTS-0011-EFFECT,0.03398479518902327,dimensionless,src/barnabus/analysis.py,service_effects.csv,f33859fef494be6df07ab0f3b77d778e84ea3365daff09d484711c9f7995819f,83b9cec48c0b290e7be9c4626dafc19af4fdfbc2db1f34584f8d4873669964d2,6e98a05f682972c6b753bb0970bd0d8ea40ea481,sensitivity_only,
N-SERVICE-EFFECTS-0011-A_BEFORE,0.11219879518072289,dimensionless,src/barnabus/analysis.py,service_effects.csv,f33859fef494be6df07ab0f3b77d778e84ea3365daff09d484711c9f7995819f,83b9cec48c0b290e7be9c4626dafc19af4fdfbc2db1f34584f8d4873669964d2,6e98a05f682972c6b753bb0970bd0d8ea40ea481,sensitivity_only,
N-SERVICE-EFFECTS-0011-A_AFTER,0.11407167126192602,dimensionless,src/barnabus/analysis.py,service_effects.csv,f33859fef494be6df07ab0f3b77d778e84ea3365daff09d484711c9f7995819f,83b9cec48c0b290e7be9c4626dafc19af4fdfbc2db1f34584f8d4873669964d2,6e98a05f682972c6b753bb0970bd0d8ea40ea481,sensitivity_only,
N-SERVICE-EFFECTS-0011-B_BEFORE,0.11203319502074689,dimensionless,src/barnabus/analysis.py,service_effects.csv,f33859fef494be6df07ab0f3b77d778e84ea3365daff09d484711c9f7995819f,83b9cec48c0b290e7be9c4626dafc19af4fdfbc2db1f34584f8d4873669964d2,6e98a05f682972c6b753bb0970bd0d8ea40ea481,sensitivity_only,
N-SERVICE-EFFECTS-0011-B_AFTER,0.07992127591292676,dimensionless,src/barnabus/analysis.py,service_effects.csv,f33859fef494be6df07ab0f3b77d778e84ea3365daff09d484711c9f7995819f,83b9cec48c0b290e7be9c4626dafc19af4fdfbc2db1f34584f8d4873669964d2,6e98a05f682972c6b753bb0970bd0d8ea40ea481,sensitivity_only,
N-SERVICE-EFFECTS-0011-A_AFTER_MISSING_FRACTION,0.20434782608695656,proportion_or_dimensionless_as_labeled,src/barnabus/analysis.py,service_effects.csv,f33859fef494be6df07ab0f3b77d778e84ea3365daff09d484711c9f7995819f,83b9cec48c0b290e7be9c4626dafc19af4fdfbc2db1f34584f8d4873669964d2,6e98a05f682972c6b753bb0970bd0d8ea40ea481,sensitivity_only,
N-SERVICE-EFFECTS-0011-B_AFTER_MISSING_FRACTION,0.17600000000000005,proportion_or_dimensionless_as_labeled,src/barnabus/analysis.py,service_effects.csv,f33859fef494be6df07ab0f3b77d778e84ea3365daff09d484711c9f7995819f,83b9cec48c0b290e7be9c4626dafc19af4fdfbc2db1f34584f8d4873669964d2,6e98a05f682972c6b753bb0970bd0d8ea40ea481,sensitivity_only,
N-SERVICE-EFFECTS-0011-A_AFTER_N,460,dimensionless,src/barnabus/analysis.py,service_effects.csv,f33859fef494be6df07ab0f3b77d778e84ea3365daff09d484711c9f7995819f,83b9cec48c0b290e7be9c4626dafc19af4fdfbc2db1f34584f8d4873669964d2,6e98a05f682972c6b753bb0970bd0d8ea40ea481,sensitivity_only,
N-SERVICE-EFFECTS-0011-B_AFTER_N,375,dimensionless,src/barnabus/analysis.py,service_effects.csv,f33859fef494be6df07ab0f3b77d778e84ea3365daff09d484711c9f7995819f,83b9cec48c0b290e7be9c4626dafc19af4fdfbc2db1f34584f8d4873669964d2,6e98a05f682972c6b753bb0970bd0d8ea40ea481,sensitivity_only,
N-SERVICE-EFFECTS-0012-EFFECT,0.021391427521495643,dimensionless,src/barnabus/analysis.py,service_effects.csv,f33859fef494be6df07ab0f3b77d778e84ea3365daff09d484711c9f7995819f,83b9cec48c0b290e7be9c4626dafc19af4fdfbc2db1f34584f8d4873669964d2,6e98a05f682972c6b753bb0970bd0d8ea40ea481,sensitivity_only,
N-SERVICE-EFFECTS-0012-A_BEFORE,0.10160818713450293,dimensionless,src/barnabus/analysis.py,service_effects.csv,f33859fef494be6df07ab0f3b77d778e84ea3365daff09d484711c9f7995819f,83b9cec48c0b290e7be9c4626dafc19af4fdfbc2db1f34584f8d4873669964d2,6e98a05f682972c6b753bb0970bd0d8ea40ea481,sensitivity_only,
N-SERVICE-EFFECTS-0012-A_AFTER,0.08431987513620166,dimensionless,src/barnabus/analysis.py,service_effects.csv,f33859fef494be6df07ab0f3b77d778e84ea3365daff09d484711c9f7995819f,83b9cec48c0b290e7be9c4626dafc19af4fdfbc2db1f34584f8d4873669964d2,6e98a05f682972c6b753bb0970bd0d8ea40ea481,sensitivity_only,
N-SERVICE-EFFECTS-0012-B_BEFORE,0.06796116504854369,dimensionless,src/barnabus/analysis.py,service_effects.csv,f33859fef494be6df07ab0f3b77d778e84ea3365daff09d484711c9f7995819f,83b9cec48c0b290e7be9c4626dafc19af4fdfbc2db1f34584f8d4873669964d2,6e98a05f682972c6b753bb0970bd0d8ea40ea481,sensitivity_only,
N-SERVICE-EFFECTS-0012-B_AFTER,0.02928142552874678,dimensionless,src/barnabus/analysis.py,service_effects.csv,f33859fef494be6df07ab0f3b77d778e84ea3365daff09d484711c9f7995819f,83b9cec48c0b290e7be9c4626dafc19af4fdfbc2db1f34584f8d4873669964d2,6e98a05f682972c6b753bb0970bd0d8ea40ea481,sensitivity_only,
N-SERVICE-EFFECTS-0012-A_AFTER_MISSING_FRACTION,0.2142857142857143,proportion_or_dimensionless_as_labeled,src/barnabus/analysis.py,service_effects.csv,f33859fef494be6df07ab0f3b77d778e84ea3365daff09d484711c9f7995819f,83b9cec48c0b290e7be9c4626dafc19af4fdfbc2db1f34584f8d4873669964d2,6e98a05f682972c6b753bb0970bd0d8ea40ea481,sensitivity_only,
N-SERVICE-EFFECTS-0012-B_AFTER_MISSING_FRACTION,0.1807909604519774,proportion_or_dimensionless_as_labeled,src/barnabus/analysis.py,service_effects.csv,f33859fef494be6df07ab0f3b77d778e84ea3365daff09d484711c9f7995819f,83b9cec48c0b290e7be9c4626dafc19af4fdfbc2db1f34584f8d4873669964d2,6e98a05f682972c6b753bb0970bd0d8ea40ea481,sensitivity_only,
N-SERVICE-EFFECTS-0012-A_AFTER_N,196,dimensionless,src/barnabus/analysis.py,service_effects.csv,f33859fef494be6df07ab0f3b77d778e84ea3365daff09d484711c9f7995819f,83b9cec48c0b290e7be9c4626dafc19af4fdfbc2db1f34584f8d4873669964d2,6e98a05f682972c6b753bb0970bd0d8ea40ea481,sensitivity_only,
N-SERVICE-EFFECTS-0012-B_AFTER_N,354,dimensionless,src/barnabus/analysis.py,service_effects.csv,f33859fef494be6df07ab0f3b77d778e84ea3365daff09d484711c9f7995819f,83b9cec48c0b290e7be9c4626dafc19af4fdfbc2db1f34584f8d4873669964d2,6e98a05f682972c6b753bb0970bd0d8ea40ea481,sensitivity_only,
N-SERVICE-EFFECTS-0013-EFFECT,-5.158129152551609,dimensionless,src/barnabus/analysis.py,service_effects.csv,f33859fef494be6df07ab0f3b77d778e84ea3365daff09d484711c9f7995819f,83b9cec48c0b290e7be9c4626dafc19af4fdfbc2db1f34584f8d4873669964d2,6e98a05f682972c6b753bb0970bd0d8ea40ea481,sensitivity_only,
N-SERVICE-EFFECTS-0013-A_BEFORE,43.05167217579489,dimensionless,src/barnabus/analysis.py,service_effects.csv,f33859fef494be6df07ab0f3b77d778e84ea3365daff09d484711c9f7995819f,83b9cec48c0b290e7be9c4626dafc19af4fdfbc2db1f34584f8d4873669964d2,6e98a05f682972c6b753bb0970bd0d8ea40ea481,sensitivity_only,
N-SERVICE-EFFECTS-0013-A_AFTER,39.63638643920403,dimensionless,src/barnabus/analysis.py,service_effects.csv,f33859fef494be6df07ab0f3b77d778e84ea3365daff09d484711c9f7995819f,83b9cec48c0b290e7be9c4626dafc19af4fdfbc2db1f34584f8d4873669964d2,6e98a05f682972c6b753bb0970bd0d8ea40ea481,sensitivity_only,
N-SERVICE-EFFECTS-0013-B_BEFORE,41.44120904161282,dimensionless,src/barnabus/analysis.py,service_effects.csv,f33859fef494be6df07ab0f3b77d778e84ea3365daff09d484711c9f7995819f,83b9cec48c0b290e7be9c4626dafc19af4fdfbc2db1f34584f8d4873669964d2,6e98a05f682972c6b753bb0970bd0d8ea40ea481,sensitivity_only,
N-SERVICE-EFFECTS-0013-B_AFTER,43.18405245757357,dimensionless,src/barnabus/analysis.py,service_effects.csv,f33859fef494be6df07ab0f3b77d778e84ea3365daff09d484711c9f7995819f,83b9cec48c0b290e7be9c4626dafc19af4fdfbc2db1f34584f8d4873669964d2,6e98a05f682972c6b753bb0970bd0d8ea40ea481,sensitivity_only,
N-SERVICE-EFFECTS-0013-A_AFTER_MISSING_FRACTION,0.3174946004319654,proportion_or_dimensionless_as_labeled,src/barnabus/analysis.py,service_effects.csv,f33859fef494be6df07ab0f3b77d778e84ea3365daff09d484711c9f7995819f,83b9cec48c0b290e7be9c4626dafc19af4fdfbc2db1f34584f8d4873669964d2,6e98a05f682972c6b753bb0970bd0d8ea40ea481,sensitivity_only,
N-SERVICE-EFFECTS-0013-B_AFTER_MISSING_FRACTION,0.3480392156862745,proportion_or_dimensionless_as_labeled,src/barnabus/analysis.py,service_effects.csv,f33859fef494be6df07ab0f3b77d778e84ea3365daff09d484711c9f7995819f,83b9cec48c0b290e7be9c4626dafc19af4fdfbc2db1f34584f8d4873669964d2,6e98a05f682972c6b753bb0970bd0d8ea40ea481,sensitivity_only,
N-SERVICE-EFFECTS-0013-A_AFTER_N,463,dimensionless,src/barnabus/analysis.py,service_effects.csv,f33859fef494be6df07ab0f3b77d778e84ea3365daff09d484711c9f7995819f,83b9cec48c0b290e7be9c4626dafc19af4fdfbc2db1f34584f8d4873669964d2,6e98a05f682972c6b753bb0970bd0d8ea40ea481,sensitivity_only,
N-SERVICE-EFFECTS-0013-B_AFTER_N,408,dimensionless,src/barnabus/analysis.py,service_effects.csv,f33859fef494be6df07ab0f3b77d778e84ea3365daff09d484711c9f7995819f,83b9cec48c0b290e7be9c4626dafc19af4fdfbc2db1f34584f8d4873669964d2,6e98a05f682972c6b753bb0970bd0d8ea40ea481,sensitivity_only,
N-SERVICE-EFFECTS-0014-EFFECT,-4.322627797142189,dimensionless,src/barnabus/analysis.py,service_effects.csv,f33859fef494be6df07ab0f3b77d778e84ea3365daff09d484711c9f7995819f,83b9cec48c0b290e7be9c4626dafc19af4fdfbc2db1f34584f8d4873669964d2,6e98a05f682972c6b753bb0970bd0d8ea40ea481,sensitivity_only,
N-SERVICE-EFFECTS-0014-A_BEFORE,45.27559779870856,dimensionless,src/barnabus/analysis.py,service_effects.csv,f33859fef494be6df07ab0f3b77d778e84ea3365daff09d484711c9f7995819f,83b9cec48c0b290e7be9c4626dafc19af4fdfbc2db1f34584f8d4873669964d2,6e98a05f682972c6b753bb0970bd0d8ea40ea481,sensitivity_only,
N-SERVICE-EFFECTS-0014-A_AFTER,42.48300131929033,dimensionless,src/barnabus/analysis.py,service_effects.csv,f33859fef494be6df07ab0f3b77d778e84ea3365daff09d484711c9f7995819f,83b9cec48c0b290e7be9c4626dafc19af4fdfbc2db1f34584f8d4873669964d2,6e98a05f682972c6b753bb0970bd0d8ea40ea481,sensitivity_only,
N-SERVICE-EFFECTS-0014-B_BEFORE,42.631171663148386,dimensionless,src/barnabus/analysis.py,service_effects.csv,f33859fef494be6df07ab0f3b77d778e84ea3365daff09d484711c9f7995819f,83b9cec48c0b290e7be9c4626dafc19af4fdfbc2db1f34584f8d4873669964d2,6e98a05f682972c6b753bb0970bd0d8ea40ea481,sensitivity_only,
N-SERVICE-EFFECTS-0014-B_AFTER,44.161202980872346,dimensionless,src/barnabus/analysis.py,service_effects.csv,f33859fef494be6df07ab0f3b77d778e84ea3365daff09d484711c9f7995819f,83b9cec48c0b290e7be9c4626dafc19af4fdfbc2db1f34584f8d4873669964d2,6e98a05f682972c6b753bb0970bd0d8ea40ea481,sensitivity_only,
N-SERVICE-EFFECTS-0014-A_AFTER_MISSING_FRACTION,0.35390946502057613,proportion_or_dimensionless_as_labeled,src/barnabus/analysis.py,service_effects.csv,f33859fef494be6df07ab0f3b77d778e84ea3365daff09d484711c9f7995819f,83b9cec48c0b290e7be9c4626dafc19af4fdfbc2db1f34584f8d4873669964d2,6e98a05f682972c6b753bb0970bd0d8ea40ea481,sensitivity_only,
N-SERVICE-EFFECTS-0014-B_AFTER_MISSING_FRACTION,0.3296398891966759,proportion_or_dimensionless_as_labeled,src/barnabus/analysis.py,service_effects.csv,f33859fef494be6df07ab0f3b77d778e84ea3365daff09d484711c9f7995819f,83b9cec48c0b290e7be9c4626dafc19af4fdfbc2db1f34584f8d4873669964d2,6e98a05f682972c6b753bb0970bd0d8ea40ea481,sensitivity_only,
N-SERVICE-EFFECTS-0014-A_AFTER_N,486,dimensionless,src/barnabus/analysis.py,service_effects.csv,f33859fef494be6df07ab0f3b77d778e84ea3365daff09d484711c9f7995819f,83b9cec48c0b290e7be9c4626dafc19af4fdfbc2db1f34584f8d4873669964d2,6e98a05f682972c6b753bb0970bd0d8ea40ea481,sensitivity_only,
N-SERVICE-EFFECTS-0014-B_AFTER_N,361,dimensionless,src/barnabus/analysis.py,service_effects.csv,f33859fef494be6df07ab0f3b77d778e84ea3365daff09d484711c9f7995819f,83b9cec48c0b290e7be9c4626dafc19af4fdfbc2db1f34584f8d4873669964d2,6e98a05f682972c6b753bb0970bd0d8ea40ea481,sensitivity_only,
N-SERVICE-EFFECTS-0015-EFFECT,-3.5962254575693393,dimensionless,src/barnabus/analysis.py,service_effects.csv,f33859fef494be6df07ab0f3b77d778e84ea3365daff09d484711c9f7995819f,83b9cec48c0b290e7be9c4626dafc19af4fdfbc2db1f34584f8d4873669964d2,6e98a05f682972c6b753bb0970bd0d8ea40ea481,sensitivity_only,
N-SERVICE-EFFECTS-0015-A_BEFORE,37.25966788499015,dimensionless,src/barnabus/analysis.py,service_effects.csv,f33859fef494be6df07ab0f3b77d778e84ea3365daff09d484711c9f7995819f,83b9cec48c0b290e7be9c4626dafc19af4fdfbc2db1f34584f8d4873669964d2,6e98a05f682972c6b753bb0970bd0d8ea40ea481,sensitivity_only,
N-SERVICE-EFFECTS-0015-A_AFTER,33.857971618818254,dimensionless,src/barnabus/analysis.py,service_effects.csv,f33859fef494be6df07ab0f3b77d778e84ea3365daff09d484711c9f7995819f,83b9cec48c0b290e7be9c4626dafc19af4fdfbc2db1f34584f8d4873669964d2,6e98a05f682972c6b753bb0970bd0d8ea40ea481,sensitivity_only,
N-SERVICE-EFFECTS-0015-B_BEFORE,44.4905630370193,dimensionless,src/barnabus/analysis.py,service_effects.csv,f33859fef494be6df07ab0f3b77d778e84ea3365daff09d484711c9f7995819f,83b9cec48c0b290e7be9c4626dafc19af4fdfbc2db1f34584f8d4873669964d2,6e98a05f682972c6b753bb0970bd0d8ea40ea481,sensitivity_only,
N-SERVICE-EFFECTS-0015-B_AFTER,44.68509222841674,dimensionless,src/barnabus/analysis.py,service_effects.csv,f33859fef494be6df07ab0f3b77d778e84ea3365daff09d484711c9f7995819f,83b9cec48c0b290e7be9c4626dafc19af4fdfbc2db1f34584f8d4873669964d2,6e98a05f682972c6b753bb0970bd0d8ea40ea481,sensitivity_only,
N-SERVICE-EFFECTS-0015-A_AFTER_MISSING_FRACTION,0.2923076923076923,proportion_or_dimensionless_as_labeled,src/barnabus/analysis.py,service_effects.csv,f33859fef494be6df07ab0f3b77d778e84ea3365daff09d484711c9f7995819f,83b9cec48c0b290e7be9c4626dafc19af4fdfbc2db1f34584f8d4873669964d2,6e98a05f682972c6b753bb0970bd0d8ea40ea481,sensitivity_only,
N-SERVICE-EFFECTS-0015-B_AFTER_MISSING_FRACTION,0.3674033149171271,proportion_or_dimensionless_as_labeled,src/barnabus/analysis.py,service_effects.csv,f33859fef494be6df07ab0f3b77d778e84ea3365daff09d484711c9f7995819f,83b9cec48c0b290e7be9c4626dafc19af4fdfbc2db1f34584f8d4873669964d2,6e98a05f682972c6b753bb0970bd0d8ea40ea481,sensitivity_only,
N-SERVICE-EFFECTS-0015-A_AFTER_N,195,dimensionless,src/barnabus/analysis.py,service_effects.csv,f33859fef494be6df07ab0f3b77d778e84ea3365daff09d484711c9f7995819f,83b9cec48c0b290e7be9c4626dafc19af4fdfbc2db1f34584f8d4873669964d2,6e98a05f682972c6b753bb0970bd0d8ea40ea481,sensitivity_only,
N-SERVICE-EFFECTS-0015-B_AFTER_N,362,dimensionless,src/barnabus/analysis.py,service_effects.csv,f33859fef494be6df07ab0f3b77d778e84ea3365daff09d484711c9f7995819f,83b9cec48c0b290e7be9c4626dafc19af4fdfbc2db1f34584f8d4873669964d2,6e98a05f682972c6b753bb0970bd0d8ea40ea481,sensitivity_only,
N-SERVICE-EFFECTS-0016-EFFECT,7.945145321507233,dimensionless,src/barnabus/analysis.py,service_effects.csv,f33859fef494be6df07ab0f3b77d778e84ea3365daff09d484711c9f7995819f,83b9cec48c0b290e7be9c4626dafc19af4fdfbc2db1f34584f8d4873669964d2,6e98a05f682972c6b753bb0970bd0d8ea40ea481,sensitivity_only,
N-SERVICE-EFFECTS-0016-A_BEFORE,38.13524682211883,dimensionless,src/barnabus/analysis.py,service_effects.csv,f33859fef494be6df07ab0f3b77d778e84ea3365daff09d484711c9f7995819f,83b9cec48c0b290e7be9c4626dafc19af4fdfbc2db1f34584f8d4873669964d2,6e98a05f682972c6b753bb0970bd0d8ea40ea481,sensitivity_only,
N-SERVICE-EFFECTS-0016-A_AFTER,45.558364094414344,dimensionless,src/barnabus/analysis.py,service_effects.csv,f33859fef494be6df07ab0f3b77d778e84ea3365daff09d484711c9f7995819f,83b9cec48c0b290e7be9c4626dafc19af4fdfbc2db1f34584f8d4873669964d2,6e98a05f682972c6b753bb0970bd0d8ea40ea481,sensitivity_only,
N-SERVICE-EFFECTS-0016-B_BEFORE,40.202573953554335,dimensionless,src/barnabus/analysis.py,service_effects.csv,f33859fef494be6df07ab0f3b77d778e84ea3365daff09d484711c9f7995819f,83b9cec48c0b290e7be9c4626dafc19af4fdfbc2db1f34584f8d4873669964d2,6e98a05f682972c6b753bb0970bd0d8ea40ea481,sensitivity_only,
N-SERVICE-EFFECTS-0016-B_AFTER,39.680545904342615,dimensionless,src/barnabus/analysis.py,service_effects.csv,f33859fef494be6df07ab0f3b77d778e84ea3365daff09d484711c9f7995819f,83b9cec48c0b290e7be9c4626dafc19af4fdfbc2db1f34584f8d4873669964d2,6e98a05f682972c6b753bb0970bd0d8ea40ea481,sensitivity_only,
N-SERVICE-EFFECTS-0016-A_AFTER_MISSING_FRACTION,0.4530386740331492,proportion_or_dimensionless_as_labeled,src/barnabus/analysis.py,service_effects.csv,f33859fef494be6df07ab0f3b77d778e84ea3365daff09d484711c9f7995819f,83b9cec48c0b290e7be9c4626dafc19af4fdfbc2db1f34584f8d4873669964d2,6e98a05f682972c6b753bb0970bd0d8ea40ea481,sensitivity_only,
N-SERVICE-EFFECTS-0016-B_AFTER_MISSING_FRACTION,0.34349030470914127,proportion_or_dimensionless_as_labeled,src/barnabus/analysis.py,service_effects.csv,f33859fef494be6df07ab0f3b77d778e84ea3365daff09d484711c9f7995819f,83b9cec48c0b290e7be9c4626dafc19af4fdfbc2db1f34584f8d4873669964d2,6e98a05f682972c6b753bb0970bd0d8ea40ea481,sensitivity_only,
N-SERVICE-EFFECTS-0016-A_AFTER_N,181,dimensionless,src/barnabus/analysis.py,service_effects.csv,f33859fef494be6df07ab0f3b77d778e84ea3365daff09d484711c9f7995819f,83b9cec48c0b290e7be9c4626dafc19af4fdfbc2db1f34584f8d4873669964d2,6e98a05f682972c6b753bb0970bd0d8ea40ea481,sensitivity_only,
N-SERVICE-EFFECTS-0016-B_AFTER_N,361,dimensionless,src/barnabus/analysis.py,service_effects.csv,f33859fef494be6df07ab0f3b77d778e84ea3365daff09d484711c9f7995819f,83b9cec48c0b290e7be9c4626dafc19af4fdfbc2db1f34584f8d4873669964d2,6e98a05f682972c6b753bb0970bd0d8ea40ea481,sensitivity_only,
N-SERVICE-EFFECTS-0017-EFFECT,5.0102579175891435,dimensionless,src/barnabus/analysis.py,service_effects.csv,f33859fef494be6df07ab0f3b77d778e84ea3365daff09d484711c9f7995819f,83b9cec48c0b290e7be9c4626dafc19af4fdfbc2db1f34584f8d4873669964d2,6e98a05f682972c6b753bb0970bd0d8ea40ea481,sensitivity_only,
N-SERVICE-EFFECTS-0017-A_BEFORE,40.34546206455627,dimensionless,src/barnabus/analysis.py,service_effects.csv,f33859fef494be6df07ab0f3b77d778e84ea3365daff09d484711c9f7995819f,83b9cec48c0b290e7be9c4626dafc19af4fdfbc2db1f34584f8d4873669964d2,6e98a05f682972c6b753bb0970bd0d8ea40ea481,sensitivity_only,
N-SERVICE-EFFECTS-0017-A_AFTER,41.39955685599131,dimensionless,src/barnabus/analysis.py,service_effects.csv,f33859fef494be6df07ab0f3b77d778e84ea3365daff09d484711c9f7995819f,83b9cec48c0b290e7be9c4626dafc19af4fdfbc2db1f34584f8d4873669964d2,6e98a05f682972c6b753bb0970bd0d8ea40ea481,sensitivity_only,
N-SERVICE-EFFECTS-0017-B_BEFORE,41.87493593604471,dimensionless,src/barnabus/analysis.py,service_effects.csv,f33859fef494be6df07ab0f3b77d778e84ea3365daff09d484711c9f7995819f,83b9cec48c0b290e7be9c4626dafc19af4fdfbc2db1f34584f8d4873669964d2,6e98a05f682972c6b753bb0970bd0d8ea40ea481,sensitivity_only,
N-SERVICE-EFFECTS-0017-B_AFTER,37.9187728098906,dimensionless,src/barnabus/analysis.py,service_effects.csv,f33859fef494be6df07ab0f3b77d778e84ea3365daff09d484711c9f7995819f,83b9cec48c0b290e7be9c4626dafc19af4fdfbc2db1f34584f8d4873669964d2,6e98a05f682972c6b753bb0970bd0d8ea40ea481,sensitivity_only,
N-SERVICE-EFFECTS-0017-A_AFTER_MISSING_FRACTION,0.3439635535307517,proportion_or_dimensionless_as_labeled,src/barnabus/analysis.py,service_effects.csv,f33859fef494be6df07ab0f3b77d778e84ea3365daff09d484711c9f7995819f,83b9cec48c0b290e7be9c4626dafc19af4fdfbc2db1f34584f8d4873669964d2,6e98a05f682972c6b753bb0970bd0d8ea40ea481,sensitivity_only,
N-SERVICE-EFFECTS-0017-B_AFTER_MISSING_FRACTION,0.3324538258575198,proportion_or_dimensionless_as_labeled,src/barnabus/analysis.py,service_effects.csv,f33859fef494be6df07ab0f3b77d778e84ea3365daff09d484711c9f7995819f,83b9cec48c0b290e7be9c4626dafc19af4fdfbc2db1f34584f8d4873669964d2,6e98a05f682972c6b753bb0970bd0d8ea40ea481,sensitivity_only,
N-SERVICE-EFFECTS-0017-A_AFTER_N,439,dimensionless,src/barnabus/analysis.py,service_effects.csv,f33859fef494be6df07ab0f3b77d778e84ea3365daff09d484711c9f7995819f,83b9cec48c0b290e7be9c4626dafc19af4fdfbc2db1f34584f8d4873669964d2,6e98a05f682972c6b753bb0970bd0d8ea40ea481,sensitivity_only,
N-SERVICE-EFFECTS-0017-B_AFTER_N,379,dimensionless,src/barnabus/analysis.py,service_effects.csv,f33859fef494be6df07ab0f3b77d778e84ea3365daff09d484711c9f7995819f,83b9cec48c0b290e7be9c4626dafc19af4fdfbc2db1f34584f8d4873669964d2,6e98a05f682972c6b753bb0970bd0d8ea40ea481,sensitivity_only,
N-SERVICE-EFFECTS-0018-EFFECT,3.248955075510672,dimensionless,src/barnabus/analysis.py,service_effects.csv,f33859fef494be6df07ab0f3b77d778e84ea3365daff09d484711c9f7995819f,83b9cec48c0b290e7be9c4626dafc19af4fdfbc2db1f34584f8d4873669964d2,6e98a05f682972c6b753bb0970bd0d8ea40ea481,sensitivity_only,
N-SERVICE-EFFECTS-0018-A_BEFORE,40.2874953337069,dimensionless,src/barnabus/analysis.py,service_effects.csv,f33859fef494be6df07ab0f3b77d778e84ea3365daff09d484711c9f7995819f,83b9cec48c0b290e7be9c4626dafc19af4fdfbc2db1f34584f8d4873669964d2,6e98a05f682972c6b753bb0970bd0d8ea40ea481,sensitivity_only,
N-SERVICE-EFFECTS-0018-A_AFTER,40.591449485095936,dimensionless,src/barnabus/analysis.py,service_effects.csv,f33859fef494be6df07ab0f3b77d778e84ea3365daff09d484711c9f7995819f,83b9cec48c0b290e7be9c4626dafc19af4fdfbc2db1f34584f8d4873669964d2,6e98a05f682972c6b753bb0970bd0d8ea40ea481,sensitivity_only,
N-SERVICE-EFFECTS-0018-B_BEFORE,43.45850335658966,dimensionless,src/barnabus/analysis.py,service_effects.csv,f33859fef494be6df07ab0f3b77d778e84ea3365daff09d484711c9f7995819f,83b9cec48c0b290e7be9c4626dafc19af4fdfbc2db1f34584f8d4873669964d2,6e98a05f682972c6b753bb0970bd0d8ea40ea481,sensitivity_only,
N-SERVICE-EFFECTS-0018-B_AFTER,40.51350243246802,dimensionless,src/barnabus/analysis.py,service_effects.csv,f33859fef494be6df07ab0f3b77d778e84ea3365daff09d484711c9f7995819f,83b9cec48c0b290e7be9c4626dafc19af4fdfbc2db1f34584f8d4873669964d2,6e98a05f682972c6b753bb0970bd0d8ea40ea481,sensitivity_only,
N-SERVICE-EFFECTS-0018-A_AFTER_MISSING_FRACTION,0.346723044397463,proportion_or_dimensionless_as_labeled,src/barnabus/analysis.py,service_effects.csv,f33859fef494be6df07ab0f3b77d778e84ea3365daff09d484711c9f7995819f,83b9cec48c0b290e7be9c4626dafc19af4fdfbc2db1f34584f8d4873669964d2,6e98a05f682972c6b753bb0970bd0d8ea40ea481,sensitivity_only,
N-SERVICE-EFFECTS-0018-B_AFTER_MISSING_FRACTION,0.3838383838383838,proportion_or_dimensionless_as_labeled,src/barnabus/analysis.py,service_effects.csv,f33859fef494be6df07ab0f3b77d778e84ea3365daff09d484711c9f7995819f,83b9cec48c0b290e7be9c4626dafc19af4fdfbc2db1f34584f8d4873669964d2,6e98a05f682972c6b753bb0970bd0d8ea40ea481,sensitivity_only,
N-SERVICE-EFFECTS-0018-A_AFTER_N,473,dimensionless,src/barnabus/analysis.py,service_effects.csv,f33859fef494be6df07ab0f3b77d778e84ea3365daff09d484711c9f7995819f,83b9cec48c0b290e7be9c4626dafc19af4fdfbc2db1f34584f8d4873669964d2,6e98a05f682972c6b753bb0970bd0d8ea40ea481,sensitivity_only,
N-SERVICE-EFFECTS-0018-B_AFTER_N,396,dimensionless,src/barnabus/analysis.py,service_effects.csv,f33859fef494be6df07ab0f3b77d778e84ea3365daff09d484711c9f7995819f,83b9cec48c0b290e7be9c4626dafc19af4fdfbc2db1f34584f8d4873669964d2,6e98a05f682972c6b753bb0970bd0d8ea40ea481,sensitivity_only,
N-SERVICE-EFFECTS-0019-EFFECT,0.891910371303787,dimensionless,src/barnabus/analysis.py,service_effects.csv,f33859fef494be6df07ab0f3b77d778e84ea3365daff09d484711c9f7995819f,83b9cec48c0b290e7be9c4626dafc19af4fdfbc2db1f34584f8d4873669964d2,6e98a05f682972c6b753bb0970bd0d8ea40ea481,sensitivity_only,
N-SERVICE-EFFECTS-0019-A_BEFORE,41.57058566676098,dimensionless,src/barnabus/analysis.py,service_effects.csv,f33859fef494be6df07ab0f3b77d778e84ea3365daff09d484711c9f7995819f,83b9cec48c0b290e7be9c4626dafc19af4fdfbc2db1f34584f8d4873669964d2,6e98a05f682972c6b753bb0970bd0d8ea40ea481,sensitivity_only,
N-SERVICE-EFFECTS-0019-A_AFTER,40.84416554964181,dimensionless,src/barnabus/analysis.py,service_effects.csv,f33859fef494be6df07ab0f3b77d778e84ea3365daff09d484711c9f7995819f,83b9cec48c0b290e7be9c4626dafc19af4fdfbc2db1f34584f8d4873669964d2,6e98a05f682972c6b753bb0970bd0d8ea40ea481,sensitivity_only,
N-SERVICE-EFFECTS-0019-B_BEFORE,39.3242961282854,dimensionless,src/barnabus/analysis.py,service_effects.csv,f33859fef494be6df07ab0f3b77d778e84ea3365daff09d484711c9f7995819f,83b9cec48c0b290e7be9c4626dafc19af4fdfbc2db1f34584f8d4873669964d2,6e98a05f682972c6b753bb0970bd0d8ea40ea481,sensitivity_only,
N-SERVICE-EFFECTS-0019-B_AFTER,37.70596563986244,dimensionless,src/barnabus/analysis.py,service_effects.csv,f33859fef494be6df07ab0f3b77d778e84ea3365daff09d484711c9f7995819f,83b9cec48c0b290e7be9c4626dafc19af4fdfbc2db1f34584f8d4873669964d2,6e98a05f682972c6b753bb0970bd0d8ea40ea481,sensitivity_only,
N-SERVICE-EFFECTS-0019-A_AFTER_MISSING_FRACTION,0.3228511530398323,proportion_or_dimensionless_as_labeled,src/barnabus/analysis.py,service_effects.csv,f33859fef494be6df07ab0f3b77d778e84ea3365daff09d484711c9f7995819f,83b9cec48c0b290e7be9c4626dafc19af4fdfbc2db1f34584f8d4873669964d2,6e98a05f682972c6b753bb0970bd0d8ea40ea481,sensitivity_only,
N-SERVICE-EFFECTS-0019-B_AFTER_MISSING_FRACTION,0.3518987341772152,proportion_or_dimensionless_as_labeled,src/barnabus/analysis.py,service_effects.csv,f33859fef494be6df07ab0f3b77d778e84ea3365daff09d484711c9f7995819f,83b9cec48c0b290e7be9c4626dafc19af4fdfbc2db1f34584f8d4873669964d2,6e98a05f682972c6b753bb0970bd0d8ea40ea481,sensitivity_only,
N-SERVICE-EFFECTS-0019-A_AFTER_N,477,dimensionless,src/barnabus/analysis.py,service_effects.csv,f33859fef494be6df07ab0f3b77d778e84ea3365daff09d484711c9f7995819f,83b9cec48c0b290e7be9c4626dafc19af4fdfbc2db1f34584f8d4873669964d2,6e98a05f682972c6b753bb0970bd0d8ea40ea481,sensitivity_only,
N-SERVICE-EFFECTS-0019-B_AFTER_N,395,dimensionless,src/barnabus/analysis.py,service_effects.csv,f33859fef494be6df07ab0f3b77d778e84ea3365daff09d484711c9f7995819f,83b9cec48c0b290e7be9c4626dafc19af4fdfbc2db1f34584f8d4873669964d2,6e98a05f682972c6b753bb0970bd0d8ea40ea481,sensitivity_only,
N-SERVICE-EFFECTS-0020-EFFECT,5.100518004203785,dimensionless,src/barnabus/analysis.py,service_effects.csv,f33859fef494be6df07ab0f3b77d778e84ea3365daff09d484711c9f7995819f,83b9cec48c0b290e7be9c4626dafc19af4fdfbc2db1f34584f8d4873669964d2,6e98a05f682972c6b753bb0970bd0d8ea40ea481,sensitivity_only,
N-SERVICE-EFFECTS-0020-A_BEFORE,39.179516567460404,dimensionless,src/barnabus/analysis.py,service_effects.csv,f33859fef494be6df07ab0f3b77d778e84ea3365daff09d484711c9f7995819f,83b9cec48c0b290e7be9c4626dafc19af4fdfbc2db1f34584f8d4873669964d2,6e98a05f682972c6b753bb0970bd0d8ea40ea481,sensitivity_only,
N-SERVICE-EFFECTS-0020-A_AFTER,41.638080934257744,dimensionless,src/barnabus/analysis.py,service_effects.csv,f33859fef494be6df07ab0f3b77d778e84ea3365daff09d484711c9f7995819f,83b9cec48c0b290e7be9c4626dafc19af4fdfbc2db1f34584f8d4873669964d2,6e98a05f682972c6b753bb0970bd0d8ea40ea481,sensitivity_only,
N-SERVICE-EFFECTS-0020-B_BEFORE,42.3204541292978,dimensionless,src/barnabus/analysis.py,service_effects.csv,f33859fef494be6df07ab0f3b77d778e84ea3365daff09d484711c9f7995819f,83b9cec48c0b290e7be9c4626dafc19af4fdfbc2db1f34584f8d4873669964d2,6e98a05f682972c6b753bb0970bd0d8ea40ea481,sensitivity_only,
N-SERVICE-EFFECTS-0020-B_AFTER,39.678500491891356,dimensionless,src/barnabus/analysis.py,service_effects.csv,f33859fef494be6df07ab0f3b77d778e84ea3365daff09d484711c9f7995819f,83b9cec48c0b290e7be9c4626dafc19af4fdfbc2db1f34584f8d4873669964d2,6e98a05f682972c6b753bb0970bd0d8ea40ea481,sensitivity_only,
N-SERVICE-EFFECTS-0020-A_AFTER_MISSING_FRACTION,0.4096858638743455,proportion_or_dimensionless_as_labeled,src/barnabus/analysis.py,service_effects.csv,f33859fef494be6df07ab0f3b77d778e84ea3365daff09d484711c9f7995819f,83b9cec48c0b290e7be9c4626dafc19af4fdfbc2db1f34584f8d4873669964d2,6e98a05f682972c6b753bb0970bd0d8ea40ea481,sensitivity_only,
N-SERVICE-EFFECTS-0020-B_AFTER_MISSING_FRACTION,0.3753501400560224,proportion_or_dimensionless_as_labeled,src/barnabus/analysis.py,service_effects.csv,f33859fef494be6df07ab0f3b77d778e84ea3365daff09d484711c9f7995819f,83b9cec48c0b290e7be9c4626dafc19af4fdfbc2db1f34584f8d4873669964d2,6e98a05f682972c6b753bb0970bd0d8ea40ea481,sensitivity_only,
N-SERVICE-EFFECTS-0020-A_AFTER_N,1528,dimensionless,src/barnabus/analysis.py,service_effects.csv,f33859fef494be6df07ab0f3b77d778e84ea3365daff09d484711c9f7995819f,83b9cec48c0b290e7be9c4626dafc19af4fdfbc2db1f34584f8d4873669964d2,6e98a05f682972c6b753bb0970bd0d8ea40ea481,sensitivity_only,
N-SERVICE-EFFECTS-0020-B_AFTER_N,357,dimensionless,src/barnabus/analysis.py,service_effects.csv,f33859fef494be6df07ab0f3b77d778e84ea3365daff09d484711c9f7995819f,83b9cec48c0b290e7be9c4626dafc19af4fdfbc2db1f34584f8d4873669964d2,6e98a05f682972c6b753bb0970bd0d8ea40ea481,sensitivity_only,
N-SERVICE-EFFECTS-0021-EFFECT,15.519064644080345,dimensionless,src/barnabus/analysis.py,service_effects.csv,f33859fef494be6df07ab0f3b77d778e84ea3365daff09d484711c9f7995819f,83b9cec48c0b290e7be9c4626dafc19af4fdfbc2db1f34584f8d4873669964d2,6e98a05f682972c6b753bb0970bd0d8ea40ea481,sensitivity_only,
N-SERVICE-EFFECTS-0021-A_BEFORE,42.612970773177786,dimensionless,src/barnabus/analysis.py,service_effects.csv,f33859fef494be6df07ab0f3b77d778e84ea3365daff09d484711c9f7995819f,83b9cec48c0b290e7be9c4626dafc19af4fdfbc2db1f34584f8d4873669964d2,6e98a05f682972c6b753bb0970bd0d8ea40ea481,sensitivity_only,
N-SERVICE-EFFECTS-0021-A_AFTER,58.821445758052704,dimensionless,src/barnabus/analysis.py,service_effects.csv,f33859fef494be6df07ab0f3b77d778e84ea3365daff09d484711c9f7995819f,83b9cec48c0b290e7be9c4626dafc19af4fdfbc2db1f34584f8d4873669964d2,6e98a05f682972c6b753bb0970bd0d8ea40ea481,sensitivity_only,
N-SERVICE-EFFECTS-0021-B_BEFORE,40.88553763640884,dimensionless,src/barnabus/analysis.py,service_effects.csv,f33859fef494be6df07ab0f3b77d778e84ea3365daff09d484711c9f7995819f,83b9cec48c0b290e7be9c4626dafc19af4fdfbc2db1f34584f8d4873669964d2,6e98a05f682972c6b753bb0970bd0d8ea40ea481,sensitivity_only,
N-SERVICE-EFFECTS-0021-B_AFTER,41.574947977203415,dimensionless,src/barnabus/analysis.py,service_effects.csv,f33859fef494be6df07ab0f3b77d778e84ea3365daff09d484711c9f7995819f,83b9cec48c0b290e7be9c4626dafc19af4fdfbc2db1f34584f8d4873669964d2,6e98a05f682972c6b753bb0970bd0d8ea40ea481,sensitivity_only,
N-SERVICE-EFFECTS-0021-A_AFTER_MISSING_FRACTION,0.595,proportion_or_dimensionless_as_labeled,src/barnabus/analysis.py,service_effects.csv,f33859fef494be6df07ab0f3b77d778e84ea3365daff09d484711c9f7995819f,83b9cec48c0b290e7be9c4626dafc19af4fdfbc2db1f34584f8d4873669964d2,6e98a05f682972c6b753bb0970bd0d8ea40ea481,sensitivity_only,
N-SERVICE-EFFECTS-0021-B_AFTER_MISSING_FRACTION,0.2988826815642458,proportion_or_dimensionless_as_labeled,src/barnabus/analysis.py,service_effects.csv,f33859fef494be6df07ab0f3b77d778e84ea3365daff09d484711c9f7995819f,83b9cec48c0b290e7be9c4626dafc19af4fdfbc2db1f34584f8d4873669964d2,6e98a05f682972c6b753bb0970bd0d8ea40ea481,sensitivity_only,
N-SERVICE-EFFECTS-0021-A_AFTER_N,200,dimensionless,src/barnabus/analysis.py,service_effects.csv,f33859fef494be6df07ab0f3b77d778e84ea3365daff09d484711c9f7995819f,83b9cec48c0b290e7be9c4626dafc19af4fdfbc2db1f34584f8d4873669964d2,6e98a05f682972c6b753bb0970bd0d8ea40ea481,sensitivity_only,
N-SERVICE-EFFECTS-0021-B_AFTER_N,358,dimensionless,src/barnabus/analysis.py,service_effects.csv,f33859fef494be6df07ab0f3b77d778e84ea3365daff09d484711c9f7995819f,83b9cec48c0b290e7be9c4626dafc19af4fdfbc2db1f34584f8d4873669964d2,6e98a05f682972c6b753bb0970bd0d8ea40ea481,sensitivity_only,
N-SERVICE-EFFECTS-0022-EFFECT,1.5432309929729868,dimensionless,src/barnabus/analysis.py,service_effects.csv,f33859fef494be6df07ab0f3b77d778e84ea3365daff09d484711c9f7995819f,83b9cec48c0b290e7be9c4626dafc19af4fdfbc2db1f34584f8d4873669964d2,6e98a05f682972c6b753bb0970bd0d8ea40ea481,sensitivity_only,
N-SERVICE-EFFECTS-0022-A_BEFORE,39.5778083531843,dimensionless,src/barnabus/analysis.py,service_effects.csv,f33859fef494be6df07ab0f3b77d778e84ea3365daff09d484711c9f7995819f,83b9cec48c0b290e7be9c4626dafc19af4fdfbc2db1f34584f8d4873669964d2,6e98a05f682972c6b753bb0970bd0d8ea40ea481,sensitivity_only,
N-SERVICE-EFFECTS-0022-A_AFTER,41.86333143895017,dimensionless,src/barnabus/analysis.py,service_effects.csv,f33859fef494be6df07ab0f3b77d778e84ea3365daff09d484711c9f7995819f,83b9cec48c0b290e7be9c4626dafc19af4fdfbc2db1f34584f8d4873669964d2,6e98a05f682972c6b753bb0970bd0d8ea40ea481,sensitivity_only,
N-SERVICE-EFFECTS-0022-B_BEFORE,41.47561419476054,dimensionless,src/barnabus/analysis.py,service_effects.csv,f33859fef494be6df07ab0f3b77d778e84ea3365daff09d484711c9f7995819f,83b9cec48c0b290e7be9c4626dafc19af4fdfbc2db1f34584f8d4873669964d2,6e98a05f682972c6b753bb0970bd0d8ea40ea481,sensitivity_only,
N-SERVICE-EFFECTS-0022-B_AFTER,42.21790628755342,dimensionless,src/barnabus/analysis.py,service_effects.csv,f33859fef494be6df07ab0f3b77d778e84ea3365daff09d484711c9f7995819f,83b9cec48c0b290e7be9c4626dafc19af4fdfbc2db1f34584f8d4873669964d2,6e98a05f682972c6b753bb0970bd0d8ea40ea481,sensitivity_only,
N-SERVICE-EFFECTS-0022-A_AFTER_MISSING_FRACTION,0.35135135135135137,proportion_or_dimensionless_as_labeled,src/barnabus/analysis.py,service_effects.csv,f33859fef494be6df07ab0f3b77d778e84ea3365daff09d484711c9f7995819f,83b9cec48c0b290e7be9c4626dafc19af4fdfbc2db1f34584f8d4873669964d2,6e98a05f682972c6b753bb0970bd0d8ea40ea481,sensitivity_only,
N-SERVICE-EFFECTS-0022-B_AFTER_MISSING_FRACTION,0.38375350140056025,proportion_or_dimensionless_as_labeled,src/barnabus/analysis.py,service_effects.csv,f33859fef494be6df07ab0f3b77d778e84ea3365daff09d484711c9f7995819f,83b9cec48c0b290e7be9c4626dafc19af4fdfbc2db1f34584f8d4873669964d2,6e98a05f682972c6b753bb0970bd0d8ea40ea481,sensitivity_only,
N-SERVICE-EFFECTS-0022-A_AFTER_N,481,dimensionless,src/barnabus/analysis.py,service_effects.csv,f33859fef494be6df07ab0f3b77d778e84ea3365daff09d484711c9f7995819f,83b9cec48c0b290e7be9c4626dafc19af4fdfbc2db1f34584f8d4873669964d2,6e98a05f682972c6b753bb0970bd0d8ea40ea481,sensitivity_only,
N-SERVICE-EFFECTS-0022-B_AFTER_N,357,dimensionless,src/barnabus/analysis.py,service_effects.csv,f33859fef494be6df07ab0f3b77d778e84ea3365daff09d484711c9f7995819f,83b9cec48c0b290e7be9c4626dafc19af4fdfbc2db1f34584f8d4873669964d2,6e98a05f682972c6b753bb0970bd0d8ea40ea481,sensitivity_only,
N-SERVICE-EFFECTS-0023-EFFECT,7.2375584667459805,dimensionless,src/barnabus/analysis.py,service_effects.csv,f33859fef494be6df07ab0f3b77d778e84ea3365daff09d484711c9f7995819f,83b9cec48c0b290e7be9c4626dafc19af4fdfbc2db1f34584f8d4873669964d2,6e98a05f682972c6b753bb0970bd0d8ea40ea481,sensitivity_only,
N-SERVICE-EFFECTS-0023-A_BEFORE,40.93848376143424,dimensionless,src/barnabus/analysis.py,service_effects.csv,f33859fef494be6df07ab0f3b77d778e84ea3365daff09d484711c9f7995819f,83b9cec48c0b290e7be9c4626dafc19af4fdfbc2db1f34584f8d4873669964d2,6e98a05f682972c6b753bb0970bd0d8ea40ea481,sensitivity_only,
N-SERVICE-EFFECTS-0023-A_AFTER,43.773296006162475,dimensionless,src/barnabus/analysis.py,service_effects.csv,f33859fef494be6df07ab0f3b77d778e84ea3365daff09d484711c9f7995819f,83b9cec48c0b290e7be9c4626dafc19af4fdfbc2db1f34584f8d4873669964d2,6e98a05f682972c6b753bb0970bd0d8ea40ea481,sensitivity_only,
N-SERVICE-EFFECTS-0023-B_BEFORE,45.56439924312292,dimensionless,src/barnabus/analysis.py,service_effects.csv,f33859fef494be6df07ab0f3b77d778e84ea3365daff09d484711c9f7995819f,83b9cec48c0b290e7be9c4626dafc19af4fdfbc2db1f34584f8d4873669964d2,6e98a05f682972c6b753bb0970bd0d8ea40ea481,sensitivity_only,
N-SERVICE-EFFECTS-0023-B_AFTER,41.161653021105174,dimensionless,src/barnabus/analysis.py,service_effects.csv,f33859fef494be6df07ab0f3b77d778e84ea3365daff09d484711c9f7995819f,83b9cec48c0b290e7be9c4626dafc19af4fdfbc2db1f34584f8d4873669964d2,6e98a05f682972c6b753bb0970bd0d8ea40ea481,sensitivity_only,
N-SERVICE-EFFECTS-0023-A_AFTER_MISSING_FRACTION,0.36086956521739133,proportion_or_dimensionless_as_labeled,src/barnabus/analysis.py,service_effects.csv,f33859fef494be6df07ab0f3b77d778e84ea3365daff09d484711c9f7995819f,83b9cec48c0b290e7be9c4626dafc19af4fdfbc2db1f34584f8d4873669964d2,6e98a05f682972c6b753bb0970bd0d8ea40ea481,sensitivity_only,
N-SERVICE-EFFECTS-0023-B_AFTER_MISSING_FRACTION,0.37866666666666665,proportion_or_dimensionless_as_labeled,src/barnabus/analysis.py,service_effects.csv,f33859fef494be6df07ab0f3b77d778e84ea3365daff09d484711c9f7995819f,83b9cec48c0b290e7be9c4626dafc19af4fdfbc2db1f34584f8d4873669964d2,6e98a05f682972c6b753bb0970bd0d8ea40ea481,sensitivity_only,
N-SERVICE-EFFECTS-0023-A_AFTER_N,460,dimensionless,src/barnabus/analysis.py,service_effects.csv,f33859fef494be6df07ab0f3b77d778e84ea3365daff09d484711c9f7995819f,83b9cec48c0b290e7be9c4626dafc19af4fdfbc2db1f34584f8d4873669964d2,6e98a05f682972c6b753bb0970bd0d8ea40ea481,sensitivity_only,
N-SERVICE-EFFECTS-0023-B_AFTER_N,375,dimensionless,src/barnabus/analysis.py,service_effects.csv,f33859fef494be6df07ab0f3b77d778e84ea3365daff09d484711c9f7995819f,83b9cec48c0b290e7be9c4626dafc19af4fdfbc2db1f34584f8d4873669964d2,6e98a05f682972c6b753bb0970bd0d8ea40ea481,sensitivity_only,
N-SERVICE-EFFECTS-0024-EFFECT,22.071752564254346,dimensionless,src/barnabus/analysis.py,service_effects.csv,f33859fef494be6df07ab0f3b77d778e84ea3365daff09d484711c9f7995819f,83b9cec48c0b290e7be9c4626dafc19af4fdfbc2db1f34584f8d4873669964d2,6e98a05f682972c6b753bb0970bd0d8ea40ea481,sensitivity_only,
N-SERVICE-EFFECTS-0024-A_BEFORE,42.61607720956474,dimensionless,src/barnabus/analysis.py,service_effects.csv,f33859fef494be6df07ab0f3b77d778e84ea3365daff09d484711c9f7995819f,83b9cec48c0b290e7be9c4626dafc19af4fdfbc2db1f34584f8d4873669964d2,6e98a05f682972c6b753bb0970bd0d8ea40ea481,sensitivity_only,
N-SERVICE-EFFECTS-0024-A_AFTER,60.51434421867647,dimensionless,src/barnabus/analysis.py,service_effects.csv,f33859fef494be6df07ab0f3b77d778e84ea3365daff09d484711c9f7995819f,83b9cec48c0b290e7be9c4626dafc19af4fdfbc2db1f34584f8d4873669964d2,6e98a05f682972c6b753bb0970bd0d8ea40ea481,sensitivity_only,
N-SERVICE-EFFECTS-0024-B_BEFORE,39.767758480844364,dimensionless,src/barnabus/analysis.py,service_effects.csv,f33859fef494be6df07ab0f3b77d778e84ea3365daff09d484711c9f7995819f,83b9cec48c0b290e7be9c4626dafc19af4fdfbc2db1f34584f8d4873669964d2,6e98a05f682972c6b753bb0970bd0d8ea40ea481,sensitivity_only,
N-SERVICE-EFFECTS-0024-B_AFTER,35.594272925701745,dimensionless,src/barnabus/analysis.py,service_effects.csv,f33859fef494be6df07ab0f3b77d778e84ea3365daff09d484711c9f7995819f,83b9cec48c0b290e7be9c4626dafc19af4fdfbc2db1f34584f8d4873669964d2,6e98a05f682972c6b753bb0970bd0d8ea40ea481,sensitivity_only,
N-SERVICE-EFFECTS-0024-A_AFTER_MISSING_FRACTION,0.5969387755102041,proportion_or_dimensionless_as_labeled,src/barnabus/analysis.py,service_effects.csv,f33859fef494be6df07ab0f3b77d778e84ea3365daff09d484711c9f7995819f,83b9cec48c0b290e7be9c4626dafc19af4fdfbc2db1f34584f8d4873669964d2,6e98a05f682972c6b753bb0970bd0d8ea40ea481,sensitivity_only,
N-SERVICE-EFFECTS-0024-B_AFTER_MISSING_FRACTION,0.3474576271186441,proportion_or_dimensionless_as_labeled,src/barnabus/analysis.py,service_effects.csv,f33859fef494be6df07ab0f3b77d778e84ea3365daff09d484711c9f7995819f,83b9cec48c0b290e7be9c4626dafc19af4fdfbc2db1f34584f8d4873669964d2,6e98a05f682972c6b753bb0970bd0d8ea40ea481,sensitivity_only,
N-SERVICE-EFFECTS-0024-A_AFTER_N,196,dimensionless,src/barnabus/analysis.py,service_effects.csv,f33859fef494be6df07ab0f3b77d778e84ea3365daff09d484711c9f7995819f,83b9cec48c0b290e7be9c4626dafc19af4fdfbc2db1f34584f8d4873669964d2,6e98a05f682972c6b753bb0970bd0d8ea40ea481,sensitivity_only,
N-SERVICE-EFFECTS-0024-B_AFTER_N,354,dimensionless,src/barnabus/analysis.py,service_effects.csv,f33859fef494be6df07ab0f3b77d778e84ea3365daff09d484711c9f7995819f,83b9cec48c0b290e7be9c4626dafc19af4fdfbc2db1f34584f8d4873669964d2,6e98a05f682972c6b753bb0970bd0d8ea40ea481,sensitivity_only,
N-SYNTHETIC-WEIGHTS-0001-WEIGHT,0.0044749451102661575,dimensionless,src/barnabus/analysis.py,synthetic_weights.csv,f33859fef494be6df07ab0f3b77d778e84ea3365daff09d484711c9f7995819f,83b9cec48c0b290e7be9c4626dafc19af4fdfbc2db1f34584f8d4873669964d2,6e98a05f682972c6b753bb0970bd0d8ea40ea481,assumed_sensitivity_only,
N-SYNTHETIC-WEIGHTS-0002-WEIGHT,0.07985387416255488,dimensionless,src/barnabus/analysis.py,synthetic_weights.csv,f33859fef494be6df07ab0f3b77d778e84ea3365daff09d484711c9f7995819f,83b9cec48c0b290e7be9c4626dafc19af4fdfbc2db1f34584f8d4873669964d2,6e98a05f682972c6b753bb0970bd0d8ea40ea481,assumed_sensitivity_only,
N-SYNTHETIC-WEIGHTS-0003-WEIGHT,0.16621284853371276,dimensionless,src/barnabus/analysis.py,synthetic_weights.csv,f33859fef494be6df07ab0f3b77d778e84ea3365daff09d484711c9f7995819f,83b9cec48c0b290e7be9c4626dafc19af4fdfbc2db1f34584f8d4873669964d2,6e98a05f682972c6b753bb0970bd0d8ea40ea481,assumed_sensitivity_only,
N-SYNTHETIC-WEIGHTS-0004-WEIGHT,0.09277453664965875,dimensionless,src/barnabus/analysis.py,synthetic_weights.csv,f33859fef494be6df07ab0f3b77d778e84ea3365daff09d484711c9f7995819f,83b9cec48c0b290e7be9c4626dafc19af4fdfbc2db1f34584f8d4873669964d2,6e98a05f682972c6b753bb0970bd0d8ea40ea481,assumed_sensitivity_only,
N-SYNTHETIC-WEIGHTS-0005-WEIGHT,0.02847594981935561,dimensionless,src/barnabus/analysis.py,synthetic_weights.csv,f33859fef494be6df07ab0f3b77d778e84ea3365daff09d484711c9f7995819f,83b9cec48c0b290e7be9c4626dafc19af4fdfbc2db1f34584f8d4873669964d2,6e98a05f682972c6b753bb0970bd0d8ea40ea481,assumed_sensitivity_only,
N-SYNTHETIC-WEIGHTS-0006-WEIGHT,0.07104257032096328,dimensionless,src/barnabus/analysis.py,synthetic_weights.csv,f33859fef494be6df07ab0f3b77d778e84ea3365daff09d484711c9f7995819f,83b9cec48c0b290e7be9c4626dafc19af4fdfbc2db1f34584f8d4873669964d2,6e98a05f682972c6b753bb0970bd0d8ea40ea481,assumed_sensitivity_only,
N-SYNTHETIC-WEIGHTS-0007-WEIGHT,0.1756420705528611,dimensionless,src/barnabus/analysis.py,synthetic_weights.csv,f33859fef494be6df07ab0f3b77d778e84ea3365daff09d484711c9f7995819f,83b9cec48c0b290e7be9c4626dafc19af4fdfbc2db1f34584f8d4873669964d2,6e98a05f682972c6b753bb0970bd0d8ea40ea481,assumed_sensitivity_only,
N-SYNTHETIC-WEIGHTS-0008-WEIGHT,0.0,dimensionless,src/barnabus/analysis.py,synthetic_weights.csv,f33859fef494be6df07ab0f3b77d778e84ea3365daff09d484711c9f7995819f,83b9cec48c0b290e7be9c4626dafc19af4fdfbc2db1f34584f8d4873669964d2,6e98a05f682972c6b753bb0970bd0d8ea40ea481,assumed_sensitivity_only,
N-SYNTHETIC-WEIGHTS-0009-WEIGHT,0.10778216785282402,dimensionless,src/barnabus/analysis.py,synthetic_weights.csv,f33859fef494be6df07ab0f3b77d778e84ea3365daff09d484711c9f7995819f,83b9cec48c0b290e7be9c4626dafc19af4fdfbc2db1f34584f8d4873669964d2,6e98a05f682972c6b753bb0970bd0d8ea40ea481,assumed_sensitivity_only,
N-SYNTHETIC-WEIGHTS-0010-WEIGHT,0.02892693884594585,dimensionless,src/barnabus/analysis.py,synthetic_weights.csv,f33859fef494be6df07ab0f3b77d778e84ea3365daff09d484711c9f7995819f,83b9cec48c0b290e7be9c4626dafc19af4fdfbc2db1f34584f8d4873669964d2,6e98a05f682972c6b753bb0970bd0d8ea40ea481,assumed_sensitivity_only,
N-SYNTHETIC-WEIGHTS-0011-WEIGHT,0.1464359110928177,dimensionless,src/barnabus/analysis.py,synthetic_weights.csv,f33859fef494be6df07ab0f3b77d778e84ea3365daff09d484711c9f7995819f,83b9cec48c0b290e7be9c4626dafc19af4fdfbc2db1f34584f8d4873669964d2,6e98a05f682972c6b753bb0970bd0d8ea40ea481,assumed_sensitivity_only,
N-SYNTHETIC-WEIGHTS-0012-WEIGHT,0.09837818705903993,dimensionless,src/barnabus/analysis.py,synthetic_weights.csv,f33859fef494be6df07ab0f3b77d778e84ea3365daff09d484711c9f7995819f,83b9cec48c0b290e7be9c4626dafc19af4fdfbc2db1f34584f8d4873669964d2,6e98a05f682972c6b753bb0970bd0d8ea40ea481,assumed_sensitivity_only,
N-SYNTHETIC-WEIGHTS-0013-WEIGHT,0.22212017884577148,dimensionless,src/barnabus/analysis.py,synthetic_weights.csv,f33859fef494be6df07ab0f3b77d778e84ea3365daff09d484711c9f7995819f,83b9cec48c0b290e7be9c4626dafc19af4fdfbc2db1f34584f8d4873669964d2,6e98a05f682972c6b753bb0970bd0d8ea40ea481,assumed_sensitivity_only,
N-SYNTHETIC-WEIGHTS-0014-WEIGHT,0.08789829711445432,dimensionless,src/barnabus/analysis.py,synthetic_weights.csv,f33859fef494be6df07ab0f3b77d778e84ea3365daff09d484711c9f7995819f,83b9cec48c0b290e7be9c4626dafc19af4fdfbc2db1f34584f8d4873669964d2,6e98a05f682972c6b753bb0970bd0d8ea40ea481,assumed_sensitivity_only,
N-SYNTHETIC-WEIGHTS-0015-WEIGHT,0.14187398952301544,dimensionless,src/barnabus/analysis.py,synthetic_weights.csv,f33859fef494be6df07ab0f3b77d778e84ea3365daff09d484711c9f7995819f,83b9cec48c0b290e7be9c4626dafc19af4fdfbc2db1f34584f8d4873669964d2,6e98a05f682972c6b753bb0970bd0d8ea40ea481,assumed_sensitivity_only,
N-SYNTHETIC-WEIGHTS-0016-WEIGHT,0.08353917027593681,dimensionless,src/barnabus/analysis.py,synthetic_weights.csv,f33859fef494be6df07ab0f3b77d778e84ea3365daff09d484711c9f7995819f,83b9cec48c0b290e7be9c4626dafc19af4fdfbc2db1f34584f8d4873669964d2,6e98a05f682972c6b753bb0970bd0d8ea40ea481,assumed_sensitivity_only,
N-SYNTHETIC-WEIGHTS-0017-WEIGHT,0.03540983721255738,dimensionless,src/barnabus/analysis.py,synthetic_weights.csv,f33859fef494be6df07ab0f3b77d778e84ea3365daff09d484711c9f7995819f,83b9cec48c0b290e7be9c4626dafc19af4fdfbc2db1f34584f8d4873669964d2,6e98a05f682972c6b753bb0970bd0d8ea40ea481,assumed_sensitivity_only,
N-SYNTHETIC-WEIGHTS-0018-WEIGHT,0.0,dimensionless,src/barnabus/analysis.py,synthetic_weights.csv,f33859fef494be6df07ab0f3b77d778e84ea3365daff09d484711c9f7995819f,83b9cec48c0b290e7be9c4626dafc19af4fdfbc2db1f34584f8d4873669964d2,6e98a05f682972c6b753bb0970bd0d8ea40ea481,assumed_sensitivity_only,
N-SYNTHETIC-WEIGHTS-0019-WEIGHT,0.16257077763821712,dimensionless,src/barnabus/analysis.py,synthetic_weights.csv,f33859fef494be6df07ab0f3b77d778e84ea3365daff09d484711c9f7995819f,83b9cec48c0b290e7be9c4626dafc19af4fdfbc2db1f34584f8d4873669964d2,6e98a05f682972c6b753bb0970bd0d8ea40ea481,assumed_sensitivity_only,
N-SYNTHETIC-WEIGHTS-0020-WEIGHT,0.09683883949052242,dimensionless,src/barnabus/analysis.py,synthetic_weights.csv,f33859fef494be6df07ab0f3b77d778e84ea3365daff09d484711c9f7995819f,83b9cec48c0b290e7be9c4626dafc19af4fdfbc2db1f34584f8d4873669964d2,6e98a05f682972c6b753bb0970bd0d8ea40ea481,assumed_sensitivity_only,
N-SYNTHETIC-WEIGHTS-0021-WEIGHT,0.07274246306251532,dimensionless,src/barnabus/analysis.py,synthetic_weights.csv,f33859fef494be6df07ab0f3b77d778e84ea3365daff09d484711c9f7995819f,83b9cec48c0b290e7be9c4626dafc19af4fdfbc2db1f34584f8d4873669964d2,6e98a05f682972c6b753bb0970bd0d8ea40ea481,assumed_sensitivity_only,
N-SYNTHETIC-WEIGHTS-0022-WEIGHT,0.0,dimensionless,src/barnabus/analysis.py,synthetic_weights.csv,f33859fef494be6df07ab0f3b77d778e84ea3365daff09d484711c9f7995819f,83b9cec48c0b290e7be9c4626dafc19af4fdfbc2db1f34584f8d4873669964d2,6e98a05f682972c6b753bb0970bd0d8ea40ea481,assumed_sensitivity_only,
N-SYNTHETIC-WEIGHTS-0023-WEIGHT,0.0,dimensionless,src/barnabus/analysis.py,synthetic_weights.csv,f33859fef494be6df07ab0f3b77d778e84ea3365daff09d484711c9f7995819f,83b9cec48c0b290e7be9c4626dafc19af4fdfbc2db1f34584f8d4873669964d2,6e98a05f682972c6b753bb0970bd0d8ea40ea481,assumed_sensitivity_only,
N-SYNTHETIC-WEIGHTS-0024-WEIGHT,0.09700644683700968,dimensionless,src/barnabus/analysis.py,synthetic_weights.csv,f33859fef494be6df07ab0f3b77d778e84ea3365daff09d484711c9f7995819f,83b9cec48c0b290e7be9c4626dafc19af4fdfbc2db1f34584f8d4873669964d2,6e98a05f682972c6b753bb0970bd0d8ea40ea481,assumed_sensitivity_only,
N-MISSINGNESS-SCENARIOS-0001-TREATED_MULTIPLIER,0.5,dimensionless,src/barnabus/analysis.py,missingness_scenarios.csv,f33859fef494be6df07ab0f3b77d778e84ea3365daff09d484711c9f7995819f,83b9cec48c0b290e7be9c4626dafc19af4fdfbc2db1f34584f8d4873669964d2,6e98a05f682972c6b753bb0970bd0d8ea40ea481,imputed_sensitivity_only,
N-MISSINGNESS-SCENARIOS-0001-CONTROL_MULTIPLIER,0.5,dimensionless,src/barnabus/analysis.py,missingness_scenarios.csv,f33859fef494be6df07ab0f3b77d778e84ea3365daff09d484711c9f7995819f,83b9cec48c0b290e7be9c4626dafc19af4fdfbc2db1f34584f8d4873669964d2,6e98a05f682972c6b753bb0970bd0d8ea40ea481,imputed_sensitivity_only,
N-MISSINGNESS-SCENARIOS-0001-ESTIMATE,0.0047126740818498915,proportion_or_dimensionless_as_labeled,src/barnabus/analysis.py,missingness_scenarios.csv,f33859fef494be6df07ab0f3b77d778e84ea3365daff09d484711c9f7995819f,83b9cec48c0b290e7be9c4626dafc19af4fdfbc2db1f34584f8d4873669964d2,6e98a05f682972c6b753bb0970bd0d8ea40ea481,imputed_sensitivity_only,
N-MISSINGNESS-SCENARIOS-0002-TREATED_MULTIPLIER,0.5,dimensionless,src/barnabus/analysis.py,missingness_scenarios.csv,f33859fef494be6df07ab0f3b77d778e84ea3365daff09d484711c9f7995819f,83b9cec48c0b290e7be9c4626dafc19af4fdfbc2db1f34584f8d4873669964d2,6e98a05f682972c6b753bb0970bd0d8ea40ea481,imputed_sensitivity_only,
N-MISSINGNESS-SCENARIOS-0002-CONTROL_MULTIPLIER,2.0,dimensionless,src/barnabus/analysis.py,missingness_scenarios.csv,f33859fef494be6df07ab0f3b77d778e84ea3365daff09d484711c9f7995819f,83b9cec48c0b290e7be9c4626dafc19af4fdfbc2db1f34584f8d4873669964d2,6e98a05f682972c6b753bb0970bd0d8ea40ea481,imputed_sensitivity_only,
N-MISSINGNESS-SCENARIOS-0002-ESTIMATE,-0.016469053069534653,proportion_or_dimensionless_as_labeled,src/barnabus/analysis.py,missingness_scenarios.csv,f33859fef494be6df07ab0f3b77d778e84ea3365daff09d484711c9f7995819f,83b9cec48c0b290e7be9c4626dafc19af4fdfbc2db1f34584f8d4873669964d2,6e98a05f682972c6b753bb0970bd0d8ea40ea481,imputed_sensitivity_only,
N-MISSINGNESS-SCENARIOS-0003-TREATED_MULTIPLIER,2.0,dimensionless,src/barnabus/analysis.py,missingness_scenarios.csv,f33859fef494be6df07ab0f3b77d778e84ea3365daff09d484711c9f7995819f,83b9cec48c0b290e7be9c4626dafc19af4fdfbc2db1f34584f8d4873669964d2,6e98a05f682972c6b753bb0970bd0d8ea40ea481,imputed_sensitivity_only,
N-MISSINGNESS-SCENARIOS-0003-CONTROL_MULTIPLIER,0.5,dimensionless,src/barnabus/analysis.py,missingness_scenarios.csv,f33859fef494be6df07ab0f3b77d778e84ea3365daff09d484711c9f7995819f,83b9cec48c0b290e7be9c4626dafc19af4fdfbc2db1f34584f8d4873669964d2,6e98a05f682972c6b753bb0970bd0d8ea40ea481,imputed_sensitivity_only,
N-MISSINGNESS-SCENARIOS-0003-ESTIMATE,0.024456165542358743,proportion_or_dimensionless_as_labeled,src/barnabus/analysis.py,missingness_scenarios.csv,f33859fef494be6df07ab0f3b77d778e84ea3365daff09d484711c9f7995819f,83b9cec48c0b290e7be9c4626dafc19af4fdfbc2db1f34584f8d4873669964d2,6e98a05f682972c6b753bb0970bd0d8ea40ea481,imputed_sensitivity_only,
N-MISSINGNESS-SCENARIOS-0004-TREATED_MULTIPLIER,0.75,dimensionless,src/barnabus/analysis.py,missingness_scenarios.csv,f33859fef494be6df07ab0f3b77d778e84ea3365daff09d484711c9f7995819f,83b9cec48c0b290e7be9c4626dafc19af4fdfbc2db1f34584f8d4873669964d2,6e98a05f682972c6b753bb0970bd0d8ea40ea481,imputed_sensitivity_only,
N-MISSINGNESS-SCENARIOS-0004-CONTROL_MULTIPLIER,0.75,dimensionless,src/barnabus/analysis.py,missingness_scenarios.csv,f33859fef494be6df07ab0f3b77d778e84ea3365daff09d484711c9f7995819f,83b9cec48c0b290e7be9c4626dafc19af4fdfbc2db1f34584f8d4873669964d2,6e98a05f682972c6b753bb0970bd0d8ea40ea481,imputed_sensitivity_only,
N-MISSINGNESS-SCENARIOS-0004-ESTIMATE,0.004416303088195176,proportion_or_dimensionless_as_labeled,src/barnabus/analysis.py,missingness_scenarios.csv,f33859fef494be6df07ab0f3b77d778e84ea3365daff09d484711c9f7995819f,83b9cec48c0b290e7be9c4626dafc19af4fdfbc2db1f34584f8d4873669964d2,6e98a05f682972c6b753bb0970bd0d8ea40ea481,imputed_sensitivity_only,
N-MISSINGNESS-SCENARIOS-0005-TREATED_MULTIPLIER,0.75,dimensionless,src/barnabus/analysis.py,missingness_scenarios.csv,f33859fef494be6df07ab0f3b77d778e84ea3365daff09d484711c9f7995819f,83b9cec48c0b290e7be9c4626dafc19af4fdfbc2db1f34584f8d4873669964d2,6e98a05f682972c6b753bb0970bd0d8ea40ea481,imputed_sensitivity_only,
N-MISSINGNESS-SCENARIOS-0005-CONTROL_MULTIPLIER,1.3333333333333333,dimensionless,src/barnabus/analysis.py,missingness_scenarios.csv,f33859fef494be6df07ab0f3b77d778e84ea3365daff09d484711c9f7995819f,83b9cec48c0b290e7be9c4626dafc19af4fdfbc2db1f34584f8d4873669964d2,6e98a05f682972c6b753bb0970bd0d8ea40ea481,imputed_sensitivity_only,
N-MISSINGNESS-SCENARIOS-0005-ESTIMATE,-0.004137446357470447,proportion_or_dimensionless_as_labeled,src/barnabus/analysis.py,missingness_scenarios.csv,f33859fef494be6df07ab0f3b77d778e84ea3365daff09d484711c9f7995819f,83b9cec48c0b290e7be9c4626dafc19af4fdfbc2db1f34584f8d4873669964d2,6e98a05f682972c6b753bb0970bd0d8ea40ea481,imputed_sensitivity_only,
N-MISSINGNESS-SCENARIOS-0006-TREATED_MULTIPLIER,1.3333333333333333,dimensionless,src/barnabus/analysis.py,missingness_scenarios.csv,f33859fef494be6df07ab0f3b77d778e84ea3365daff09d484711c9f7995819f,83b9cec48c0b290e7be9c4626dafc19af4fdfbc2db1f34584f8d4873669964d2,6e98a05f682972c6b753bb0970bd0d8ea40ea481,imputed_sensitivity_only,
N-MISSINGNESS-SCENARIOS-0006-CONTROL_MULTIPLIER,0.75,dimensionless,src/barnabus/analysis.py,missingness_scenarios.csv,f33859fef494be6df07ab0f3b77d778e84ea3365daff09d484711c9f7995819f,83b9cec48c0b290e7be9c4626dafc19af4fdfbc2db1f34584f8d4873669964d2,6e98a05f682972c6b753bb0970bd0d8ea40ea481,imputed_sensitivity_only,
N-MISSINGNESS-SCENARIOS-0006-ESTIMATE,0.012379674934970655,proportion_or_dimensionless_as_labeled,src/barnabus/analysis.py,missingness_scenarios.csv,f33859fef494be6df07ab0f3b77d778e84ea3365daff09d484711c9f7995819f,83b9cec48c0b290e7be9c4626dafc19af4fdfbc2db1f34584f8d4873669964d2,6e98a05f682972c6b753bb0970bd0d8ea40ea481,imputed_sensitivity_only,
N-MISSINGNESS-SCENARIOS-0007-TREATED_MULTIPLIER,1.5,dimensionless,src/barnabus/analysis.py,missingness_scenarios.csv,f33859fef494be6df07ab0f3b77d778e84ea3365daff09d484711c9f7995819f,83b9cec48c0b290e7be9c4626dafc19af4fdfbc2db1f34584f8d4873669964d2,6e98a05f682972c6b753bb0970bd0d8ea40ea481,imputed_sensitivity_only,
N-MISSINGNESS-SCENARIOS-0007-CONTROL_MULTIPLIER,1.5,dimensionless,src/barnabus/analysis.py,missingness_scenarios.csv,f33859fef494be6df07ab0f3b77d778e84ea3365daff09d484711c9f7995819f,83b9cec48c0b290e7be9c4626dafc19af4fdfbc2db1f34584f8d4873669964d2,6e98a05f682972c6b753bb0970bd0d8ea40ea481,imputed_sensitivity_only,
N-MISSINGNESS-SCENARIOS-0007-ESTIMATE,0.0036777264496911017,proportion_or_dimensionless_as_labeled,src/barnabus/analysis.py,missingness_scenarios.csv,f33859fef494be6df07ab0f3b77d778e84ea3365daff09d484711c9f7995819f,83b9cec48c0b290e7be9c4626dafc19af4fdfbc2db1f34584f8d4873669964d2,6e98a05f682972c6b753bb0970bd0d8ea40ea481,imputed_sensitivity_only,
N-MISSINGNESS-SCENARIOS-0008-TREATED_MULTIPLIER,1.5,dimensionless,src/barnabus/analysis.py,missingness_scenarios.csv,f33859fef494be6df07ab0f3b77d778e84ea3365daff09d484711c9f7995819f,83b9cec48c0b290e7be9c4626dafc19af4fdfbc2db1f34584f8d4873669964d2,6e98a05f682972c6b753bb0970bd0d8ea40ea481,imputed_sensitivity_only,
N-MISSINGNESS-SCENARIOS-0008-CONTROL_MULTIPLIER,0.6666666666666666,dimensionless,src/barnabus/analysis.py,missingness_scenarios.csv,f33859fef494be6df07ab0f3b77d778e84ea3365daff09d484711c9f7995819f,83b9cec48c0b290e7be9c4626dafc19af4fdfbc2db1f34584f8d4873669964d2,6e98a05f682972c6b753bb0970bd0d8ea40ea481,imputed_sensitivity_only,
N-MISSINGNESS-SCENARIOS-0008-ESTIMATE,0.01580385651752986,proportion_or_dimensionless_as_labeled,src/barnabus/analysis.py,missingness_scenarios.csv,f33859fef494be6df07ab0f3b77d778e84ea3365daff09d484711c9f7995819f,83b9cec48c0b290e7be9c4626dafc19af4fdfbc2db1f34584f8d4873669964d2,6e98a05f682972c6b753bb0970bd0d8ea40ea481,imputed_sensitivity_only,
N-MISSINGNESS-SCENARIOS-0009-TREATED_MULTIPLIER,0.6666666666666666,dimensionless,src/barnabus/analysis.py,missingness_scenarios.csv,f33859fef494be6df07ab0f3b77d778e84ea3365daff09d484711c9f7995819f,83b9cec48c0b290e7be9c4626dafc19af4fdfbc2db1f34584f8d4873669964d2,6e98a05f682972c6b753bb0970bd0d8ea40ea481,imputed_sensitivity_only,
N-MISSINGNESS-SCENARIOS-0009-CONTROL_MULTIPLIER,1.5,dimensionless,src/barnabus/analysis.py,missingness_scenarios.csv,f33859fef494be6df07ab0f3b77d778e84ea3365daff09d484711c9f7995819f,83b9cec48c0b290e7be9c4626dafc19af4fdfbc2db1f34584f8d4873669964d2,6e98a05f682972c6b753bb0970bd0d8ea40ea481,imputed_sensitivity_only,
N-MISSINGNESS-SCENARIOS-0009-ESTIMATE,-0.00761441837858808,proportion_or_dimensionless_as_labeled,src/barnabus/analysis.py,missingness_scenarios.csv,f33859fef494be6df07ab0f3b77d778e84ea3365daff09d484711c9f7995819f,83b9cec48c0b290e7be9c4626dafc19af4fdfbc2db1f34584f8d4873669964d2,6e98a05f682972c6b753bb0970bd0d8ea40ea481,imputed_sensitivity_only,
N-MISSINGNESS-SCENARIOS-0010-TREATED_MULTIPLIER,2.0,dimensionless,src/barnabus/analysis.py,missingness_scenarios.csv,f33859fef494be6df07ab0f3b77d778e84ea3365daff09d484711c9f7995819f,83b9cec48c0b290e7be9c4626dafc19af4fdfbc2db1f34584f8d4873669964d2,6e98a05f682972c6b753bb0970bd0d8ea40ea481,imputed_sensitivity_only,
N-MISSINGNESS-SCENARIOS-0010-CONTROL_MULTIPLIER,2.0,dimensionless,src/barnabus/analysis.py,missingness_scenarios.csv,f33859fef494be6df07ab0f3b77d778e84ea3365daff09d484711c9f7995819f,83b9cec48c0b290e7be9c4626dafc19af4fdfbc2db1f34584f8d4873669964d2,6e98a05f682972c6b753bb0970bd0d8ea40ea481,imputed_sensitivity_only,
N-MISSINGNESS-SCENARIOS-0010-ESTIMATE,0.0032744383909742002,proportion_or_dimensionless_as_labeled,src/barnabus/analysis.py,missingness_scenarios.csv,f33859fef494be6df07ab0f3b77d778e84ea3365daff09d484711c9f7995819f,83b9cec48c0b290e7be9c4626dafc19af4fdfbc2db1f34584f8d4873669964d2,6e98a05f682972c6b753bb0970bd0d8ea40ea481,imputed_sensitivity_only,
N-MISSINGNESS-SCENARIOS-0011-TREATED_MULTIPLIER,2.0,dimensionless,src/barnabus/analysis.py,missingness_scenarios.csv,f33859fef494be6df07ab0f3b77d778e84ea3365daff09d484711c9f7995819f,83b9cec48c0b290e7be9c4626dafc19af4fdfbc2db1f34584f8d4873669964d2,6e98a05f682972c6b753bb0970bd0d8ea40ea481,imputed_sensitivity_only,
N-MISSINGNESS-SCENARIOS-0011-CONTROL_MULTIPLIER,0.5,dimensionless,src/barnabus/analysis.py,missingness_scenarios.csv,f33859fef494be6df07ab0f3b77d778e84ea3365daff09d484711c9f7995819f,83b9cec48c0b290e7be9c4626dafc19af4fdfbc2db1f34584f8d4873669964d2,6e98a05f682972c6b753bb0970bd0d8ea40ea481,imputed_sensitivity_only,
N-MISSINGNESS-SCENARIOS-0011-ESTIMATE,0.024456165542358743,proportion_or_dimensionless_as_labeled,src/barnabus/analysis.py,missingness_scenarios.csv,f33859fef494be6df07ab0f3b77d778e84ea3365daff09d484711c9f7995819f,83b9cec48c0b290e7be9c4626dafc19af4fdfbc2db1f34584f8d4873669964d2,6e98a05f682972c6b753bb0970bd0d8ea40ea481,imputed_sensitivity_only,
N-MISSINGNESS-SCENARIOS-0012-TREATED_MULTIPLIER,0.5,dimensionless,src/barnabus/analysis.py,missingness_scenarios.csv,f33859fef494be6df07ab0f3b77d778e84ea3365daff09d484711c9f7995819f,83b9cec48c0b290e7be9c4626dafc19af4fdfbc2db1f34584f8d4873669964d2,6e98a05f682972c6b753bb0970bd0d8ea40ea481,imputed_sensitivity_only,
N-MISSINGNESS-SCENARIOS-0012-CONTROL_MULTIPLIER,2.0,dimensionless,src/barnabus/analysis.py,missingness_scenarios.csv,f33859fef494be6df07ab0f3b77d778e84ea3365daff09d484711c9f7995819f,83b9cec48c0b290e7be9c4626dafc19af4fdfbc2db1f34584f8d4873669964d2,6e98a05f682972c6b753bb0970bd0d8ea40ea481,imputed_sensitivity_only,
N-MISSINGNESS-SCENARIOS-0012-ESTIMATE,-0.016469053069534653,proportion_or_dimensionless_as_labeled,src/barnabus/analysis.py,missingness_scenarios.csv,f33859fef494be6df07ab0f3b77d778e84ea3365daff09d484711c9f7995819f,83b9cec48c0b290e7be9c4626dafc19af4fdfbc2db1f34584f8d4873669964d2,6e98a05f682972c6b753bb0970bd0d8ea40ea481,imputed_sensitivity_only,
N-MISSINGNESS-SCENARIOS-0013-TREATED_MULTIPLIER,1.0,dimensionless,src/barnabus/analysis.py,missingness_scenarios.csv,f33859fef494be6df07ab0f3b77d778e84ea3365daff09d484711c9f7995819f,83b9cec48c0b290e7be9c4626dafc19af4fdfbc2db1f34584f8d4873669964d2,6e98a05f682972c6b753bb0970bd0d8ea40ea481,imputed_sensitivity_only,
N-MISSINGNESS-SCENARIOS-0013-CONTROL_MULTIPLIER,0.25,dimensionless,src/barnabus/analysis.py,missingness_scenarios.csv,f33859fef494be6df07ab0f3b77d778e84ea3365daff09d484711c9f7995819f,83b9cec48c0b290e7be9c4626dafc19af4fdfbc2db1f34584f8d4873669964d2,6e98a05f682972c6b753bb0970bd0d8ea40ea481,imputed_sensitivity_only,
N-MISSINGNESS-SCENARIOS-0013-ESTIMATE,0.016211737902445716,proportion_or_dimensionless_as_labeled,src/barnabus/analysis.py,missingness_scenarios.csv,f33859fef494be6df07ab0f3b77d778e84ea3365daff09d484711c9f7995819f,83b9cec48c0b290e7be9c4626dafc19af4fdfbc2db1f34584f8d4873669964d2,6e98a05f682972c6b753bb0970bd0d8ea40ea481,imputed_sensitivity_only,
N-MISSINGNESS-SCENARIOS-0014-TREATED_MULTIPLIER,1.0,dimensionless,src/barnabus/analysis.py,missingness_scenarios.csv,f33859fef494be6df07ab0f3b77d778e84ea3365daff09d484711c9f7995819f,83b9cec48c0b290e7be9c4626dafc19af4fdfbc2db1f34584f8d4873669964d2,6e98a05f682972c6b753bb0970bd0d8ea40ea481,imputed_sensitivity_only,
N-MISSINGNESS-SCENARIOS-0014-CONTROL_MULTIPLIER,0.5,dimensionless,src/barnabus/analysis.py,missingness_scenarios.csv,f33859fef494be6df07ab0f3b77d778e84ea3365daff09d484711c9f7995819f,83b9cec48c0b290e7be9c4626dafc19af4fdfbc2db1f34584f8d4873669964d2,6e98a05f682972c6b753bb0970bd0d8ea40ea481,imputed_sensitivity_only,
N-MISSINGNESS-SCENARIOS-0014-ESTIMATE,0.011957891394724425,proportion_or_dimensionless_as_labeled,src/barnabus/analysis.py,missingness_scenarios.csv,f33859fef494be6df07ab0f3b77d778e84ea3365daff09d484711c9f7995819f,83b9cec48c0b290e7be9c4626dafc19af4fdfbc2db1f34584f8d4873669964d2,6e98a05f682972c6b753bb0970bd0d8ea40ea481,imputed_sensitivity_only,
N-MISSINGNESS-SCENARIOS-0015-TREATED_MULTIPLIER,1.0,dimensionless,src/barnabus/analysis.py,missingness_scenarios.csv,f33859fef494be6df07ab0f3b77d778e84ea3365daff09d484711c9f7995819f,83b9cec48c0b290e7be9c4626dafc19af4fdfbc2db1f34584f8d4873669964d2,6e98a05f682972c6b753bb0970bd0d8ea40ea481,imputed_sensitivity_only,
N-MISSINGNESS-SCENARIOS-0015-CONTROL_MULTIPLIER,1.0,dimensionless,src/barnabus/analysis.py,missingness_scenarios.csv,f33859fef494be6df07ab0f3b77d778e84ea3365daff09d484711c9f7995819f,83b9cec48c0b290e7be9c4626dafc19af4fdfbc2db1f34584f8d4873669964d2,6e98a05f682972c6b753bb0970bd0d8ea40ea481,imputed_sensitivity_only,
N-MISSINGNESS-SCENARIOS-0015-ESTIMATE,0.004147993175514353,proportion_or_dimensionless_as_labeled,src/barnabus/analysis.py,missingness_scenarios.csv,f33859fef494be6df07ab0f3b77d778e84ea3365daff09d484711c9f7995819f,83b9cec48c0b290e7be9c4626dafc19af4fdfbc2db1f34584f8d4873669964d2,6e98a05f682972c6b753bb0970bd0d8ea40ea481,imputed_sensitivity_only,
N-MISSINGNESS-SCENARIOS-0016-TREATED_MULTIPLIER,0.5,dimensionless,src/barnabus/analysis.py,missingness_scenarios.csv,f33859fef494be6df07ab0f3b77d778e84ea3365daff09d484711c9f7995819f,83b9cec48c0b290e7be9c4626dafc19af4fdfbc2db1f34584f8d4873669964d2,6e98a05f682972c6b753bb0970bd0d8ea40ea481,imputed_sensitivity_only,
N-MISSINGNESS-SCENARIOS-0016-CONTROL_MULTIPLIER,0.5,dimensionless,src/barnabus/analysis.py,missingness_scenarios.csv,f33859fef494be6df07ab0f3b77d778e84ea3365daff09d484711c9f7995819f,83b9cec48c0b290e7be9c4626dafc19af4fdfbc2db1f34584f8d4873669964d2,6e98a05f682972c6b753bb0970bd0d8ea40ea481,imputed_sensitivity_only,
N-MISSINGNESS-SCENARIOS-0016-ESTIMATE,3.721435832933049,proportion_or_dimensionless_as_labeled,src/barnabus/analysis.py,missingness_scenarios.csv,f33859fef494be6df07ab0f3b77d778e84ea3365daff09d484711c9f7995819f,83b9cec48c0b290e7be9c4626dafc19af4fdfbc2db1f34584f8d4873669964d2,6e98a05f682972c6b753bb0970bd0d8ea40ea481,imputed_sensitivity_only,
N-MISSINGNESS-SCENARIOS-0017-TREATED_MULTIPLIER,2.0,dimensionless,src/barnabus/analysis.py,missingness_scenarios.csv,f33859fef494be6df07ab0f3b77d778e84ea3365daff09d484711c9f7995819f,83b9cec48c0b290e7be9c4626dafc19af4fdfbc2db1f34584f8d4873669964d2,6e98a05f682972c6b753bb0970bd0d8ea40ea481,imputed_sensitivity_only,
N-MISSINGNESS-SCENARIOS-0017-CONTROL_MULTIPLIER,0.5,dimensionless,src/barnabus/analysis.py,missingness_scenarios.csv,f33859fef494be6df07ab0f3b77d778e84ea3365daff09d484711c9f7995819f,83b9cec48c0b290e7be9c4626dafc19af4fdfbc2db1f34584f8d4873669964d2,6e98a05f682972c6b753bb0970bd0d8ea40ea481,imputed_sensitivity_only,
N-MISSINGNESS-SCENARIOS-0017-ESTIMATE,-9.965008985174249,proportion_or_dimensionless_as_labeled,src/barnabus/analysis.py,missingness_scenarios.csv,f33859fef494be6df07ab0f3b77d778e84ea3365daff09d484711c9f7995819f,83b9cec48c0b290e7be9c4626dafc19af4fdfbc2db1f34584f8d4873669964d2,6e98a05f682972c6b753bb0970bd0d8ea40ea481,imputed_sensitivity_only,
N-MISSINGNESS-SCENARIOS-0018-TREATED_MULTIPLIER,0.5,dimensionless,src/barnabus/analysis.py,missingness_scenarios.csv,f33859fef494be6df07ab0f3b77d778e84ea3365daff09d484711c9f7995819f,83b9cec48c0b290e7be9c4626dafc19af4fdfbc2db1f34584f8d4873669964d2,6e98a05f682972c6b753bb0970bd0d8ea40ea481,imputed_sensitivity_only,
N-MISSINGNESS-SCENARIOS-0018-CONTROL_MULTIPLIER,2.0,dimensionless,src/barnabus/analysis.py,missingness_scenarios.csv,f33859fef494be6df07ab0f3b77d778e84ea3365daff09d484711c9f7995819f,83b9cec48c0b290e7be9c4626dafc19af4fdfbc2db1f34584f8d4873669964d2,6e98a05f682972c6b753bb0970bd0d8ea40ea481,imputed_sensitivity_only,
N-MISSINGNESS-SCENARIOS-0018-ESTIMATE,15.808552996048848,proportion_or_dimensionless_as_labeled,src/barnabus/analysis.py,missingness_scenarios.csv,f33859fef494be6df07ab0f3b77d778e84ea3365daff09d484711c9f7995819f,83b9cec48c0b290e7be9c4626dafc19af4fdfbc2db1f34584f8d4873669964d2,6e98a05f682972c6b753bb0970bd0d8ea40ea481,imputed_sensitivity_only,
N-MISSINGNESS-SCENARIOS-0019-TREATED_MULTIPLIER,0.75,dimensionless,src/barnabus/analysis.py,missingness_scenarios.csv,f33859fef494be6df07ab0f3b77d778e84ea3365daff09d484711c9f7995819f,83b9cec48c0b290e7be9c4626dafc19af4fdfbc2db1f34584f8d4873669964d2,6e98a05f682972c6b753bb0970bd0d8ea40ea481,imputed_sensitivity_only,
N-MISSINGNESS-SCENARIOS-0019-CONTROL_MULTIPLIER,0.75,dimensionless,src/barnabus/analysis.py,missingness_scenarios.csv,f33859fef494be6df07ab0f3b77d778e84ea3365daff09d484711c9f7995819f,83b9cec48c0b290e7be9c4626dafc19af4fdfbc2db1f34584f8d4873669964d2,6e98a05f682972c6b753bb0970bd0d8ea40ea481,imputed_sensitivity_only,
N-MISSINGNESS-SCENARIOS-0019-ESTIMATE,3.3288223414624554,proportion_or_dimensionless_as_labeled,src/barnabus/analysis.py,missingness_scenarios.csv,f33859fef494be6df07ab0f3b77d778e84ea3365daff09d484711c9f7995819f,83b9cec48c0b290e7be9c4626dafc19af4fdfbc2db1f34584f8d4873669964d2,6e98a05f682972c6b753bb0970bd0d8ea40ea481,imputed_sensitivity_only,
N-MISSINGNESS-SCENARIOS-0020-TREATED_MULTIPLIER,1.3333333333333333,dimensionless,src/barnabus/analysis.py,missingness_scenarios.csv,f33859fef494be6df07ab0f3b77d778e84ea3365daff09d484711c9f7995819f,83b9cec48c0b290e7be9c4626dafc19af4fdfbc2db1f34584f8d4873669964d2,6e98a05f682972c6b753bb0970bd0d8ea40ea481,imputed_sensitivity_only,
N-MISSINGNESS-SCENARIOS-0020-CONTROL_MULTIPLIER,0.75,dimensionless,src/barnabus/analysis.py,missingness_scenarios.csv,f33859fef494be6df07ab0f3b77d778e84ea3365daff09d484711c9f7995819f,83b9cec48c0b290e7be9c4626dafc19af4fdfbc2db1f34584f8d4873669964d2,6e98a05f682972c6b753bb0970bd0d8ea40ea481,imputed_sensitivity_only,
N-MISSINGNESS-SCENARIOS-0020-ESTIMATE,-2.643800030519247,proportion_or_dimensionless_as_labeled,src/barnabus/analysis.py,missingness_scenarios.csv,f33859fef494be6df07ab0f3b77d778e84ea3365daff09d484711c9f7995819f,83b9cec48c0b290e7be9c4626dafc19af4fdfbc2db1f34584f8d4873669964d2,6e98a05f682972c6b753bb0970bd0d8ea40ea481,imputed_sensitivity_only,
N-MISSINGNESS-SCENARIOS-0021-TREATED_MULTIPLIER,0.75,dimensionless,src/barnabus/analysis.py,missingness_scenarios.csv,f33859fef494be6df07ab0f3b77d778e84ea3365daff09d484711c9f7995819f,83b9cec48c0b290e7be9c4626dafc19af4fdfbc2db1f34584f8d4873669964d2,6e98a05f682972c6b753bb0970bd0d8ea40ea481,imputed_sensitivity_only,
N-MISSINGNESS-SCENARIOS-0021-CONTROL_MULTIPLIER,1.3333333333333333,dimensionless,src/barnabus/analysis.py,missingness_scenarios.csv,f33859fef494be6df07ab0f3b77d778e84ea3365daff09d484711c9f7995819f,83b9cec48c0b290e7be9c4626dafc19af4fdfbc2db1f34584f8d4873669964d2,6e98a05f682972c6b753bb0970bd0d8ea40ea481,imputed_sensitivity_only,
N-MISSINGNESS-SCENARIOS-0021-ESTIMATE,8.598393478318519,proportion_or_dimensionless_as_labeled,src/barnabus/analysis.py,missingness_scenarios.csv,f33859fef494be6df07ab0f3b77d778e84ea3365daff09d484711c9f7995819f,83b9cec48c0b290e7be9c4626dafc19af4fdfbc2db1f34584f8d4873669964d2,6e98a05f682972c6b753bb0970bd0d8ea40ea481,imputed_sensitivity_only,
N-MISSINGNESS-SCENARIOS-0022-TREATED_MULTIPLIER,1.5,dimensionless,src/barnabus/analysis.py,missingness_scenarios.csv,f33859fef494be6df07ab0f3b77d778e84ea3365daff09d484711c9f7995819f,83b9cec48c0b290e7be9c4626dafc19af4fdfbc2db1f34584f8d4873669964d2,6e98a05f682972c6b753bb0970bd0d8ea40ea481,imputed_sensitivity_only,
N-MISSINGNESS-SCENARIOS-0022-CONTROL_MULTIPLIER,1.5,dimensionless,src/barnabus/analysis.py,missingness_scenarios.csv,f33859fef494be6df07ab0f3b77d778e84ea3365daff09d484711c9f7995819f,83b9cec48c0b290e7be9c4626dafc19af4fdfbc2db1f34584f8d4873669964d2,6e98a05f682972c6b753bb0970bd0d8ea40ea481,imputed_sensitivity_only,
N-MISSINGNESS-SCENARIOS-0022-ESTIMATE,2.474793663668054,proportion_or_dimensionless_as_labeled,src/barnabus/analysis.py,missingness_scenarios.csv,f33859fef494be6df07ab0f3b77d778e84ea3365daff09d484711c9f7995819f,83b9cec48c0b290e7be9c4626dafc19af4fdfbc2db1f34584f8d4873669964d2,6e98a05f682972c6b753bb0970bd0d8ea40ea481,imputed_sensitivity_only,
N-MISSINGNESS-SCENARIOS-0023-TREATED_MULTIPLIER,0.6666666666666666,dimensionless,src/barnabus/analysis.py,missingness_scenarios.csv,f33859fef494be6df07ab0f3b77d778e84ea3365daff09d484711c9f7995819f,83b9cec48c0b290e7be9c4626dafc19af4fdfbc2db1f34584f8d4873669964d2,6e98a05f682972c6b753bb0970bd0d8ea40ea481,imputed_sensitivity_only,
N-MISSINGNESS-SCENARIOS-0023-CONTROL_MULTIPLIER,1.5,dimensionless,src/barnabus/analysis.py,missingness_scenarios.csv,f33859fef494be6df07ab0f3b77d778e84ea3365daff09d484711c9f7995819f,83b9cec48c0b290e7be9c4626dafc19af4fdfbc2db1f34584f8d4873669964d2,6e98a05f682972c6b753bb0970bd0d8ea40ea481,imputed_sensitivity_only,
N-MISSINGNESS-SCENARIOS-0023-ESTIMATE,10.803783896813428,proportion_or_dimensionless_as_labeled,src/barnabus/analysis.py,missingness_scenarios.csv,f33859fef494be6df07ab0f3b77d778e84ea3365daff09d484711c9f7995819f,83b9cec48c0b290e7be9c4626dafc19af4fdfbc2db1f34584f8d4873669964d2,6e98a05f682972c6b753bb0970bd0d8ea40ea481,imputed_sensitivity_only,
N-MISSINGNESS-SCENARIOS-0024-TREATED_MULTIPLIER,1.5,dimensionless,src/barnabus/analysis.py,missingness_scenarios.csv,f33859fef494be6df07ab0f3b77d778e84ea3365daff09d484711c9f7995819f,83b9cec48c0b290e7be9c4626dafc19af4fdfbc2db1f34584f8d4873669964d2,6e98a05f682972c6b753bb0970bd0d8ea40ea481,imputed_sensitivity_only,
N-MISSINGNESS-SCENARIOS-0024-CONTROL_MULTIPLIER,0.6666666666666666,dimensionless,src/barnabus/analysis.py,missingness_scenarios.csv,f33859fef494be6df07ab0f3b77d778e84ea3365daff09d484711c9f7995819f,83b9cec48c0b290e7be9c4626dafc19af4fdfbc2db1f34584f8d4873669964d2,6e98a05f682972c6b753bb0970bd0d8ea40ea481,imputed_sensitivity_only,
N-MISSINGNESS-SCENARIOS-0024-ESTIMATE,-4.87515207406639,proportion_or_dimensionless_as_labeled,src/barnabus/analysis.py,missingness_scenarios.csv,f33859fef494be6df07ab0f3b77d778e84ea3365daff09d484711c9f7995819f,83b9cec48c0b290e7be9c4626dafc19af4fdfbc2db1f34584f8d4873669964d2,6e98a05f682972c6b753bb0970bd0d8ea40ea481,imputed_sensitivity_only,
N-MISSINGNESS-SCENARIOS-0025-TREATED_MULTIPLIER,2.0,dimensionless,src/barnabus/analysis.py,missingness_scenarios.csv,f33859fef494be6df07ab0f3b77d778e84ea3365daff09d484711c9f7995819f,83b9cec48c0b290e7be9c4626dafc19af4fdfbc2db1f34584f8d4873669964d2,6e98a05f682972c6b753bb0970bd0d8ea40ea481,imputed_sensitivity_only,
N-MISSINGNESS-SCENARIOS-0025-CONTROL_MULTIPLIER,2.0,dimensionless,src/barnabus/analysis.py,missingness_scenarios.csv,f33859fef494be6df07ab0f3b77d778e84ea3365daff09d484711c9f7995819f,83b9cec48c0b290e7be9c4626dafc19af4fdfbc2db1f34584f8d4873669964d2,6e98a05f682972c6b753bb0970bd0d8ea40ea481,imputed_sensitivity_only,
N-MISSINGNESS-SCENARIOS-0025-ESTIMATE,2.122108177941552,proportion_or_dimensionless_as_labeled,src/barnabus/analysis.py,missingness_scenarios.csv,f33859fef494be6df07ab0f3b77d778e84ea3365daff09d484711c9f7995819f,83b9cec48c0b290e7be9c4626dafc19af4fdfbc2db1f34584f8d4873669964d2,6e98a05f682972c6b753bb0970bd0d8ea40ea481,imputed_sensitivity_only,
N-MISSINGNESS-SCENARIOS-0026-TREATED_MULTIPLIER,0.5,dimensionless,src/barnabus/analysis.py,missingness_scenarios.csv,f33859fef494be6df07ab0f3b77d778e84ea3365daff09d484711c9f7995819f,83b9cec48c0b290e7be9c4626dafc19af4fdfbc2db1f34584f8d4873669964d2,6e98a05f682972c6b753bb0970bd0d8ea40ea481,imputed_sensitivity_only,
N-MISSINGNESS-SCENARIOS-0026-CONTROL_MULTIPLIER,2.0,dimensionless,src/barnabus/analysis.py,missingness_scenarios.csv,f33859fef494be6df07ab0f3b77d778e84ea3365daff09d484711c9f7995819f,83b9cec48c0b290e7be9c4626dafc19af4fdfbc2db1f34584f8d4873669964d2,6e98a05f682972c6b753bb0970bd0d8ea40ea481,imputed_sensitivity_only,
N-MISSINGNESS-SCENARIOS-0026-ESTIMATE,15.808552996048848,proportion_or_dimensionless_as_labeled,src/barnabus/analysis.py,missingness_scenarios.csv,f33859fef494be6df07ab0f3b77d778e84ea3365daff09d484711c9f7995819f,83b9cec48c0b290e7be9c4626dafc19af4fdfbc2db1f34584f8d4873669964d2,6e98a05f682972c6b753bb0970bd0d8ea40ea481,imputed_sensitivity_only,
N-MISSINGNESS-SCENARIOS-0027-TREATED_MULTIPLIER,2.0,dimensionless,src/barnabus/analysis.py,missingness_scenarios.csv,f33859fef494be6df07ab0f3b77d778e84ea3365daff09d484711c9f7995819f,83b9cec48c0b290e7be9c4626dafc19af4fdfbc2db1f34584f8d4873669964d2,6e98a05f682972c6b753bb0970bd0d8ea40ea481,imputed_sensitivity_only,
N-MISSINGNESS-SCENARIOS-0027-CONTROL_MULTIPLIER,0.5,dimensionless,src/barnabus/analysis.py,missingness_scenarios.csv,f33859fef494be6df07ab0f3b77d778e84ea3365daff09d484711c9f7995819f,83b9cec48c0b290e7be9c4626dafc19af4fdfbc2db1f34584f8d4873669964d2,6e98a05f682972c6b753bb0970bd0d8ea40ea481,imputed_sensitivity_only,
N-MISSINGNESS-SCENARIOS-0027-ESTIMATE,-9.965008985174249,proportion_or_dimensionless_as_labeled,src/barnabus/analysis.py,missingness_scenarios.csv,f33859fef494be6df07ab0f3b77d778e84ea3365daff09d484711c9f7995819f,83b9cec48c0b290e7be9c4626dafc19af4fdfbc2db1f34584f8d4873669964d2,6e98a05f682972c6b753bb0970bd0d8ea40ea481,imputed_sensitivity_only,
N-MISSINGNESS-SCENARIOS-0028-TREATED_MULTIPLIER,1.0,dimensionless,src/barnabus/analysis.py,missingness_scenarios.csv,f33859fef494be6df07ab0f3b77d778e84ea3365daff09d484711c9f7995819f,83b9cec48c0b290e7be9c4626dafc19af4fdfbc2db1f34584f8d4873669964d2,6e98a05f682972c6b753bb0970bd0d8ea40ea481,imputed_sensitivity_only,
N-MISSINGNESS-SCENARIOS-0028-CONTROL_MULTIPLIER,4.0,dimensionless,src/barnabus/analysis.py,missingness_scenarios.csv,f33859fef494be6df07ab0f3b77d778e84ea3365daff09d484711c9f7995819f,83b9cec48c0b290e7be9c4626dafc19af4fdfbc2db1f34584f8d4873669964d2,6e98a05f682972c6b753bb0970bd0d8ea40ea481,imputed_sensitivity_only,
N-MISSINGNESS-SCENARIOS-0028-ESTIMATE,12.453218330076169,proportion_or_dimensionless_as_labeled,src/barnabus/analysis.py,missingness_scenarios.csv,f33859fef494be6df07ab0f3b77d778e84ea3365daff09d484711c9f7995819f,83b9cec48c0b290e7be9c4626dafc19af4fdfbc2db1f34584f8d4873669964d2,6e98a05f682972c6b753bb0970bd0d8ea40ea481,imputed_sensitivity_only,
N-MISSINGNESS-SCENARIOS-0029-TREATED_MULTIPLIER,1.0,dimensionless,src/barnabus/analysis.py,missingness_scenarios.csv,f33859fef494be6df07ab0f3b77d778e84ea3365daff09d484711c9f7995819f,83b9cec48c0b290e7be9c4626dafc19af4fdfbc2db1f34584f8d4873669964d2,6e98a05f682972c6b753bb0970bd0d8ea40ea481,imputed_sensitivity_only,
N-MISSINGNESS-SCENARIOS-0029-CONTROL_MULTIPLIER,2.0,dimensionless,src/barnabus/analysis.py,missingness_scenarios.csv,f33859fef494be6df07ab0f3b77d778e84ea3365daff09d484711c9f7995819f,83b9cec48c0b290e7be9c4626dafc19af4fdfbc2db1f34584f8d4873669964d2,6e98a05f682972c6b753bb0970bd0d8ea40ea481,imputed_sensitivity_only,
N-MISSINGNESS-SCENARIOS-0029-ESTIMATE,8.756841027770323,proportion_or_dimensionless_as_labeled,src/barnabus/analysis.py,missingness_scenarios.csv,f33859fef494be6df07ab0f3b77d778e84ea3365daff09d484711c9f7995819f,83b9cec48c0b290e7be9c4626dafc19af4fdfbc2db1f34584f8d4873669964d2,6e98a05f682972c6b753bb0970bd0d8ea40ea481,imputed_sensitivity_only,
N-MISSINGNESS-SCENARIOS-0030-TREATED_MULTIPLIER,1.0,dimensionless,src/barnabus/analysis.py,missingness_scenarios.csv,f33859fef494be6df07ab0f3b77d778e84ea3365daff09d484711c9f7995819f,83b9cec48c0b290e7be9c4626dafc19af4fdfbc2db1f34584f8d4873669964d2,6e98a05f682972c6b753bb0970bd0d8ea40ea481,imputed_sensitivity_only,
N-MISSINGNESS-SCENARIOS-0030-CONTROL_MULTIPLIER,1.0,dimensionless,src/barnabus/analysis.py,missingness_scenarios.csv,f33859fef494be6df07ab0f3b77d778e84ea3365daff09d484711c9f7995819f,83b9cec48c0b290e7be9c4626dafc19af4fdfbc2db1f34584f8d4873669964d2,6e98a05f682972c6b753bb0970bd0d8ea40ea481,imputed_sensitivity_only,
N-MISSINGNESS-SCENARIOS-0030-ESTIMATE,2.9914221991159065,proportion_or_dimensionless_as_labeled,src/barnabus/analysis.py,missingness_scenarios.csv,f33859fef494be6df07ab0f3b77d778e84ea3365daff09d484711c9f7995819f,83b9cec48c0b290e7be9c4626dafc19af4fdfbc2db1f34584f8d4873669964d2,6e98a05f682972c6b753bb0970bd0d8ea40ea481,imputed_sensitivity_only,
N-MISSINGNESS-SCENARIOS-0031-TREATED_MULTIPLIER,0.5,dimensionless,src/barnabus/analysis.py,missingness_scenarios.csv,f33859fef494be6df07ab0f3b77d778e84ea3365daff09d484711c9f7995819f,83b9cec48c0b290e7be9c4626dafc19af4fdfbc2db1f34584f8d4873669964d2,6e98a05f682972c6b753bb0970bd0d8ea40ea481,imputed_sensitivity_only,
N-MISSINGNESS-SCENARIOS-0031-ESTIMATE,0.6286227224483883,proportion_or_dimensionless_as_labeled,src/barnabus/analysis.py,missingness_scenarios.csv,f33859fef494be6df07ab0f3b77d778e84ea3365daff09d484711c9f7995819f,83b9cec48c0b290e7be9c4626dafc19af4fdfbc2db1f34584f8d4873669964d2,6e98a05f682972c6b753bb0970bd0d8ea40ea481,imputed_sensitivity_only,
N-MISSINGNESS-SCENARIOS-0031-CHANCE_EXCESS_ESTIMATE,-0.15783561088494502,dimensionless,src/barnabus/analysis.py,missingness_scenarios.csv,f33859fef494be6df07ab0f3b77d778e84ea3365daff09d484711c9f7995819f,83b9cec48c0b290e7be9c4626dafc19af4fdfbc2db1f34584f8d4873669964d2,6e98a05f682972c6b753bb0970bd0d8ea40ea481,imputed_sensitivity_only,
N-MISSINGNESS-SCENARIOS-0032-TREATED_MULTIPLIER,0.75,dimensionless,src/barnabus/analysis.py,missingness_scenarios.csv,f33859fef494be6df07ab0f3b77d778e84ea3365daff09d484711c9f7995819f,83b9cec48c0b290e7be9c4626dafc19af4fdfbc2db1f34584f8d4873669964d2,6e98a05f682972c6b753bb0970bd0d8ea40ea481,imputed_sensitivity_only,
N-MISSINGNESS-SCENARIOS-0032-ESTIMATE,0.7167015524158382,proportion_or_dimensionless_as_labeled,src/barnabus/analysis.py,missingness_scenarios.csv,f33859fef494be6df07ab0f3b77d778e84ea3365daff09d484711c9f7995819f,83b9cec48c0b290e7be9c4626dafc19af4fdfbc2db1f34584f8d4873669964d2,6e98a05f682972c6b753bb0970bd0d8ea40ea481,imputed_sensitivity_only,
N-MISSINGNESS-SCENARIOS-0032-CHANCE_EXCESS_ESTIMATE,-0.06975678091749515,dimensionless,src/barnabus/analysis.py,missingness_scenarios.csv,f33859fef494be6df07ab0f3b77d778e84ea3365daff09d484711c9f7995819f,83b9cec48c0b290e7be9c4626dafc19af4fdfbc2db1f34584f8d4873669964d2,6e98a05f682972c6b753bb0970bd0d8ea40ea481,imputed_sensitivity_only,
N-MISSINGNESS-SCENARIOS-0033-TREATED_MULTIPLIER,1.5,dimensionless,src/barnabus/analysis.py,missingness_scenarios.csv,f33859fef494be6df07ab0f3b77d778e84ea3365daff09d484711c9f7995819f,83b9cec48c0b290e7be9c4626dafc19af4fdfbc2db1f34584f8d4873669964d2,6e98a05f682972c6b753bb0970bd0d8ea40ea481,imputed_sensitivity_only,
N-MISSINGNESS-SCENARIOS-0033-ESTIMATE,0.8339192434251511,proportion_or_dimensionless_as_labeled,src/barnabus/analysis.py,missingness_scenarios.csv,f33859fef494be6df07ab0f3b77d778e84ea3365daff09d484711c9f7995819f,83b9cec48c0b290e7be9c4626dafc19af4fdfbc2db1f34584f8d4873669964d2,6e98a05f682972c6b753bb0970bd0d8ea40ea481,imputed_sensitivity_only,
N-MISSINGNESS-SCENARIOS-0033-CHANCE_EXCESS_ESTIMATE,0.04746091009181774,dimensionless,src/barnabus/analysis.py,missingness_scenarios.csv,f33859fef494be6df07ab0f3b77d778e84ea3365daff09d484711c9f7995819f,83b9cec48c0b290e7be9c4626dafc19af4fdfbc2db1f34584f8d4873669964d2,6e98a05f682972c6b753bb0970bd0d8ea40ea481,imputed_sensitivity_only,
N-MISSINGNESS-SCENARIOS-0034-TREATED_MULTIPLIER,2.0,dimensionless,src/barnabus/analysis.py,missingness_scenarios.csv,f33859fef494be6df07ab0f3b77d778e84ea3365daff09d484711c9f7995819f,83b9cec48c0b290e7be9c4626dafc19af4fdfbc2db1f34584f8d4873669964d2,6e98a05f682972c6b753bb0970bd0d8ea40ea481,imputed_sensitivity_only,
N-MISSINGNESS-SCENARIOS-0034-ESTIMATE,0.8695442279475893,proportion_or_dimensionless_as_labeled,src/barnabus/analysis.py,missingness_scenarios.csv,f33859fef494be6df07ab0f3b77d778e84ea3365daff09d484711c9f7995819f,83b9cec48c0b290e7be9c4626dafc19af4fdfbc2db1f34584f8d4873669964d2,6e98a05f682972c6b753bb0970bd0d8ea40ea481,imputed_sensitivity_only,
N-MISSINGNESS-SCENARIOS-0034-CHANCE_EXCESS_ESTIMATE,0.08308589461425597,dimensionless,src/barnabus/analysis.py,missingness_scenarios.csv,f33859fef494be6df07ab0f3b77d778e84ea3365daff09d484711c9f7995819f,83b9cec48c0b290e7be9c4626dafc19af4fdfbc2db1f34584f8d4873669964d2,6e98a05f682972c6b753bb0970bd0d8ea40ea481,imputed_sensitivity_only,
N-MISSINGNESS-SCENARIOS-0035-ESTIMATE,0.008067329495900924,proportion_or_dimensionless_as_labeled,src/barnabus/analysis.py,missingness_scenarios.csv,f33859fef494be6df07ab0f3b77d778e84ea3365daff09d484711c9f7995819f,83b9cec48c0b290e7be9c4626dafc19af4fdfbc2db1f34584f8d4873669964d2,6e98a05f682972c6b753bb0970bd0d8ea40ea481,imputed_sensitivity_only,
N-MISSINGNESS-SCENARIOS-0035-CHANCE_EXCESS_ESTIMATE,-0.7783910038374324,dimensionless,src/barnabus/analysis.py,missingness_scenarios.csv,f33859fef494be6df07ab0f3b77d778e84ea3365daff09d484711c9f7995819f,83b9cec48c0b290e7be9c4626dafc19af4fdfbc2db1f34584f8d4873669964d2,6e98a05f682972c6b753bb0970bd0d8ea40ea481,imputed_sensitivity_only,
N-MISSINGNESS-SCENARIOS-0036-ESTIMATE,0.9976016047444619,proportion_or_dimensionless_as_labeled,src/barnabus/analysis.py,missingness_scenarios.csv,f33859fef494be6df07ab0f3b77d778e84ea3365daff09d484711c9f7995819f,83b9cec48c0b290e7be9c4626dafc19af4fdfbc2db1f34584f8d4873669964d2,6e98a05f682972c6b753bb0970bd0d8ea40ea481,imputed_sensitivity_only,
N-MISSINGNESS-SCENARIOS-0036-CHANCE_EXCESS_ESTIMATE,0.21114327141112854,dimensionless,src/barnabus/analysis.py,missingness_scenarios.csv,f33859fef494be6df07ab0f3b77d778e84ea3365daff09d484711c9f7995819f,83b9cec48c0b290e7be9c4626dafc19af4fdfbc2db1f34584f8d4873669964d2,6e98a05f682972c6b753bb0970bd0d8ea40ea481,imputed_sensitivity_only,
N-QUANTITATIVE-BIAS-0001-BIASED_ESTIMATE,1.28002851476921,dimensionless,src/barnabus/analysis.py,quantitative_bias.csv,f33859fef494be6df07ab0f3b77d778e84ea3365daff09d484711c9f7995819f,83b9cec48c0b290e7be9c4626dafc19af4fdfbc2db1f34584f8d4873669964d2,6e98a05f682972c6b753bb0970bd0d8ea40ea481,assumed_sensitivity_only,
N-QUANTITATIVE-BIAS-0002-GRID_VALUE,1.0416666666666667,dimensionless,src/barnabus/analysis.py,quantitative_bias.csv,f33859fef494be6df07ab0f3b77d778e84ea3365daff09d484711c9f7995819f,83b9cec48c0b290e7be9c4626dafc19af4fdfbc2db1f34584f8d4873669964d2,6e98a05f682972c6b753bb0970bd0d8ea40ea481,assumed_sensitivity_only,
N-QUANTITATIVE-BIAS-0002-BIASED_ESTIMATE,1.0082542169261395,dimensionless,src/barnabus/analysis.py,quantitative_bias.csv,f33859fef494be6df07ab0f3b77d778e84ea3365daff09d484711c9f7995819f,83b9cec48c0b290e7be9c4626dafc19af4fdfbc2db1f34584f8d4873669964d2,6e98a05f682972c6b753bb0970bd0d8ea40ea481,assumed_sensitivity_only,
N-QUANTITATIVE-BIAS-0003-GRID_VALUE,1.0714285714285714,dimensionless,src/barnabus/analysis.py,quantitative_bias.csv,f33859fef494be6df07ab0f3b77d778e84ea3365daff09d484711c9f7995819f,83b9cec48c0b290e7be9c4626dafc19af4fdfbc2db1f34584f8d4873669964d2,6e98a05f682972c6b753bb0970bd0d8ea40ea481,assumed_sensitivity_only,
N-QUANTITATIVE-BIAS-0003-BIASED_ESTIMATE,0.9802471553448578,dimensionless,src/barnabus/analysis.py,quantitative_bias.csv,f33859fef494be6df07ab0f3b77d778e84ea3365daff09d484711c9f7995819f,83b9cec48c0b290e7be9c4626dafc19af4fdfbc2db1f34584f8d4873669964d2,6e98a05f682972c6b753bb0970bd0d8ea40ea481,assumed_sensitivity_only,
N-QUANTITATIVE-BIAS-0004-GRID_VALUE,1.1111111111111112,dimensionless,src/barnabus/analysis.py,quantitative_bias.csv,f33859fef494be6df07ab0f3b77d778e84ea3365daff09d484711c9f7995819f,83b9cec48c0b290e7be9c4626dafc19af4fdfbc2db1f34584f8d4873669964d2,6e98a05f682972c6b753bb0970bd0d8ea40ea481,assumed_sensitivity_only,
N-QUANTITATIVE-BIAS-0004-BIASED_ESTIMATE,0.9452383283682557,dimensionless,src/barnabus/analysis.py,quantitative_bias.csv,f33859fef494be6df07ab0f3b77d778e84ea3365daff09d484711c9f7995819f,83b9cec48c0b290e7be9c4626dafc19af4fdfbc2db1f34584f8d4873669964d2,6e98a05f682972c6b753bb0970bd0d8ea40ea481,assumed_sensitivity_only,
N-QUANTITATIVE-BIAS-0005-GRID_VALUE,1.1538461538461537,dimensionless,src/barnabus/analysis.py,quantitative_bias.csv,f33859fef494be6df07ab0f3b77d778e84ea3365daff09d484711c9f7995819f,83b9cec48c0b290e7be9c4626dafc19af4fdfbc2db1f34584f8d4873669964d2,6e98a05f682972c6b753bb0970bd0d8ea40ea481,assumed_sensitivity_only,
N-QUANTITATIVE-BIAS-0005-BIASED_ESTIMATE,0.9102295013916538,dimensionless,src/barnabus/analysis.py,quantitative_bias.csv,f33859fef494be6df07ab0f3b77d778e84ea3365daff09d484711c9f7995819f,83b9cec48c0b290e7be9c4626dafc19af4fdfbc2db1f34584f8d4873669964d2,6e98a05f682972c6b753bb0970bd0d8ea40ea481,assumed_sensitivity_only,
N-QUANTITATIVE-BIAS-0006-GRID_VALUE,1.0714285714285714,dimensionless,src/barnabus/analysis.py,quantitative_bias.csv,f33859fef494be6df07ab0f3b77d778e84ea3365daff09d484711c9f7995819f,83b9cec48c0b290e7be9c4626dafc19af4fdfbc2db1f34584f8d4873669964d2,6e98a05f682972c6b753bb0970bd0d8ea40ea481,assumed_sensitivity_only,
N-QUANTITATIVE-BIAS-0006-BIASED_ESTIMATE,0.9802471553448578,dimensionless,src/barnabus/analysis.py,quantitative_bias.csv,f33859fef494be6df07ab0f3b77d778e84ea3365daff09d484711c9f7995819f,83b9cec48c0b290e7be9c4626dafc19af4fdfbc2db1f34584f8d4873669964d2,6e98a05f682972c6b753bb0970bd0d8ea40ea481,assumed_sensitivity_only,
N-QUANTITATIVE-BIAS-0007-GRID_VALUE,1.125,dimensionless,src/barnabus/analysis.py,quantitative_bias.csv,f33859fef494be6df07ab0f3b77d778e84ea3365daff09d484711c9f7995819f,83b9cec48c0b290e7be9c4626dafc19af4fdfbc2db1f34584f8d4873669964d2,6e98a05f682972c6b753bb0970bd0d8ea40ea481,assumed_sensitivity_only,
N-QUANTITATIVE-BIAS-0007-BIASED_ESTIMATE,0.9335687193760551,dimensionless,src/barnabus/analysis.py,quantitative_bias.csv,f33859fef494be6df07ab0f3b77d778e84ea3365daff09d484711c9f7995819f,83b9cec48c0b290e7be9c4626dafc19af4fdfbc2db1f34584f8d4873669964d2,6e98a05f682972c6b753bb0970bd0d8ea40ea481,assumed_sensitivity_only,
N-QUANTITATIVE-BIAS-0008-GRID_VALUE,1.2,dimensionless,src/barnabus/analysis.py,quantitative_bias.csv,f33859fef494be6df07ab0f3b77d778e84ea3365daff09d484711c9f7995819f,83b9cec48c0b290e7be9c4626dafc19af4fdfbc2db1f34584f8d4873669964d2,6e98a05f682972c6b753bb0970bd0d8ea40ea481,assumed_sensitivity_only,
N-QUANTITATIVE-BIAS-0008-BIASED_ESTIMATE,0.8752206744150517,dimensionless,src/barnabus/analysis.py,quantitative_bias.csv,f33859fef494be6df07ab0f3b77d778e84ea3365daff09d484711c9f7995819f,83b9cec48c0b290e7be9c4626dafc19af4fdfbc2db1f34584f8d4873669964d2,6e98a05f682972c6b753bb0970bd0d8ea40ea481,assumed_sensitivity_only,
N-QUANTITATIVE-BIAS-0009-GRID_VALUE,1.2857142857142858,dimensionless,src/barnabus/analysis.py,quantitative_bias.csv,f33859fef494be6df07ab0f3b77d778e84ea3365daff09d484711c9f7995819f,83b9cec48c0b290e7be9c4626dafc19af4fdfbc2db1f34584f8d4873669964d2,6e98a05f682972c6b753bb0970bd0d8ea40ea481,assumed_sensitivity_only,
N-QUANTITATIVE-BIAS-0009-BIASED_ESTIMATE,0.8168726294540481,dimensionless,src/barnabus/analysis.py,quantitative_bias.csv,f33859fef494be6df07ab0f3b77d778e84ea3365daff09d484711c9f7995819f,83b9cec48c0b290e7be9c4626dafc19af4fdfbc2db1f34584f8d4873669964d2,6e98a05f682972c6b753bb0970bd0d8ea40ea481,assumed_sensitivity_only,
N-QUANTITATIVE-BIAS-0010-GRID_VALUE,1.1111111111111112,dimensionless,src/barnabus/analysis.py,quantitative_bias.csv,f33859fef494be6df07ab0f3b77d778e84ea3365daff09d484711c9f7995819f,83b9cec48c0b290e7be9c4626dafc19af4fdfbc2db1f34584f8d4873669964d2,6e98a05f682972c6b753bb0970bd0d8ea40ea481,assumed_sensitivity_only,
N-QUANTITATIVE-BIAS-0010-BIASED_ESTIMATE,0.9452383283682557,dimensionless,src/barnabus/analysis.py,quantitative_bias.csv,f33859fef494be6df07ab0f3b77d778e84ea3365daff09d484711c9f7995819f,83b9cec48c0b290e7be9c4626dafc19af4fdfbc2db1f34584f8d4873669964d2,6e98a05f682972c6b753bb0970bd0d8ea40ea481,assumed_sensitivity_only,
N-QUANTITATIVE-BIAS-0011-GRID_VALUE,1.2,dimensionless,src/barnabus/analysis.py,quantitative_bias.csv,f33859fef494be6df07ab0f3b77d778e84ea3365daff09d484711c9f7995819f,83b9cec48c0b290e7be9c4626dafc19af4fdfbc2db1f34584f8d4873669964d2,6e98a05f682972c6b753bb0970bd0d8ea40ea481,assumed_sensitivity_only,
N-QUANTITATIVE-BIAS-0011-BIASED_ESTIMATE,0.8752206744150517,dimensionless,src/barnabus/analysis.py,quantitative_bias.csv,f33859fef494be6df07ab0f3b77d778e84ea3365daff09d484711c9f7995819f,83b9cec48c0b290e7be9c4626dafc19af4fdfbc2db1f34584f8d4873669964d2,6e98a05f682972c6b753bb0970bd0d8ea40ea481,assumed_sensitivity_only,
N-QUANTITATIVE-BIAS-0012-GRID_VALUE,1.3333333333333333,dimensionless,src/barnabus/analysis.py,quantitative_bias.csv,f33859fef494be6df07ab0f3b77d778e84ea3365daff09d484711c9f7995819f,83b9cec48c0b290e7be9c4626dafc19af4fdfbc2db1f34584f8d4873669964d2,6e98a05f682972c6b753bb0970bd0d8ea40ea481,assumed_sensitivity_only,
N-QUANTITATIVE-BIAS-0012-BIASED_ESTIMATE,0.7876986069735465,dimensionless,src/barnabus/analysis.py,quantitative_bias.csv,f33859fef494be6df07ab0f3b77d778e84ea3365daff09d484711c9f7995819f,83b9cec48c0b290e7be9c4626dafc19af4fdfbc2db1f34584f8d4873669964d2,6e98a05f682972c6b753bb0970bd0d8ea40ea481,assumed_sensitivity_only,
N-QUANTITATIVE-BIAS-0013-GRID_VALUE,1.5,dimensionless,src/barnabus/analysis.py,quantitative_bias.csv,f33859fef494be6df07ab0f3b77d778e84ea3365daff09d484711c9f7995819f,83b9cec48c0b290e7be9c4626dafc19af4fdfbc2db1f34584f8d4873669964d2,6e98a05f682972c6b753bb0970bd0d8ea40ea481,assumed_sensitivity_only,
N-QUANTITATIVE-BIAS-0013-BIASED_ESTIMATE,0.7001765395320413,dimensionless,src/barnabus/analysis.py,quantitative_bias.csv,f33859fef494be6df07ab0f3b77d778e84ea3365daff09d484711c9f7995819f,83b9cec48c0b290e7be9c4626dafc19af4fdfbc2db1f34584f8d4873669964d2,6e98a05f682972c6b753bb0970bd0d8ea40ea481,assumed_sensitivity_only,
N-QUANTITATIVE-BIAS-0014-GRID_VALUE,1.1538461538461537,dimensionless,src/barnabus/analysis.py,quantitative_bias.csv,f33859fef494be6df07ab0f3b77d778e84ea3365daff09d484711c9f7995819f,83b9cec48c0b290e7be9c4626dafc19af4fdfbc2db1f34584f8d4873669964d2,6e98a05f682972c6b753bb0970bd0d8ea40ea481,assumed_sensitivity_only,
N-QUANTITATIVE-BIAS-0014-BIASED_ESTIMATE,0.9102295013916538,dimensionless,src/barnabus/analysis.py,quantitative_bias.csv,f33859fef494be6df07ab0f3b77d778e84ea3365daff09d484711c9f7995819f,83b9cec48c0b290e7be9c4626dafc19af4fdfbc2db1f34584f8d4873669964d2,6e98a05f682972c6b753bb0970bd0d8ea40ea481,assumed_sensitivity_only,
N-QUANTITATIVE-BIAS-0015-GRID_VALUE,1.2857142857142858,dimensionless,src/barnabus/analysis.py,quantitative_bias.csv,f33859fef494be6df07ab0f3b77d778e84ea3365daff09d484711c9f7995819f,83b9cec48c0b290e7be9c4626dafc19af4fdfbc2db1f34584f8d4873669964d2,6e98a05f682972c6b753bb0970bd0d8ea40ea481,assumed_sensitivity_only,
N-QUANTITATIVE-BIAS-0015-BIASED_ESTIMATE,0.8168726294540481,dimensionless,src/barnabus/analysis.py,quantitative_bias.csv,f33859fef494be6df07ab0f3b77d778e84ea3365daff09d484711c9f7995819f,83b9cec48c0b290e7be9c4626dafc19af4fdfbc2db1f34584f8d4873669964d2,6e98a05f682972c6b753bb0970bd0d8ea40ea481,assumed_sensitivity_only,
N-QUANTITATIVE-BIAS-0016-GRID_VALUE,1.5,dimensionless,src/barnabus/analysis.py,quantitative_bias.csv,f33859fef494be6df07ab0f3b77d778e84ea3365daff09d484711c9f7995819f,83b9cec48c0b290e7be9c4626dafc19af4fdfbc2db1f34584f8d4873669964d2,6e98a05f682972c6b753bb0970bd0d8ea40ea481,assumed_sensitivity_only,
N-QUANTITATIVE-BIAS-0016-BIASED_ESTIMATE,0.7001765395320413,dimensionless,src/barnabus/analysis.py,quantitative_bias.csv,f33859fef494be6df07ab0f3b77d778e84ea3365daff09d484711c9f7995819f,83b9cec48c0b290e7be9c4626dafc19af4fdfbc2db1f34584f8d4873669964d2,6e98a05f682972c6b753bb0970bd0d8ea40ea481,assumed_sensitivity_only,
N-QUANTITATIVE-BIAS-0017-GRID_VALUE,1.8,dimensionless,src/barnabus/analysis.py,quantitative_bias.csv,f33859fef494be6df07ab0f3b77d778e84ea3365daff09d484711c9f7995819f,83b9cec48c0b290e7be9c4626dafc19af4fdfbc2db1f34584f8d4873669964d2,6e98a05f682972c6b753bb0970bd0d8ea40ea481,assumed_sensitivity_only,
N-QUANTITATIVE-BIAS-0017-BIASED_ESTIMATE,0.5834804496100344,dimensionless,src/barnabus/analysis.py,quantitative_bias.csv,f33859fef494be6df07ab0f3b77d778e84ea3365daff09d484711c9f7995819f,83b9cec48c0b290e7be9c4626dafc19af4fdfbc2db1f34584f8d4873669964d2,6e98a05f682972c6b753bb0970bd0d8ea40ea481,assumed_sensitivity_only,
N-QUANTITATIVE-BIAS-0018-GRID_VALUE,0.01,dimensionless,src/barnabus/analysis.py,quantitative_bias.csv,f33859fef494be6df07ab0f3b77d778e84ea3365daff09d484711c9f7995819f,83b9cec48c0b290e7be9c4626dafc19af4fdfbc2db1f34584f8d4873669964d2,6e98a05f682972c6b753bb0970bd0d8ea40ea481,assumed_sensitivity_only,
N-QUANTITATIVE-BIAS-0018-BIASED_ESTIMATE,3.816847424411818,dimensionless,src/barnabus/analysis.py,quantitative_bias.csv,f33859fef494be6df07ab0f3b77d778e84ea3365daff09d484711c9f7995819f,83b9cec48c0b290e7be9c4626dafc19af4fdfbc2db1f34584f8d4873669964d2,6e98a05f682972c6b753bb0970bd0d8ea40ea481,assumed_sensitivity_only,
N-QUANTITATIVE-BIAS-0019-GRID_VALUE,0.05,dimensionless,src/barnabus/analysis.py,quantitative_bias.csv,f33859fef494be6df07ab0f3b77d778e84ea3365daff09d484711c9f7995819f,83b9cec48c0b290e7be9c4626dafc19af4fdfbc2db1f34584f8d4873669964d2,6e98a05f682972c6b753bb0970bd0d8ea40ea481,assumed_sensitivity_only,
N-QUANTITATIVE-BIAS-0019-BIASED_ESTIMATE,2.781182343220058,dimensionless,src/barnabus/analysis.py,quantitative_bias.csv,f33859fef494be6df07ab0f3b77d778e84ea3365daff09d484711c9f7995819f,83b9cec48c0b290e7be9c4626dafc19af4fdfbc2db1f34584f8d4873669964d2,6e98a05f682972c6b753bb0970bd0d8ea40ea481,assumed_sensitivity_only,
N-QUANTITATIVE-BIAS-0020-GRID_VALUE,0.1,dimensionless,src/barnabus/analysis.py,quantitative_bias.csv,f33859fef494be6df07ab0f3b77d778e84ea3365daff09d484711c9f7995819f,83b9cec48c0b290e7be9c4626dafc19af4fdfbc2db1f34584f8d4873669964d2,6e98a05f682972c6b753bb0970bd0d8ea40ea481,assumed_sensitivity_only,
N-QUANTITATIVE-BIAS-0020-BIASED_ESTIMATE,1.946319267086229,dimensionless,src/barnabus/analysis.py,quantitative_bias.csv,f33859fef494be6df07ab0f3b77d778e84ea3365daff09d484711c9f7995819f,83b9cec48c0b290e7be9c4626dafc19af4fdfbc2db1f34584f8d4873669964d2,6e98a05f682972c6b753bb0970bd0d8ea40ea481,assumed_sensitivity_only,
N-QUANTITATIVE-BIAS-0021-GRID_VALUE,0.2,dimensionless,src/barnabus/analysis.py,quantitative_bias.csv,f33859fef494be6df07ab0f3b77d778e84ea3365daff09d484711c9f7995819f,83b9cec48c0b290e7be9c4626dafc19af4fdfbc2db1f34584f8d4873669964d2,6e98a05f682972c6b753bb0970bd0d8ea40ea481,assumed_sensitivity_only,
N-QUANTITATIVE-BIAS-0021-BIASED_ESTIMATE,0.6073367776749627,dimensionless,src/barnabus/analysis.py,quantitative_bias.csv,f33859fef494be6df07ab0f3b77d778e84ea3365daff09d484711c9f7995819f,83b9cec48c0b290e7be9c4626dafc19af4fdfbc2db1f34584f8d4873669964d2,6e98a05f682972c6b753bb0970bd0d8ea40ea481,assumed_sensitivity_only,
N-QUANTITATIVE-BIAS-0022-GRID_VALUE,1.25,dimensionless,src/barnabus/analysis.py,quantitative_bias.csv,f33859fef494be6df07ab0f3b77d778e84ea3365daff09d484711c9f7995819f,83b9cec48c0b290e7be9c4626dafc19af4fdfbc2db1f34584f8d4873669964d2,6e98a05f682972c6b753bb0970bd0d8ea40ea481,assumed_sensitivity_only,
N-QUANTITATIVE-BIAS-0022-BIASED_ESTIMATE,0.04006968641114983,dimensionless,src/barnabus/analysis.py,quantitative_bias.csv,f33859fef494be6df07ab0f3b77d778e84ea3365daff09d484711c9f7995819f,83b9cec48c0b290e7be9c4626dafc19af4fdfbc2db1f34584f8d4873669964d2,6e98a05f682972c6b753bb0970bd0d8ea40ea481,assumed_sensitivity_only,
N-QUANTITATIVE-BIAS-0023-GRID_VALUE,1.5,dimensionless,src/barnabus/analysis.py,quantitative_bias.csv,f33859fef494be6df07ab0f3b77d778e84ea3365daff09d484711c9f7995819f,83b9cec48c0b290e7be9c4626dafc19af4fdfbc2db1f34584f8d4873669964d2,6e98a05f682972c6b753bb0970bd0d8ea40ea481,assumed_sensitivity_only,
N-QUANTITATIVE-BIAS-0023-BIASED_ESTIMATE,0.08490566037735847,dimensionless,src/barnabus/analysis.py,quantitative_bias.csv,f33859fef494be6df07ab0f3b77d778e84ea3365daff09d484711c9f7995819f,83b9cec48c0b290e7be9c4626dafc19af4fdfbc2db1f34584f8d4873669964d2,6e98a05f682972c6b753bb0970bd0d8ea40ea481,assumed_sensitivity_only,
N-QUANTITATIVE-BIAS-0024-GRID_VALUE,2.0,dimensionless,src/barnabus/analysis.py,quantitative_bias.csv,f33859fef494be6df07ab0f3b77d778e84ea3365daff09d484711c9f7995819f,83b9cec48c0b290e7be9c4626dafc19af4fdfbc2db1f34584f8d4873669964d2,6e98a05f682972c6b753bb0970bd0d8ea40ea481,assumed_sensitivity_only,
N-QUANTITATIVE-BIAS-0024-BIASED_ESTIMATE,0.15263157894736845,dimensionless,src/barnabus/analysis.py,quantitative_bias.csv,f33859fef494be6df07ab0f3b77d778e84ea3365daff09d484711c9f7995819f,83b9cec48c0b290e7be9c4626dafc19af4fdfbc2db1f34584f8d4873669964d2,6e98a05f682972c6b753bb0970bd0d8ea40ea481,assumed_sensitivity_only,
N-QUANTITATIVE-BIAS-0025-GRID_VALUE,3.0,dimensionless,src/barnabus/analysis.py,quantitative_bias.csv,f33859fef494be6df07ab0f3b77d778e84ea3365daff09d484711c9f7995819f,83b9cec48c0b290e7be9c4626dafc19af4fdfbc2db1f34584f8d4873669964d2,6e98a05f682972c6b753bb0970bd0d8ea40ea481,assumed_sensitivity_only,
N-QUANTITATIVE-BIAS-0025-BIASED_ESTIMATE,0.23809523809523814,dimensionless,src/barnabus/analysis.py,quantitative_bias.csv,f33859fef494be6df07ab0f3b77d778e84ea3365daff09d484711c9f7995819f,83b9cec48c0b290e7be9c4626dafc19af4fdfbc2db1f34584f8d4873669964d2,6e98a05f682972c6b753bb0970bd0d8ea40ea481,assumed_sensitivity_only,
N-NEGATIVE-CONTROLS-0001-ESTIMATE,-0.0014206323348237768,proportion_or_dimensionless_as_labeled,src/barnabus/analysis.py,negative_controls.csv,f33859fef494be6df07ab0f3b77d778e84ea3365daff09d484711c9f7995819f,83b9cec48c0b290e7be9c4626dafc19af4fdfbc2db1f34584f8d4873669964d2,6e98a05f682972c6b753bb0970bd0d8ea40ea481,sensitivity_only,
N-NEGATIVE-CONTROLS-0001-LOWER,-0.008853420681938513,proportion_or_dimensionless_as_labeled,src/barnabus/analysis.py,negative_controls.csv,f33859fef494be6df07ab0f3b77d778e84ea3365daff09d484711c9f7995819f,83b9cec48c0b290e7be9c4626dafc19af4fdfbc2db1f34584f8d4873669964d2,6e98a05f682972c6b753bb0970bd0d8ea40ea481,sensitivity_only,
N-NEGATIVE-CONTROLS-0001-UPPER,0.006080311645954743,proportion_or_dimensionless_as_labeled,src/barnabus/analysis.py,negative_controls.csv,f33859fef494be6df07ab0f3b77d778e84ea3365daff09d484711c9f7995819f,83b9cec48c0b290e7be9c4626dafc19af4fdfbc2db1f34584f8d4873669964d2,6e98a05f682972c6b753bb0970bd0d8ea40ea481,sensitivity_only,
N-NEGATIVE-CONTROLS-0001-P_VALUE,0.715,proportion_or_dimensionless_as_labeled,src/barnabus/analysis.py,negative_controls.csv,f33859fef494be6df07ab0f3b77d778e84ea3365daff09d484711c9f7995819f,83b9cec48c0b290e7be9c4626dafc19af4fdfbc2db1f34584f8d4873669964d2,6e98a05f682972c6b753bb0970bd0d8ea40ea481,sensitivity_only,
N-NEGATIVE-CONTROLS-0001-SERVICE_CLUSTERS,12,count,src/barnabus/analysis.py,negative_controls.csv,f33859fef494be6df07ab0f3b77d778e84ea3365daff09d484711c9f7995819f,83b9cec48c0b290e7be9c4626dafc19af4fdfbc2db1f34584f8d4873669964d2,6e98a05f682972c6b753bb0970bd0d8ea40ea481,sensitivity_only,
N-NEGATIVE-CONTROLS-0002-ESTIMATE,-0.34373358467770565,proportion_or_dimensionless_as_labeled,src/barnabus/analysis.py,negative_controls.csv,f33859fef494be6df07ab0f3b77d778e84ea3365daff09d484711c9f7995819f,83b9cec48c0b290e7be9c4626dafc19af4fdfbc2db1f34584f8d4873669964d2,6e98a05f682972c6b753bb0970bd0d8ea40ea481,sensitivity_only,
N-NEGATIVE-CONTROLS-0002-LOWER,-2.2952347826145827,proportion_or_dimensionless_as_labeled,src/barnabus/analysis.py,negative_controls.csv,f33859fef494be6df07ab0f3b77d778e84ea3365daff09d484711c9f7995819f,83b9cec48c0b290e7be9c4626dafc19af4fdfbc2db1f34584f8d4873669964d2,6e98a05f682972c6b753bb0970bd0d8ea40ea481,sensitivity_only,
N-NEGATIVE-CONTROLS-0002-UPPER,1.6407576189167337,proportion_or_dimensionless_as_labeled,src/barnabus/analysis.py,negative_controls.csv,f33859fef494be6df07ab0f3b77d778e84ea3365daff09d484711c9f7995819f,83b9cec48c0b290e7be9c4626dafc19af4fdfbc2db1f34584f8d4873669964d2,6e98a05f682972c6b753bb0970bd0d8ea40ea481,sensitivity_only,
N-NEGATIVE-CONTROLS-0002-P_VALUE,0.7975,proportion_or_dimensionless_as_labeled,src/barnabus/analysis.py,negative_controls.csv,f33859fef494be6df07ab0f3b77d778e84ea3365daff09d484711c9f7995819f,83b9cec48c0b290e7be9c4626dafc19af4fdfbc2db1f34584f8d4873669964d2,6e98a05f682972c6b753bb0970bd0d8ea40ea481,sensitivity_only,
N-NEGATIVE-CONTROLS-0002-SERVICE_CLUSTERS,12,count,src/barnabus/analysis.py,negative_controls.csv,f33859fef494be6df07ab0f3b77d778e84ea3365daff09d484711c9f7995819f,83b9cec48c0b290e7be9c4626dafc19af4fdfbc2db1f34584f8d4873669964d2,6e98a05f682972c6b753bb0970bd0d8ea40ea481,sensitivity_only,
N-NEGATIVE-CONTROLS-0003-ESTIMATE,-0.1505843699673489,proportion_or_dimensionless_as_labeled,src/barnabus/analysis.py,negative_controls.csv,f33859fef494be6df07ab0f3b77d778e84ea3365daff09d484711c9f7995819f,83b9cec48c0b290e7be9c4626dafc19af4fdfbc2db1f34584f8d4873669964d2,6e98a05f682972c6b753bb0970bd0d8ea40ea481,sensitivity_only,
N-NEGATIVE-CONTROLS-0003-LOWER,-0.7477058790747745,proportion_or_dimensionless_as_labeled,src/barnabus/analysis.py,negative_controls.csv,f33859fef494be6df07ab0f3b77d778e84ea3365daff09d484711c9f7995819f,83b9cec48c0b290e7be9c4626dafc19af4fdfbc2db1f34584f8d4873669964d2,6e98a05f682972c6b753bb0970bd0d8ea40ea481,sensitivity_only,
N-NEGATIVE-CONTROLS-0003-UPPER,0.4572996455388998,proportion_or_dimensionless_as_labeled,src/barnabus/analysis.py,negative_controls.csv,f33859fef494be6df07ab0f3b77d778e84ea3365daff09d484711c9f7995819f,83b9cec48c0b290e7be9c4626dafc19af4fdfbc2db1f34584f8d4873669964d2,6e98a05f682972c6b753bb0970bd0d8ea40ea481,sensitivity_only,
N-NEGATIVE-CONTROLS-0003-P_VALUE,0.6438,proportion_or_dimensionless_as_labeled,src/barnabus/analysis.py,negative_controls.csv,f33859fef494be6df07ab0f3b77d778e84ea3365daff09d484711c9f7995819f,83b9cec48c0b290e7be9c4626dafc19af4fdfbc2db1f34584f8d4873669964d2,6e98a05f682972c6b753bb0970bd0d8ea40ea481,sensitivity_only,
N-NEGATIVE-CONTROLS-0003-SERVICE_CLUSTERS,12,count,src/barnabus/analysis.py,negative_controls.csv,f33859fef494be6df07ab0f3b77d778e84ea3365daff09d484711c9f7995819f,83b9cec48c0b290e7be9c4626dafc19af4fdfbc2db1f34584f8d4873669964d2,6e98a05f682972c6b753bb0970bd0d8ea40ea481,sensitivity_only,
N-NEGATIVE-CONTROLS-0004-ESTIMATE,0.01310684472214447,proportion_or_dimensionless_as_labeled,src/barnabus/analysis.py,negative_controls.csv,f33859fef494be6df07ab0f3b77d778e84ea3365daff09d484711c9f7995819f,83b9cec48c0b290e7be9c4626dafc19af4fdfbc2db1f34584f8d4873669964d2,6e98a05f682972c6b753bb0970bd0d8ea40ea481,sensitivity_only,
N-NEGATIVE-CONTROLS-0004-LOWER,-0.010285368115762231,proportion_or_dimensionless_as_labeled,src/barnabus/analysis.py,negative_controls.csv,f33859fef494be6df07ab0f3b77d778e84ea3365daff09d484711c9f7995819f,83b9cec48c0b290e7be9c4626dafc19af4fdfbc2db1f34584f8d4873669964d2,6e98a05f682972c6b753bb0970bd0d8ea40ea481,sensitivity_only,
N-NEGATIVE-CONTROLS-0004-UPPER,0.036835463080679365,proportion_or_dimensionless_as_labeled,src/barnabus/analysis.py,negative_controls.csv,f33859fef494be6df07ab0f3b77d778e84ea3365daff09d484711c9f7995819f,83b9cec48c0b290e7be9c4626dafc19af4fdfbc2db1f34584f8d4873669964d2,6e98a05f682972c6b753bb0970bd0d8ea40ea481,sensitivity_only,
N-NEGATIVE-CONTROLS-0004-P_VALUE,0.2935,proportion_or_dimensionless_as_labeled,src/barnabus/analysis.py,negative_controls.csv,f33859fef494be6df07ab0f3b77d778e84ea3365daff09d484711c9f7995819f,83b9cec48c0b290e7be9c4626dafc19af4fdfbc2db1f34584f8d4873669964d2,6e98a05f682972c6b753bb0970bd0d8ea40ea481,sensitivity_only,
N-NEGATIVE-CONTROLS-0004-SERVICE_CLUSTERS,12,count,src/barnabus/analysis.py,negative_controls.csv,f33859fef494be6df07ab0f3b77d778e84ea3365daff09d484711c9f7995819f,83b9cec48c0b290e7be9c4626dafc19af4fdfbc2db1f34584f8d4873669964d2,6e98a05f682972c6b753bb0970bd0d8ea40ea481,sensitivity_only,
N-SUBGROUPS-0001-ESTIMATE,0.0006585294911465195,proportion_or_dimensionless_as_labeled,src/barnabus/analysis.py,subgroups.csv,f33859fef494be6df07ab0f3b77d778e84ea3365daff09d484711c9f7995819f,83b9cec48c0b290e7be9c4626dafc19af4fdfbc2db1f34584f8d4873669964d2,6e98a05f682972c6b753bb0970bd0d8ea40ea481,sensitivity_only,
N-SUBGROUPS-0001-LOWER,-0.020571877499848113,proportion_or_dimensionless_as_labeled,src/barnabus/analysis.py,subgroups.csv,f33859fef494be6df07ab0f3b77d778e84ea3365daff09d484711c9f7995819f,83b9cec48c0b290e7be9c4626dafc19af4fdfbc2db1f34584f8d4873669964d2,6e98a05f682972c6b753bb0970bd0d8ea40ea481,sensitivity_only,
N-SUBGROUPS-0001-UPPER,0.021908260785965264,proportion_or_dimensionless_as_labeled,src/barnabus/analysis.py,subgroups.csv,f33859fef494be6df07ab0f3b77d778e84ea3365daff09d484711c9f7995819f,83b9cec48c0b290e7be9c4626dafc19af4fdfbc2db1f34584f8d4873669964d2,6e98a05f682972c6b753bb0970bd0d8ea40ea481,sensitivity_only,
N-SUBGROUPS-0001-P_VALUE,0.9544,proportion_or_dimensionless_as_labeled,src/barnabus/analysis.py,subgroups.csv,f33859fef494be6df07ab0f3b77d778e84ea3365daff09d484711c9f7995819f,83b9cec48c0b290e7be9c4626dafc19af4fdfbc2db1f34584f8d4873669964d2,6e98a05f682972c6b753bb0970bd0d8ea40ea481,sensitivity_only,
N-SUBGROUPS-0001-SERVICE_CLUSTERS,12,count,src/barnabus/analysis.py,subgroups.csv,f33859fef494be6df07ab0f3b77d778e84ea3365daff09d484711c9f7995819f,83b9cec48c0b290e7be9c4626dafc19af4fdfbc2db1f34584f8d4873669964d2,6e98a05f682972c6b753bb0970bd0d8ea40ea481,sensitivity_only,
N-SUBGROUPS-0001-EPISODES,20010,dimensionless,src/barnabus/analysis.py,subgroups.csv,f33859fef494be6df07ab0f3b77d778e84ea3365daff09d484711c9f7995819f,83b9cec48c0b290e7be9c4626dafc19af4fdfbc2db1f34584f8d4873669964d2,6e98a05f682972c6b753bb0970bd0d8ea40ea481,sensitivity_only,
N-SUBGROUPS-0002-ESTIMATE,-0.008005580655323748,proportion_or_dimensionless_as_labeled,src/barnabus/analysis.py,subgroups.csv,f33859fef494be6df07ab0f3b77d778e84ea3365daff09d484711c9f7995819f,83b9cec48c0b290e7be9c4626dafc19af4fdfbc2db1f34584f8d4873669964d2,6e98a05f682972c6b753bb0970bd0d8ea40ea481,sensitivity_only,
N-SUBGROUPS-0002-LOWER,-0.07512084333599806,proportion_or_dimensionless_as_labeled,src/barnabus/analysis.py,subgroups.csv,f33859fef494be6df07ab0f3b77d778e84ea3365daff09d484711c9f7995819f,83b9cec48c0b290e7be9c4626dafc19af4fdfbc2db1f34584f8d4873669964d2,6e98a05f682972c6b753bb0970bd0d8ea40ea481,sensitivity_only,
N-SUBGROUPS-0002-UPPER,0.07532777410953771,proportion_or_dimensionless_as_labeled,src/barnabus/analysis.py,subgroups.csv,f33859fef494be6df07ab0f3b77d778e84ea3365daff09d484711c9f7995819f,83b9cec48c0b290e7be9c4626dafc19af4fdfbc2db1f34584f8d4873669964d2,6e98a05f682972c6b753bb0970bd0d8ea40ea481,sensitivity_only,
N-SUBGROUPS-0002-SERVICE_CLUSTERS,12,count,src/barnabus/analysis.py,subgroups.csv,f33859fef494be6df07ab0f3b77d778e84ea3365daff09d484711c9f7995819f,83b9cec48c0b290e7be9c4626dafc19af4fdfbc2db1f34584f8d4873669964d2,6e98a05f682972c6b753bb0970bd0d8ea40ea481,sensitivity_only,
N-SUBGROUPS-0002-EPISODES,20010,dimensionless,src/barnabus/analysis.py,subgroups.csv,f33859fef494be6df07ab0f3b77d778e84ea3365daff09d484711c9f7995819f,83b9cec48c0b290e7be9c4626dafc19af4fdfbc2db1f34584f8d4873669964d2,6e98a05f682972c6b753bb0970bd0d8ea40ea481,sensitivity_only,
N-SUBGROUPS-0003-ESTIMATE,0.007287029222055134,proportion_or_dimensionless_as_labeled,src/barnabus/analysis.py,subgroups.csv,f33859fef494be6df07ab0f3b77d778e84ea3365daff09d484711c9f7995819f,83b9cec48c0b290e7be9c4626dafc19af4fdfbc2db1f34584f8d4873669964d2,6e98a05f682972c6b753bb0970bd0d8ea40ea481,sensitivity_only,
N-SUBGROUPS-0003-LOWER,-0.025498246673860258,proportion_or_dimensionless_as_labeled,src/barnabus/analysis.py,subgroups.csv,f33859fef494be6df07ab0f3b77d778e84ea3365daff09d484711c9f7995819f,83b9cec48c0b290e7be9c4626dafc19af4fdfbc2db1f34584f8d4873669964d2,6e98a05f682972c6b753bb0970bd0d8ea40ea481,sensitivity_only,
N-SUBGROUPS-0003-UPPER,0.03987422681672458,proportion_or_dimensionless_as_labeled,src/barnabus/analysis.py,subgroups.csv,f33859fef494be6df07ab0f3b77d778e84ea3365daff09d484711c9f7995819f,83b9cec48c0b290e7be9c4626dafc19af4fdfbc2db1f34584f8d4873669964d2,6e98a05f682972c6b753bb0970bd0d8ea40ea481,sensitivity_only,
N-SUBGROUPS-0003-P_VALUE,0.6899,proportion_or_dimensionless_as_labeled,src/barnabus/analysis.py,subgroups.csv,f33859fef494be6df07ab0f3b77d778e84ea3365daff09d484711c9f7995819f,83b9cec48c0b290e7be9c4626dafc19af4fdfbc2db1f34584f8d4873669964d2,6e98a05f682972c6b753bb0970bd0d8ea40ea481,sensitivity_only,
N-SUBGROUPS-0003-SERVICE_CLUSTERS,12,count,src/barnabus/analysis.py,subgroups.csv,f33859fef494be6df07ab0f3b77d778e84ea3365daff09d484711c9f7995819f,83b9cec48c0b290e7be9c4626dafc19af4fdfbc2db1f34584f8d4873669964d2,6e98a05f682972c6b753bb0970bd0d8ea40ea481,sensitivity_only,
N-SUBGROUPS-0003-EPISODES,19937,dimensionless,src/barnabus/analysis.py,subgroups.csv,f33859fef494be6df07ab0f3b77d778e84ea3365daff09d484711c9f7995819f,83b9cec48c0b290e7be9c4626dafc19af4fdfbc2db1f34584f8d4873669964d2,6e98a05f682972c6b753bb0970bd0d8ea40ea481,sensitivity_only,
N-SUBGROUPS-0004-ESTIMATE,0.01654689148411873,proportion_or_dimensionless_as_labeled,src/barnabus/analysis.py,subgroups.csv,f33859fef494be6df07ab0f3b77d778e84ea3365daff09d484711c9f7995819f,83b9cec48c0b290e7be9c4626dafc19af4fdfbc2db1f34584f8d4873669964d2,6e98a05f682972c6b753bb0970bd0d8ea40ea481,sensitivity_only,
N-SUBGROUPS-0004-LOWER,-0.04882784982567898,proportion_or_dimensionless_as_labeled,src/barnabus/analysis.py,subgroups.csv,f33859fef494be6df07ab0f3b77d778e84ea3365daff09d484711c9f7995819f,83b9cec48c0b290e7be9c4626dafc19af4fdfbc2db1f34584f8d4873669964d2,6e98a05f682972c6b753bb0970bd0d8ea40ea481,sensitivity_only,
N-SUBGROUPS-0004-UPPER,0.05864719276587472,proportion_or_dimensionless_as_labeled,src/barnabus/analysis.py,subgroups.csv,f33859fef494be6df07ab0f3b77d778e84ea3365daff09d484711c9f7995819f,83b9cec48c0b290e7be9c4626dafc19af4fdfbc2db1f34584f8d4873669964d2,6e98a05f682972c6b753bb0970bd0d8ea40ea481,sensitivity_only,
N-SUBGROUPS-0004-SERVICE_CLUSTERS,12,count,src/barnabus/analysis.py,subgroups.csv,f33859fef494be6df07ab0f3b77d778e84ea3365daff09d484711c9f7995819f,83b9cec48c0b290e7be9c4626dafc19af4fdfbc2db1f34584f8d4873669964d2,6e98a05f682972c6b753bb0970bd0d8ea40ea481,sensitivity_only,
N-SUBGROUPS-0004-EPISODES,19937,dimensionless,src/barnabus/analysis.py,subgroups.csv,f33859fef494be6df07ab0f3b77d778e84ea3365daff09d484711c9f7995819f,83b9cec48c0b290e7be9c4626dafc19af4fdfbc2db1f34584f8d4873669964d2,6e98a05f682972c6b753bb0970bd0d8ea40ea481,sensitivity_only,
N-SUBGROUPS-0005-ESTIMATE,0.01637397251370876,proportion_or_dimensionless_as_labeled,src/barnabus/analysis.py,subgroups.csv,f33859fef494be6df07ab0f3b77d778e84ea3365daff09d484711c9f7995819f,83b9cec48c0b290e7be9c4626dafc19af4fdfbc2db1f34584f8d4873669964d2,6e98a05f682972c6b753bb0970bd0d8ea40ea481,sensitivity_only,
N-SUBGROUPS-0005-LOWER,-0.03934151186129685,proportion_or_dimensionless_as_labeled,src/barnabus/analysis.py,subgroups.csv,f33859fef494be6df07ab0f3b77d778e84ea3365daff09d484711c9f7995819f,83b9cec48c0b290e7be9c4626dafc19af4fdfbc2db1f34584f8d4873669964d2,6e98a05f682972c6b753bb0970bd0d8ea40ea481,sensitivity_only,
N-SUBGROUPS-0005-UPPER,0.07156829254225798,proportion_or_dimensionless_as_labeled,src/barnabus/analysis.py,subgroups.csv,f33859fef494be6df07ab0f3b77d778e84ea3365daff09d484711c9f7995819f,83b9cec48c0b290e7be9c4626dafc19af4fdfbc2db1f34584f8d4873669964d2,6e98a05f682972c6b753bb0970bd0d8ea40ea481,sensitivity_only,
N-SUBGROUPS-0005-P_VALUE,0.589,proportion_or_dimensionless_as_labeled,src/barnabus/analysis.py,subgroups.csv,f33859fef494be6df07ab0f3b77d778e84ea3365daff09d484711c9f7995819f,83b9cec48c0b290e7be9c4626dafc19af4fdfbc2db1f34584f8d4873669964d2,6e98a05f682972c6b753bb0970bd0d8ea40ea481,sensitivity_only,
N-SUBGROUPS-0005-SERVICE_CLUSTERS,12,count,src/barnabus/analysis.py,subgroups.csv,f33859fef494be6df07ab0f3b77d778e84ea3365daff09d484711c9f7995819f,83b9cec48c0b290e7be9c4626dafc19af4fdfbc2db1f34584f8d4873669964d2,6e98a05f682972c6b753bb0970bd0d8ea40ea481,sensitivity_only,
N-SUBGROUPS-0005-EPISODES,5671,dimensionless,src/barnabus/analysis.py,subgroups.csv,f33859fef494be6df07ab0f3b77d778e84ea3365daff09d484711c9f7995819f,83b9cec48c0b290e7be9c4626dafc19af4fdfbc2db1f34584f8d4873669964d2,6e98a05f682972c6b753bb0970bd0d8ea40ea481,sensitivity_only,
N-SUBGROUPS-0006-ESTIMATE,0.024929070759971222,proportion_or_dimensionless_as_labeled,src/barnabus/analysis.py,subgroups.csv,f33859fef494be6df07ab0f3b77d778e84ea3365daff09d484711c9f7995819f,83b9cec48c0b290e7be9c4626dafc19af4fdfbc2db1f34584f8d4873669964d2,6e98a05f682972c6b753bb0970bd0d8ea40ea481,sensitivity_only,
N-SUBGROUPS-0006-LOWER,-0.11434020509503091,proportion_or_dimensionless_as_labeled,src/barnabus/analysis.py,subgroups.csv,f33859fef494be6df07ab0f3b77d778e84ea3365daff09d484711c9f7995819f,83b9cec48c0b290e7be9c4626dafc19af4fdfbc2db1f34584f8d4873669964d2,6e98a05f682972c6b753bb0970bd0d8ea40ea481,sensitivity_only,
N-SUBGROUPS-0006-UPPER,0.19253269269144752,proportion_or_dimensionless_as_labeled,src/barnabus/analysis.py,subgroups.csv,f33859fef494be6df07ab0f3b77d778e84ea3365daff09d484711c9f7995819f,83b9cec48c0b290e7be9c4626dafc19af4fdfbc2db1f34584f8d4873669964d2,6e98a05f682972c6b753bb0970bd0d8ea40ea481,sensitivity_only,
N-SUBGROUPS-0006-SERVICE_CLUSTERS,12,count,src/barnabus/analysis.py,subgroups.csv,f33859fef494be6df07ab0f3b77d778e84ea3365daff09d484711c9f7995819f,83b9cec48c0b290e7be9c4626dafc19af4fdfbc2db1f34584f8d4873669964d2,6e98a05f682972c6b753bb0970bd0d8ea40ea481,sensitivity_only,
N-SUBGROUPS-0006-EPISODES,5671,dimensionless,src/barnabus/analysis.py,subgroups.csv,f33859fef494be6df07ab0f3b77d778e84ea3365daff09d484711c9f7995819f,83b9cec48c0b290e7be9c4626dafc19af4fdfbc2db1f34584f8d4873669964d2,6e98a05f682972c6b753bb0970bd0d8ea40ea481,sensitivity_only,
N-SUBGROUPS-0007-ESTIMATE,0.010883925498543903,proportion_or_dimensionless_as_labeled,src/barnabus/analysis.py,subgroups.csv,f33859fef494be6df07ab0f3b77d778e84ea3365daff09d484711c9f7995819f,83b9cec48c0b290e7be9c4626dafc19af4fdfbc2db1f34584f8d4873669964d2,6e98a05f682972c6b753bb0970bd0d8ea40ea481,sensitivity_only,
N-SUBGROUPS-0007-LOWER,-0.019459331437257726,proportion_or_dimensionless_as_labeled,src/barnabus/analysis.py,subgroups.csv,f33859fef494be6df07ab0f3b77d778e84ea3365daff09d484711c9f7995819f,83b9cec48c0b290e7be9c4626dafc19af4fdfbc2db1f34584f8d4873669964d2,6e98a05f682972c6b753bb0970bd0d8ea40ea481,sensitivity_only,
N-SUBGROUPS-0007-UPPER,0.040718850478934004,proportion_or_dimensionless_as_labeled,src/barnabus/analysis.py,subgroups.csv,f33859fef494be6df07ab0f3b77d778e84ea3365daff09d484711c9f7995819f,83b9cec48c0b290e7be9c4626dafc19af4fdfbc2db1f34584f8d4873669964d2,6e98a05f682972c6b753bb0970bd0d8ea40ea481,sensitivity_only,
N-SUBGROUPS-0007-P_VALUE,0.5039,proportion_or_dimensionless_as_labeled,src/barnabus/analysis.py,subgroups.csv,f33859fef494be6df07ab0f3b77d778e84ea3365daff09d484711c9f7995819f,83b9cec48c0b290e7be9c4626dafc19af4fdfbc2db1f34584f8d4873669964d2,6e98a05f682972c6b753bb0970bd0d8ea40ea481,sensitivity_only,
N-SUBGROUPS-0007-SERVICE_CLUSTERS,12,count,src/barnabus/analysis.py,subgroups.csv,f33859fef494be6df07ab0f3b77d778e84ea3365daff09d484711c9f7995819f,83b9cec48c0b290e7be9c4626dafc19af4fdfbc2db1f34584f8d4873669964d2,6e98a05f682972c6b753bb0970bd0d8ea40ea481,sensitivity_only,
N-SUBGROUPS-0007-EPISODES,21844,dimensionless,src/barnabus/analysis.py,subgroups.csv,f33859fef494be6df07ab0f3b77d778e84ea3365daff09d484711c9f7995819f,83b9cec48c0b290e7be9c4626dafc19af4fdfbc2db1f34584f8d4873669964d2,6e98a05f682972c6b753bb0970bd0d8ea40ea481,sensitivity_only,
N-SUBGROUPS-0008-ESTIMATE,0.009068863109024784,proportion_or_dimensionless_as_labeled,src/barnabus/analysis.py,subgroups.csv,f33859fef494be6df07ab0f3b77d778e84ea3365daff09d484711c9f7995819f,83b9cec48c0b290e7be9c4626dafc19af4fdfbc2db1f34584f8d4873669964d2,6e98a05f682972c6b753bb0970bd0d8ea40ea481,sensitivity_only,
N-SUBGROUPS-0008-LOWER,-0.11814980493481189,proportion_or_dimensionless_as_labeled,src/barnabus/analysis.py,subgroups.csv,f33859fef494be6df07ab0f3b77d778e84ea3365daff09d484711c9f7995819f,83b9cec48c0b290e7be9c4626dafc19af4fdfbc2db1f34584f8d4873669964d2,6e98a05f682972c6b753bb0970bd0d8ea40ea481,sensitivity_only,
N-SUBGROUPS-0008-UPPER,0.09795678072698434,proportion_or_dimensionless_as_labeled,src/barnabus/analysis.py,subgroups.csv,f33859fef494be6df07ab0f3b77d778e84ea3365daff09d484711c9f7995819f,83b9cec48c0b290e7be9c4626dafc19af4fdfbc2db1f34584f8d4873669964d2,6e98a05f682972c6b753bb0970bd0d8ea40ea481,sensitivity_only,
N-SUBGROUPS-0008-SERVICE_CLUSTERS,12,count,src/barnabus/analysis.py,subgroups.csv,f33859fef494be6df07ab0f3b77d778e84ea3365daff09d484711c9f7995819f,83b9cec48c0b290e7be9c4626dafc19af4fdfbc2db1f34584f8d4873669964d2,6e98a05f682972c6b753bb0970bd0d8ea40ea481,sensitivity_only,
N-SUBGROUPS-0008-EPISODES,21844,dimensionless,src/barnabus/analysis.py,subgroups.csv,f33859fef494be6df07ab0f3b77d778e84ea3365daff09d484711c9f7995819f,83b9cec48c0b290e7be9c4626dafc19af4fdfbc2db1f34584f8d4873669964d2,6e98a05f682972c6b753bb0970bd0d8ea40ea481,sensitivity_only,
N-SUBGROUPS-0009-ESTIMATE,-0.014215067070730373,proportion_or_dimensionless_as_labeled,src/barnabus/analysis.py,subgroups.csv,f33859fef494be6df07ab0f3b77d778e84ea3365daff09d484711c9f7995819f,83b9cec48c0b290e7be9c4626dafc19af4fdfbc2db1f34584f8d4873669964d2,6e98a05f682972c6b753bb0970bd0d8ea40ea481,sensitivity_only,
N-SUBGROUPS-0009-LOWER,-0.045876443894280396,proportion_or_dimensionless_as_labeled,src/barnabus/analysis.py,subgroups.csv,f33859fef494be6df07ab0f3b77d778e84ea3365daff09d484711c9f7995819f,83b9cec48c0b290e7be9c4626dafc19af4fdfbc2db1f34584f8d4873669964d2,6e98a05f682972c6b753bb0970bd0d8ea40ea481,sensitivity_only,
N-SUBGROUPS-0009-UPPER,0.017705390274664563,proportion_or_dimensionless_as_labeled,src/barnabus/analysis.py,subgroups.csv,f33859fef494be6df07ab0f3b77d778e84ea3365daff09d484711c9f7995819f,83b9cec48c0b290e7be9c4626dafc19af4fdfbc2db1f34584f8d4873669964d2,6e98a05f682972c6b753bb0970bd0d8ea40ea481,sensitivity_only,
N-SUBGROUPS-0009-P_VALUE,0.4116,proportion_or_dimensionless_as_labeled,src/barnabus/analysis.py,subgroups.csv,f33859fef494be6df07ab0f3b77d778e84ea3365daff09d484711c9f7995819f,83b9cec48c0b290e7be9c4626dafc19af4fdfbc2db1f34584f8d4873669964d2,6e98a05f682972c6b753bb0970bd0d8ea40ea481,sensitivity_only,
N-SUBGROUPS-0009-SERVICE_CLUSTERS,12,count,src/barnabus/analysis.py,subgroups.csv,f33859fef494be6df07ab0f3b77d778e84ea3365daff09d484711c9f7995819f,83b9cec48c0b290e7be9c4626dafc19af4fdfbc2db1f34584f8d4873669964d2,6e98a05f682972c6b753bb0970bd0d8ea40ea481,sensitivity_only,
N-SUBGROUPS-0009-EPISODES,12432,dimensionless,src/barnabus/analysis.py,subgroups.csv,f33859fef494be6df07ab0f3b77d778e84ea3365daff09d484711c9f7995819f,83b9cec48c0b290e7be9c4626dafc19af4fdfbc2db1f34584f8d4873669964d2,6e98a05f682972c6b753bb0970bd0d8ea40ea481,sensitivity_only,
N-SUBGROUPS-0010-ESTIMATE,-0.012599650980777352,proportion_or_dimensionless_as_labeled,src/barnabus/analysis.py,subgroups.csv,f33859fef494be6df07ab0f3b77d778e84ea3365daff09d484711c9f7995819f,83b9cec48c0b290e7be9c4626dafc19af4fdfbc2db1f34584f8d4873669964d2,6e98a05f682972c6b753bb0970bd0d8ea40ea481,sensitivity_only,
N-SUBGROUPS-0010-LOWER,-0.07276155753571338,proportion_or_dimensionless_as_labeled,src/barnabus/analysis.py,subgroups.csv,f33859fef494be6df07ab0f3b77d778e84ea3365daff09d484711c9f7995819f,83b9cec48c0b290e7be9c4626dafc19af4fdfbc2db1f34584f8d4873669964d2,6e98a05f682972c6b753bb0970bd0d8ea40ea481,sensitivity_only,
N-SUBGROUPS-0010-UPPER,0.066319167453314,proportion_or_dimensionless_as_labeled,src/barnabus/analysis.py,subgroups.csv,f33859fef494be6df07ab0f3b77d778e84ea3365daff09d484711c9f7995819f,83b9cec48c0b290e7be9c4626dafc19af4fdfbc2db1f34584f8d4873669964d2,6e98a05f682972c6b753bb0970bd0d8ea40ea481,sensitivity_only,
N-SUBGROUPS-0010-SERVICE_CLUSTERS,12,count,src/barnabus/analysis.py,subgroups.csv,f33859fef494be6df07ab0f3b77d778e84ea3365daff09d484711c9f7995819f,83b9cec48c0b290e7be9c4626dafc19af4fdfbc2db1f34584f8d4873669964d2,6e98a05f682972c6b753bb0970bd0d8ea40ea481,sensitivity_only,
N-SUBGROUPS-0010-EPISODES,12432,dimensionless,src/barnabus/analysis.py,subgroups.csv,f33859fef494be6df07ab0f3b77d778e84ea3365daff09d484711c9f7995819f,83b9cec48c0b290e7be9c4626dafc19af4fdfbc2db1f34584f8d4873669964d2,6e98a05f682972c6b753bb0970bd0d8ea40ea481,sensitivity_only,
N-SUBGROUPS-0011-ESTIMATE,5.817171029049116,proportion_or_dimensionless_as_labeled,src/barnabus/analysis.py,subgroups.csv,f33859fef494be6df07ab0f3b77d778e84ea3365daff09d484711c9f7995819f,83b9cec48c0b290e7be9c4626dafc19af4fdfbc2db1f34584f8d4873669964d2,6e98a05f682972c6b753bb0970bd0d8ea40ea481,sensitivity_only,
N-SUBGROUPS-0011-LOWER,0.2620430275186809,proportion_or_dimensionless_as_labeled,src/barnabus/analysis.py,subgroups.csv,f33859fef494be6df07ab0f3b77d778e84ea3365daff09d484711c9f7995819f,83b9cec48c0b290e7be9c4626dafc19af4fdfbc2db1f34584f8d4873669964d2,6e98a05f682972c6b753bb0970bd0d8ea40ea481,sensitivity_only,
N-SUBGROUPS-0011-UPPER,11.289250917747442,proportion_or_dimensionless_as_labeled,src/barnabus/analysis.py,subgroups.csv,f33859fef494be6df07ab0f3b77d778e84ea3365daff09d484711c9f7995819f,83b9cec48c0b290e7be9c4626dafc19af4fdfbc2db1f34584f8d4873669964d2,6e98a05f682972c6b753bb0970bd0d8ea40ea481,sensitivity_only,
N-SUBGROUPS-0011-P_VALUE,0.0358,proportion_or_dimensionless_as_labeled,src/barnabus/analysis.py,subgroups.csv,f33859fef494be6df07ab0f3b77d778e84ea3365daff09d484711c9f7995819f,83b9cec48c0b290e7be9c4626dafc19af4fdfbc2db1f34584f8d4873669964d2,6e98a05f682972c6b753bb0970bd0d8ea40ea481,sensitivity_only,
N-SUBGROUPS-0011-SERVICE_CLUSTERS,12,count,src/barnabus/analysis.py,subgroups.csv,f33859fef494be6df07ab0f3b77d778e84ea3365daff09d484711c9f7995819f,83b9cec48c0b290e7be9c4626dafc19af4fdfbc2db1f34584f8d4873669964d2,6e98a05f682972c6b753bb0970bd0d8ea40ea481,sensitivity_only,
N-SUBGROUPS-0011-EPISODES,20010,dimensionless,src/barnabus/analysis.py,subgroups.csv,f33859fef494be6df07ab0f3b77d778e84ea3365daff09d484711c9f7995819f,83b9cec48c0b290e7be9c4626dafc19af4fdfbc2db1f34584f8d4873669964d2,6e98a05f682972c6b753bb0970bd0d8ea40ea481,sensitivity_only,
N-SUBGROUPS-0012-ESTIMATE,3.332269341947468,proportion_or_dimensionless_as_labeled,src/barnabus/analysis.py,subgroups.csv,f33859fef494be6df07ab0f3b77d778e84ea3365daff09d484711c9f7995819f,83b9cec48c0b290e7be9c4626dafc19af4fdfbc2db1f34584f8d4873669964d2,6e98a05f682972c6b753bb0970bd0d8ea40ea481,sensitivity_only,
N-SUBGROUPS-0012-LOWER,-8.494758348564755,proportion_or_dimensionless_as_labeled,src/barnabus/analysis.py,subgroups.csv,f33859fef494be6df07ab0f3b77d778e84ea3365daff09d484711c9f7995819f,83b9cec48c0b290e7be9c4626dafc19af4fdfbc2db1f34584f8d4873669964d2,6e98a05f682972c6b753bb0970bd0d8ea40ea481,sensitivity_only,
N-SUBGROUPS-0012-UPPER,8.614110379350556,proportion_or_dimensionless_as_labeled,src/barnabus/analysis.py,subgroups.csv,f33859fef494be6df07ab0f3b77d778e84ea3365daff09d484711c9f7995819f,83b9cec48c0b290e7be9c4626dafc19af4fdfbc2db1f34584f8d4873669964d2,6e98a05f682972c6b753bb0970bd0d8ea40ea481,sensitivity_only,
N-SUBGROUPS-0012-SERVICE_CLUSTERS,12,count,src/barnabus/analysis.py,subgroups.csv,f33859fef494be6df07ab0f3b77d778e84ea3365daff09d484711c9f7995819f,83b9cec48c0b290e7be9c4626dafc19af4fdfbc2db1f34584f8d4873669964d2,6e98a05f682972c6b753bb0970bd0d8ea40ea481,sensitivity_only,
N-SUBGROUPS-0012-EPISODES,20010,dimensionless,src/barnabus/analysis.py,subgroups.csv,f33859fef494be6df07ab0f3b77d778e84ea3365daff09d484711c9f7995819f,83b9cec48c0b290e7be9c4626dafc19af4fdfbc2db1f34584f8d4873669964d2,6e98a05f682972c6b753bb0970bd0d8ea40ea481,sensitivity_only,
N-SUBGROUPS-0013-ESTIMATE,3.265105197447687,proportion_or_dimensionless_as_labeled,src/barnabus/analysis.py,subgroups.csv,f33859fef494be6df07ab0f3b77d778e84ea3365daff09d484711c9f7995819f,83b9cec48c0b290e7be9c4626dafc19af4fdfbc2db1f34584f8d4873669964d2,6e98a05f682972c6b753bb0970bd0d8ea40ea481,sensitivity_only,
N-SUBGROUPS-0013-LOWER,-0.7760616636296556,proportion_or_dimensionless_as_labeled,src/barnabus/analysis.py,subgroups.csv,f33859fef494be6df07ab0f3b77d778e84ea3365daff09d484711c9f7995819f,83b9cec48c0b290e7be9c4626dafc19af4fdfbc2db1f34584f8d4873669964d2,6e98a05f682972c6b753bb0970bd0d8ea40ea481,sensitivity_only,
N-SUBGROUPS-0013-UPPER,7.255437775417596,proportion_or_dimensionless_as_labeled,src/barnabus/analysis.py,subgroups.csv,f33859fef494be6df07ab0f3b77d778e84ea3365daff09d484711c9f7995819f,83b9cec48c0b290e7be9c4626dafc19af4fdfbc2db1f34584f8d4873669964d2,6e98a05f682972c6b753bb0970bd0d8ea40ea481,sensitivity_only,
N-SUBGROUPS-0013-P_VALUE,0.1192,proportion_or_dimensionless_as_labeled,src/barnabus/analysis.py,subgroups.csv,f33859fef494be6df07ab0f3b77d778e84ea3365daff09d484711c9f7995819f,83b9cec48c0b290e7be9c4626dafc19af4fdfbc2db1f34584f8d4873669964d2,6e98a05f682972c6b753bb0970bd0d8ea40ea481,sensitivity_only,
N-SUBGROUPS-0013-SERVICE_CLUSTERS,12,count,src/barnabus/analysis.py,subgroups.csv,f33859fef494be6df07ab0f3b77d778e84ea3365daff09d484711c9f7995819f,83b9cec48c0b290e7be9c4626dafc19af4fdfbc2db1f34584f8d4873669964d2,6e98a05f682972c6b753bb0970bd0d8ea40ea481,sensitivity_only,
N-SUBGROUPS-0013-EPISODES,19937,dimensionless,src/barnabus/analysis.py,subgroups.csv,f33859fef494be6df07ab0f3b77d778e84ea3365daff09d484711c9f7995819f,83b9cec48c0b290e7be9c4626dafc19af4fdfbc2db1f34584f8d4873669964d2,6e98a05f682972c6b753bb0970bd0d8ea40ea481,sensitivity_only,
N-SUBGROUPS-0014-ESTIMATE,2.9944628757325207,proportion_or_dimensionless_as_labeled,src/barnabus/analysis.py,subgroups.csv,f33859fef494be6df07ab0f3b77d778e84ea3365daff09d484711c9f7995819f,83b9cec48c0b290e7be9c4626dafc19af4fdfbc2db1f34584f8d4873669964d2,6e98a05f682972c6b753bb0970bd0d8ea40ea481,sensitivity_only,
N-SUBGROUPS-0014-LOWER,-8.37072417530064,proportion_or_dimensionless_as_labeled,src/barnabus/analysis.py,subgroups.csv,f33859fef494be6df07ab0f3b77d778e84ea3365daff09d484711c9f7995819f,83b9cec48c0b290e7be9c4626dafc19af4fdfbc2db1f34584f8d4873669964d2,6e98a05f682972c6b753bb0970bd0d8ea40ea481,sensitivity_only,
N-SUBGROUPS-0014-UPPER,8.796796036169889,proportion_or_dimensionless_as_labeled,src/barnabus/analysis.py,subgroups.csv,f33859fef494be6df07ab0f3b77d778e84ea3365daff09d484711c9f7995819f,83b9cec48c0b290e7be9c4626dafc19af4fdfbc2db1f34584f8d4873669964d2,6e98a05f682972c6b753bb0970bd0d8ea40ea481,sensitivity_only,
N-SUBGROUPS-0014-SERVICE_CLUSTERS,12,count,src/barnabus/analysis.py,subgroups.csv,f33859fef494be6df07ab0f3b77d778e84ea3365daff09d484711c9f7995819f,83b9cec48c0b290e7be9c4626dafc19af4fdfbc2db1f34584f8d4873669964d2,6e98a05f682972c6b753bb0970bd0d8ea40ea481,sensitivity_only,
N-SUBGROUPS-0014-EPISODES,19937,dimensionless,src/barnabus/analysis.py,subgroups.csv,f33859fef494be6df07ab0f3b77d778e84ea3365daff09d484711c9f7995819f,83b9cec48c0b290e7be9c4626dafc19af4fdfbc2db1f34584f8d4873669964d2,6e98a05f682972c6b753bb0970bd0d8ea40ea481,sensitivity_only,
N-SUBGROUPS-0015-ESTIMATE,6.480896956967745,proportion_or_dimensionless_as_labeled,src/barnabus/analysis.py,subgroups.csv,f33859fef494be6df07ab0f3b77d778e84ea3365daff09d484711c9f7995819f,83b9cec48c0b290e7be9c4626dafc19af4fdfbc2db1f34584f8d4873669964d2,6e98a05f682972c6b753bb0970bd0d8ea40ea481,sensitivity_only,
N-SUBGROUPS-0015-LOWER,-0.4751006694828819,proportion_or_dimensionless_as_labeled,src/barnabus/analysis.py,subgroups.csv,f33859fef494be6df07ab0f3b77d778e84ea3365daff09d484711c9f7995819f,83b9cec48c0b290e7be9c4626dafc19af4fdfbc2db1f34584f8d4873669964d2,6e98a05f682972c6b753bb0970bd0d8ea40ea481,sensitivity_only,
N-SUBGROUPS-0015-UPPER,13.386104399068302,proportion_or_dimensionless_as_labeled,src/barnabus/analysis.py,subgroups.csv,f33859fef494be6df07ab0f3b77d778e84ea3365daff09d484711c9f7995819f,83b9cec48c0b290e7be9c4626dafc19af4fdfbc2db1f34584f8d4873669964d2,6e98a05f682972c6b753bb0970bd0d8ea40ea481,sensitivity_only,
N-SUBGROUPS-0015-P_VALUE,0.0772,proportion_or_dimensionless_as_labeled,src/barnabus/analysis.py,subgroups.csv,f33859fef494be6df07ab0f3b77d778e84ea3365daff09d484711c9f7995819f,83b9cec48c0b290e7be9c4626dafc19af4fdfbc2db1f34584f8d4873669964d2,6e98a05f682972c6b753bb0970bd0d8ea40ea481,sensitivity_only,
N-SUBGROUPS-0015-SERVICE_CLUSTERS,12,count,src/barnabus/analysis.py,subgroups.csv,f33859fef494be6df07ab0f3b77d778e84ea3365daff09d484711c9f7995819f,83b9cec48c0b290e7be9c4626dafc19af4fdfbc2db1f34584f8d4873669964d2,6e98a05f682972c6b753bb0970bd0d8ea40ea481,sensitivity_only,
N-SUBGROUPS-0015-EPISODES,5671,dimensionless,src/barnabus/analysis.py,subgroups.csv,f33859fef494be6df07ab0f3b77d778e84ea3365daff09d484711c9f7995819f,83b9cec48c0b290e7be9c4626dafc19af4fdfbc2db1f34584f8d4873669964d2,6e98a05f682972c6b753bb0970bd0d8ea40ea481,sensitivity_only,
N-SUBGROUPS-0016-ESTIMATE,1.7532020382044924,proportion_or_dimensionless_as_labeled,src/barnabus/analysis.py,subgroups.csv,f33859fef494be6df07ab0f3b77d778e84ea3365daff09d484711c9f7995819f,83b9cec48c0b290e7be9c4626dafc19af4fdfbc2db1f34584f8d4873669964d2,6e98a05f682972c6b753bb0970bd0d8ea40ea481,sensitivity_only,
N-SUBGROUPS-0016-LOWER,-9.39484066506888,proportion_or_dimensionless_as_labeled,src/barnabus/analysis.py,subgroups.csv,f33859fef494be6df07ab0f3b77d778e84ea3365daff09d484711c9f7995819f,83b9cec48c0b290e7be9c4626dafc19af4fdfbc2db1f34584f8d4873669964d2,6e98a05f682972c6b753bb0970bd0d8ea40ea481,sensitivity_only,
N-SUBGROUPS-0016-UPPER,19.78004181616514,proportion_or_dimensionless_as_labeled,src/barnabus/analysis.py,subgroups.csv,f33859fef494be6df07ab0f3b77d778e84ea3365daff09d484711c9f7995819f,83b9cec48c0b290e7be9c4626dafc19af4fdfbc2db1f34584f8d4873669964d2,6e98a05f682972c6b753bb0970bd0d8ea40ea481,sensitivity_only,
N-SUBGROUPS-0016-SERVICE_CLUSTERS,12,count,src/barnabus/analysis.py,subgroups.csv,f33859fef494be6df07ab0f3b77d778e84ea3365daff09d484711c9f7995819f,83b9cec48c0b290e7be9c4626dafc19af4fdfbc2db1f34584f8d4873669964d2,6e98a05f682972c6b753bb0970bd0d8ea40ea481,sensitivity_only,
N-SUBGROUPS-0016-EPISODES,5671,dimensionless,src/barnabus/analysis.py,subgroups.csv,f33859fef494be6df07ab0f3b77d778e84ea3365daff09d484711c9f7995819f,83b9cec48c0b290e7be9c4626dafc19af4fdfbc2db1f34584f8d4873669964d2,6e98a05f682972c6b753bb0970bd0d8ea40ea481,sensitivity_only,
N-SUBGROUPS-0017-ESTIMATE,5.3659872301302975,proportion_or_dimensionless_as_labeled,src/barnabus/analysis.py,subgroups.csv,f33859fef494be6df07ab0f3b77d778e84ea3365daff09d484711c9f7995819f,83b9cec48c0b290e7be9c4626dafc19af4fdfbc2db1f34584f8d4873669964d2,6e98a05f682972c6b753bb0970bd0d8ea40ea481,sensitivity_only,
N-SUBGROUPS-0017-LOWER,0.769397625022032,proportion_or_dimensionless_as_labeled,src/barnabus/analysis.py,subgroups.csv,f33859fef494be6df07ab0f3b77d778e84ea3365daff09d484711c9f7995819f,83b9cec48c0b290e7be9c4626dafc19af4fdfbc2db1f34584f8d4873669964d2,6e98a05f682972c6b753bb0970bd0d8ea40ea481,sensitivity_only,
N-SUBGROUPS-0017-UPPER,9.964733665312874,proportion_or_dimensionless_as_labeled,src/barnabus/analysis.py,subgroups.csv,f33859fef494be6df07ab0f3b77d778e84ea3365daff09d484711c9f7995819f,83b9cec48c0b290e7be9c4626dafc19af4fdfbc2db1f34584f8d4873669964d2,6e98a05f682972c6b753bb0970bd0d8ea40ea481,sensitivity_only,
N-SUBGROUPS-0017-P_VALUE,0.0175,proportion_or_dimensionless_as_labeled,src/barnabus/analysis.py,subgroups.csv,f33859fef494be6df07ab0f3b77d778e84ea3365daff09d484711c9f7995819f,83b9cec48c0b290e7be9c4626dafc19af4fdfbc2db1f34584f8d4873669964d2,6e98a05f682972c6b753bb0970bd0d8ea40ea481,sensitivity_only,
N-SUBGROUPS-0017-SERVICE_CLUSTERS,12,count,src/barnabus/analysis.py,subgroups.csv,f33859fef494be6df07ab0f3b77d778e84ea3365daff09d484711c9f7995819f,83b9cec48c0b290e7be9c4626dafc19af4fdfbc2db1f34584f8d4873669964d2,6e98a05f682972c6b753bb0970bd0d8ea40ea481,sensitivity_only,
N-SUBGROUPS-0017-EPISODES,21844,dimensionless,src/barnabus/analysis.py,subgroups.csv,f33859fef494be6df07ab0f3b77d778e84ea3365daff09d484711c9f7995819f,83b9cec48c0b290e7be9c4626dafc19af4fdfbc2db1f34584f8d4873669964d2,6e98a05f682972c6b753bb0970bd0d8ea40ea481,sensitivity_only,
N-SUBGROUPS-0018-ESTIMATE,2.5619690593282267,proportion_or_dimensionless_as_labeled,src/barnabus/analysis.py,subgroups.csv,f33859fef494be6df07ab0f3b77d778e84ea3365daff09d484711c9f7995819f,83b9cec48c0b290e7be9c4626dafc19af4fdfbc2db1f34584f8d4873669964d2,6e98a05f682972c6b753bb0970bd0d8ea40ea481,sensitivity_only,
N-SUBGROUPS-0018-LOWER,-6.839820214771716,proportion_or_dimensionless_as_labeled,src/barnabus/analysis.py,subgroups.csv,f33859fef494be6df07ab0f3b77d778e84ea3365daff09d484711c9f7995819f,83b9cec48c0b290e7be9c4626dafc19af4fdfbc2db1f34584f8d4873669964d2,6e98a05f682972c6b753bb0970bd0d8ea40ea481,sensitivity_only,
N-SUBGROUPS-0018-UPPER,7.583655099026004,proportion_or_dimensionless_as_labeled,src/barnabus/analysis.py,subgroups.csv,f33859fef494be6df07ab0f3b77d778e84ea3365daff09d484711c9f7995819f,83b9cec48c0b290e7be9c4626dafc19af4fdfbc2db1f34584f8d4873669964d2,6e98a05f682972c6b753bb0970bd0d8ea40ea481,sensitivity_only,
N-SUBGROUPS-0018-SERVICE_CLUSTERS,12,count,src/barnabus/analysis.py,subgroups.csv,f33859fef494be6df07ab0f3b77d778e84ea3365daff09d484711c9f7995819f,83b9cec48c0b290e7be9c4626dafc19af4fdfbc2db1f34584f8d4873669964d2,6e98a05f682972c6b753bb0970bd0d8ea40ea481,sensitivity_only,
N-SUBGROUPS-0018-EPISODES,21844,dimensionless,src/barnabus/analysis.py,subgroups.csv,f33859fef494be6df07ab0f3b77d778e84ea3365daff09d484711c9f7995819f,83b9cec48c0b290e7be9c4626dafc19af4fdfbc2db1f34584f8d4873669964d2,6e98a05f682972c6b753bb0970bd0d8ea40ea481,sensitivity_only,
N-SUBGROUPS-0019-ESTIMATE,2.5600956082627655,proportion_or_dimensionless_as_labeled,src/barnabus/analysis.py,subgroups.csv,f33859fef494be6df07ab0f3b77d778e84ea3365daff09d484711c9f7995819f,83b9cec48c0b290e7be9c4626dafc19af4fdfbc2db1f34584f8d4873669964d2,6e98a05f682972c6b753bb0970bd0d8ea40ea481,sensitivity_only,
N-SUBGROUPS-0019-LOWER,-1.1498400091893082,proportion_or_dimensionless_as_labeled,src/barnabus/analysis.py,subgroups.csv,f33859fef494be6df07ab0f3b77d778e84ea3365daff09d484711c9f7995819f,83b9cec48c0b290e7be9c4626dafc19af4fdfbc2db1f34584f8d4873669964d2,6e98a05f682972c6b753bb0970bd0d8ea40ea481,sensitivity_only,
N-SUBGROUPS-0019-UPPER,6.320966405695754,proportion_or_dimensionless_as_labeled,src/barnabus/analysis.py,subgroups.csv,f33859fef494be6df07ab0f3b77d778e84ea3365daff09d484711c9f7995819f,83b9cec48c0b290e7be9c4626dafc19af4fdfbc2db1f34584f8d4873669964d2,6e98a05f682972c6b753bb0970bd0d8ea40ea481,sensitivity_only,
N-SUBGROUPS-0019-P_VALUE,0.1992,proportion_or_dimensionless_as_labeled,src/barnabus/analysis.py,subgroups.csv,f33859fef494be6df07ab0f3b77d778e84ea3365daff09d484711c9f7995819f,83b9cec48c0b290e7be9c4626dafc19af4fdfbc2db1f34584f8d4873669964d2,6e98a05f682972c6b753bb0970bd0d8ea40ea481,sensitivity_only,
N-SUBGROUPS-0019-SERVICE_CLUSTERS,12,count,src/barnabus/analysis.py,subgroups.csv,f33859fef494be6df07ab0f3b77d778e84ea3365daff09d484711c9f7995819f,83b9cec48c0b290e7be9c4626dafc19af4fdfbc2db1f34584f8d4873669964d2,6e98a05f682972c6b753bb0970bd0d8ea40ea481,sensitivity_only,
N-SUBGROUPS-0019-EPISODES,12432,dimensionless,src/barnabus/analysis.py,subgroups.csv,f33859fef494be6df07ab0f3b77d778e84ea3365daff09d484711c9f7995819f,83b9cec48c0b290e7be9c4626dafc19af4fdfbc2db1f34584f8d4873669964d2,6e98a05f682972c6b753bb0970bd0d8ea40ea481,sensitivity_only,
N-SUBGROUPS-0020-ESTIMATE,2.0396004876558633,proportion_or_dimensionless_as_labeled,src/barnabus/analysis.py,subgroups.csv,f33859fef494be6df07ab0f3b77d778e84ea3365daff09d484711c9f7995819f,83b9cec48c0b290e7be9c4626dafc19af4fdfbc2db1f34584f8d4873669964d2,6e98a05f682972c6b753bb0970bd0d8ea40ea481,sensitivity_only,
N-SUBGROUPS-0020-LOWER,-6.936654453884816,proportion_or_dimensionless_as_labeled,src/barnabus/analysis.py,subgroups.csv,f33859fef494be6df07ab0f3b77d778e84ea3365daff09d484711c9f7995819f,83b9cec48c0b290e7be9c4626dafc19af4fdfbc2db1f34584f8d4873669964d2,6e98a05f682972c6b753bb0970bd0d8ea40ea481,sensitivity_only,
N-SUBGROUPS-0020-UPPER,5.1665082724640925,proportion_or_dimensionless_as_labeled,src/barnabus/analysis.py,subgroups.csv,f33859fef494be6df07ab0f3b77d778e84ea3365daff09d484711c9f7995819f,83b9cec48c0b290e7be9c4626dafc19af4fdfbc2db1f34584f8d4873669964d2,6e98a05f682972c6b753bb0970bd0d8ea40ea481,sensitivity_only,
N-SUBGROUPS-0020-SERVICE_CLUSTERS,12,count,src/barnabus/analysis.py,subgroups.csv,f33859fef494be6df07ab0f3b77d778e84ea3365daff09d484711c9f7995819f,83b9cec48c0b290e7be9c4626dafc19af4fdfbc2db1f34584f8d4873669964d2,6e98a05f682972c6b753bb0970bd0d8ea40ea481,sensitivity_only,
N-SUBGROUPS-0020-EPISODES,12432,dimensionless,src/barnabus/analysis.py,subgroups.csv,f33859fef494be6df07ab0f3b77d778e84ea3365daff09d484711c9f7995819f,83b9cec48c0b290e7be9c4626dafc19af4fdfbc2db1f34584f8d4873669964d2,6e98a05f682972c6b753bb0970bd0d8ea40ea481,sensitivity_only,
N-SUBGROUPS-0021-ESTIMATE,-0.006628499730908615,proportion_or_dimensionless_as_labeled,src/barnabus/analysis.py,subgroups.csv,f33859fef494be6df07ab0f3b77d778e84ea3365daff09d484711c9f7995819f,83b9cec48c0b290e7be9c4626dafc19af4fdfbc2db1f34584f8d4873669964d2,6e98a05f682972c6b753bb0970bd0d8ea40ea481,sensitivity_only,
N-SUBGROUPS-0021-LOWER,-0.036272908096228886,proportion_or_dimensionless_as_labeled,src/barnabus/analysis.py,subgroups.csv,f33859fef494be6df07ab0f3b77d778e84ea3365daff09d484711c9f7995819f,83b9cec48c0b290e7be9c4626dafc19af4fdfbc2db1f34584f8d4873669964d2,6e98a05f682972c6b753bb0970bd0d8ea40ea481,sensitivity_only,
N-SUBGROUPS-0021-UPPER,0.023185305849600428,proportion_or_dimensionless_as_labeled,src/barnabus/analysis.py,subgroups.csv,f33859fef494be6df07ab0f3b77d778e84ea3365daff09d484711c9f7995819f,83b9cec48c0b290e7be9c4626dafc19af4fdfbc2db1f34584f8d4873669964d2,6e98a05f682972c6b753bb0970bd0d8ea40ea481,sensitivity_only,
N-SUBGROUPS-0021-P_VALUE,0.6702,proportion_or_dimensionless_as_labeled,src/barnabus/analysis.py,subgroups.csv,f33859fef494be6df07ab0f3b77d778e84ea3365daff09d484711c9f7995819f,83b9cec48c0b290e7be9c4626dafc19af4fdfbc2db1f34584f8d4873669964d2,6e98a05f682972c6b753bb0970bd0d8ea40ea481,sensitivity_only,
N-SUBGROUPS-0021-SERVICE_CLUSTERS,12,count,src/barnabus/analysis.py,subgroups.csv,f33859fef494be6df07ab0f3b77d778e84ea3365daff09d484711c9f7995819f,83b9cec48c0b290e7be9c4626dafc19af4fdfbc2db1f34584f8d4873669964d2,6e98a05f682972c6b753bb0970bd0d8ea40ea481,sensitivity_only,
N-SUBGROUPS-0022-ESTIMATE,-0.005490047015164858,proportion_or_dimensionless_as_labeled,src/barnabus/analysis.py,subgroups.csv,f33859fef494be6df07ab0f3b77d778e84ea3365daff09d484711c9f7995819f,83b9cec48c0b290e7be9c4626dafc19af4fdfbc2db1f34584f8d4873669964d2,6e98a05f682972c6b753bb0970bd0d8ea40ea481,sensitivity_only,
N-SUBGROUPS-0022-LOWER,-0.05703184822108205,proportion_or_dimensionless_as_labeled,src/barnabus/analysis.py,subgroups.csv,f33859fef494be6df07ab0f3b77d778e84ea3365daff09d484711c9f7995819f,83b9cec48c0b290e7be9c4626dafc19af4fdfbc2db1f34584f8d4873669964d2,6e98a05f682972c6b753bb0970bd0d8ea40ea481,sensitivity_only,
N-SUBGROUPS-0022-UPPER,0.04579634020459144,proportion_or_dimensionless_as_labeled,src/barnabus/analysis.py,subgroups.csv,f33859fef494be6df07ab0f3b77d778e84ea3365daff09d484711c9f7995819f,83b9cec48c0b290e7be9c4626dafc19af4fdfbc2db1f34584f8d4873669964d2,6e98a05f682972c6b753bb0970bd0d8ea40ea481,sensitivity_only,
N-SUBGROUPS-0022-P_VALUE,0.8544,proportion_or_dimensionless_as_labeled,src/barnabus/analysis.py,subgroups.csv,f33859fef494be6df07ab0f3b77d778e84ea3365daff09d484711c9f7995819f,83b9cec48c0b290e7be9c4626dafc19af4fdfbc2db1f34584f8d4873669964d2,6e98a05f682972c6b753bb0970bd0d8ea40ea481,sensitivity_only,
N-SUBGROUPS-0022-SERVICE_CLUSTERS,12,count,src/barnabus/analysis.py,subgroups.csv,f33859fef494be6df07ab0f3b77d778e84ea3365daff09d484711c9f7995819f,83b9cec48c0b290e7be9c4626dafc19af4fdfbc2db1f34584f8d4873669964d2,6e98a05f682972c6b753bb0970bd0d8ea40ea481,sensitivity_only,
N-SUBGROUPS-0023-ESTIMATE,-0.030589039584439134,proportion_or_dimensionless_as_labeled,src/barnabus/analysis.py,subgroups.csv,f33859fef494be6df07ab0f3b77d778e84ea3365daff09d484711c9f7995819f,83b9cec48c0b290e7be9c4626dafc19af4fdfbc2db1f34584f8d4873669964d2,6e98a05f682972c6b753bb0970bd0d8ea40ea481,sensitivity_only,
N-SUBGROUPS-0023-LOWER,-0.08595984843863738,proportion_or_dimensionless_as_labeled,src/barnabus/analysis.py,subgroups.csv,f33859fef494be6df07ab0f3b77d778e84ea3365daff09d484711c9f7995819f,83b9cec48c0b290e7be9c4626dafc19af4fdfbc2db1f34584f8d4873669964d2,6e98a05f682972c6b753bb0970bd0d8ea40ea481,sensitivity_only,
N-SUBGROUPS-0023-UPPER,0.02639476813803506,proportion_or_dimensionless_as_labeled,src/barnabus/analysis.py,subgroups.csv,f33859fef494be6df07ab0f3b77d778e84ea3365daff09d484711c9f7995819f,83b9cec48c0b290e7be9c4626dafc19af4fdfbc2db1f34584f8d4873669964d2,6e98a05f682972c6b753bb0970bd0d8ea40ea481,sensitivity_only,
N-SUBGROUPS-0023-P_VALUE,0.3285,proportion_or_dimensionless_as_labeled,src/barnabus/analysis.py,subgroups.csv,f33859fef494be6df07ab0f3b77d778e84ea3365daff09d484711c9f7995819f,83b9cec48c0b290e7be9c4626dafc19af4fdfbc2db1f34584f8d4873669964d2,6e98a05f682972c6b753bb0970bd0d8ea40ea481,sensitivity_only,
N-SUBGROUPS-0023-SERVICE_CLUSTERS,12,count,src/barnabus/analysis.py,subgroups.csv,f33859fef494be6df07ab0f3b77d778e84ea3365daff09d484711c9f7995819f,83b9cec48c0b290e7be9c4626dafc19af4fdfbc2db1f34584f8d4873669964d2,6e98a05f682972c6b753bb0970bd0d8ea40ea481,sensitivity_only,
N-SUBGROUPS-0024-ESTIMATE,2.5520658316014284,proportion_or_dimensionless_as_labeled,src/barnabus/analysis.py,subgroups.csv,f33859fef494be6df07ab0f3b77d778e84ea3365daff09d484711c9f7995819f,83b9cec48c0b290e7be9c4626dafc19af4fdfbc2db1f34584f8d4873669964d2,6e98a05f682972c6b753bb0970bd0d8ea40ea481,sensitivity_only,
N-SUBGROUPS-0024-LOWER,-1.5385250786459812,proportion_or_dimensionless_as_labeled,src/barnabus/analysis.py,subgroups.csv,f33859fef494be6df07ab0f3b77d778e84ea3365daff09d484711c9f7995819f,83b9cec48c0b290e7be9c4626dafc19af4fdfbc2db1f34584f8d4873669964d2,6e98a05f682972c6b753bb0970bd0d8ea40ea481,sensitivity_only,
N-SUBGROUPS-0024-UPPER,6.721951450868989,proportion_or_dimensionless_as_labeled,src/barnabus/analysis.py,subgroups.csv,f33859fef494be6df07ab0f3b77d778e84ea3365daff09d484711c9f7995819f,83b9cec48c0b290e7be9c4626dafc19af4fdfbc2db1f34584f8d4873669964d2,6e98a05f682972c6b753bb0970bd0d8ea40ea481,sensitivity_only,
N-SUBGROUPS-0024-P_VALUE,0.248,proportion_or_dimensionless_as_labeled,src/barnabus/analysis.py,subgroups.csv,f33859fef494be6df07ab0f3b77d778e84ea3365daff09d484711c9f7995819f,83b9cec48c0b290e7be9c4626dafc19af4fdfbc2db1f34584f8d4873669964d2,6e98a05f682972c6b753bb0970bd0d8ea40ea481,sensitivity_only,
N-SUBGROUPS-0024-SERVICE_CLUSTERS,12,count,src/barnabus/analysis.py,subgroups.csv,f33859fef494be6df07ab0f3b77d778e84ea3365daff09d484711c9f7995819f,83b9cec48c0b290e7be9c4626dafc19af4fdfbc2db1f34584f8d4873669964d2,6e98a05f682972c6b753bb0970bd0d8ea40ea481,sensitivity_only,
N-SUBGROUPS-0025-ESTIMATE,-1.1149097268374468,proportion_or_dimensionless_as_labeled,src/barnabus/analysis.py,subgroups.csv,f33859fef494be6df07ab0f3b77d778e84ea3365daff09d484711c9f7995819f,83b9cec48c0b290e7be9c4626dafc19af4fdfbc2db1f34584f8d4873669964d2,6e98a05f682972c6b753bb0970bd0d8ea40ea481,sensitivity_only,
N-SUBGROUPS-0025-LOWER,-6.127481445276674,proportion_or_dimensionless_as_labeled,src/barnabus/analysis.py,subgroups.csv,f33859fef494be6df07ab0f3b77d778e84ea3365daff09d484711c9f7995819f,83b9cec48c0b290e7be9c4626dafc19af4fdfbc2db1f34584f8d4873669964d2,6e98a05f682972c6b753bb0970bd0d8ea40ea481,sensitivity_only,
N-SUBGROUPS-0025-UPPER,3.886842629136802,proportion_or_dimensionless_as_labeled,src/barnabus/analysis.py,subgroups.csv,f33859fef494be6df07ab0f3b77d778e84ea3365daff09d484711c9f7995819f,83b9cec48c0b290e7be9c4626dafc19af4fdfbc2db1f34584f8d4873669964d2,6e98a05f682972c6b753bb0970bd0d8ea40ea481,sensitivity_only,
N-SUBGROUPS-0025-P_VALUE,0.712,proportion_or_dimensionless_as_labeled,src/barnabus/analysis.py,subgroups.csv,f33859fef494be6df07ab0f3b77d778e84ea3365daff09d484711c9f7995819f,83b9cec48c0b290e7be9c4626dafc19af4fdfbc2db1f34584f8d4873669964d2,6e98a05f682972c6b753bb0970bd0d8ea40ea481,sensitivity_only,
N-SUBGROUPS-0025-SERVICE_CLUSTERS,12,count,src/barnabus/analysis.py,subgroups.csv,f33859fef494be6df07ab0f3b77d778e84ea3365daff09d484711c9f7995819f,83b9cec48c0b290e7be9c4626dafc19af4fdfbc2db1f34584f8d4873669964d2,6e98a05f682972c6b753bb0970bd0d8ea40ea481,sensitivity_only,
N-SUBGROUPS-0026-ESTIMATE,-3.9208013487049787,proportion_or_dimensionless_as_labeled,src/barnabus/analysis.py,subgroups.csv,f33859fef494be6df07ab0f3b77d778e84ea3365daff09d484711c9f7995819f,83b9cec48c0b290e7be9c4626dafc19af4fdfbc2db1f34584f8d4873669964d2,6e98a05f682972c6b753bb0970bd0d8ea40ea481,sensitivity_only,
N-SUBGROUPS-0026-LOWER,-10.141510569532477,proportion_or_dimensionless_as_labeled,src/barnabus/analysis.py,subgroups.csv,f33859fef494be6df07ab0f3b77d778e84ea3365daff09d484711c9f7995819f,83b9cec48c0b290e7be9c4626dafc19af4fdfbc2db1f34584f8d4873669964d2,6e98a05f682972c6b753bb0970bd0d8ea40ea481,sensitivity_only,
N-SUBGROUPS-0026-UPPER,2.0757037254291495,proportion_or_dimensionless_as_labeled,src/barnabus/analysis.py,subgroups.csv,f33859fef494be6df07ab0f3b77d778e84ea3365daff09d484711c9f7995819f,83b9cec48c0b290e7be9c4626dafc19af4fdfbc2db1f34584f8d4873669964d2,6e98a05f682972c6b753bb0970bd0d8ea40ea481,sensitivity_only,
N-SUBGROUPS-0026-P_VALUE,0.2303,proportion_or_dimensionless_as_labeled,src/barnabus/analysis.py,subgroups.csv,f33859fef494be6df07ab0f3b77d778e84ea3365daff09d484711c9f7995819f,83b9cec48c0b290e7be9c4626dafc19af4fdfbc2db1f34584f8d4873669964d2,6e98a05f682972c6b753bb0970bd0d8ea40ea481,sensitivity_only,
N-SUBGROUPS-0026-SERVICE_CLUSTERS,12,count,src/barnabus/analysis.py,subgroups.csv,f33859fef494be6df07ab0f3b77d778e84ea3365daff09d484711c9f7995819f,83b9cec48c0b290e7be9c4626dafc19af4fdfbc2db1f34584f8d4873669964d2,6e98a05f682972c6b753bb0970bd0d8ea40ea481,sensitivity_only,
N-SUBGROUPS-0027-SERVICE_CLUSTERS,5,count,src/barnabus/analysis.py,subgroups.csv,f33859fef494be6df07ab0f3b77d778e84ea3365daff09d484711c9f7995819f,83b9cec48c0b290e7be9c4626dafc19af4fdfbc2db1f34584f8d4873669964d2,6e98a05f682972c6b753bb0970bd0d8ea40ea481,not_estimated,
N-SUBGROUPS-0027-EPISODES,11,dimensionless,src/barnabus/analysis.py,subgroups.csv,f33859fef494be6df07ab0f3b77d778e84ea3365daff09d484711c9f7995819f,83b9cec48c0b290e7be9c4626dafc19af4fdfbc2db1f34584f8d4873669964d2,6e98a05f682972c6b753bb0970bd0d8ea40ea481,not_estimated,
N-SUBGROUPS-0028-SERVICE_CLUSTERS,5,count,src/barnabus/analysis.py,subgroups.csv,f33859fef494be6df07ab0f3b77d778e84ea3365daff09d484711c9f7995819f,83b9cec48c0b290e7be9c4626dafc19af4fdfbc2db1f34584f8d4873669964d2,6e98a05f682972c6b753bb0970bd0d8ea40ea481,not_estimated,
N-SUBGROUPS-0028-EPISODES,9,dimensionless,src/barnabus/analysis.py,subgroups.csv,f33859fef494be6df07ab0f3b77d778e84ea3365daff09d484711c9f7995819f,83b9cec48c0b290e7be9c4626dafc19af4fdfbc2db1f34584f8d4873669964d2,6e98a05f682972c6b753bb0970bd0d8ea40ea481,not_estimated,
N-SUBGROUPS-0029-SERVICE_CLUSTERS,1,count,src/barnabus/analysis.py,subgroups.csv,f33859fef494be6df07ab0f3b77d778e84ea3365daff09d484711c9f7995819f,83b9cec48c0b290e7be9c4626dafc19af4fdfbc2db1f34584f8d4873669964d2,6e98a05f682972c6b753bb0970bd0d8ea40ea481,not_estimated,
N-SUBGROUPS-0029-EPISODES,2,dimensionless,src/barnabus/analysis.py,subgroups.csv,f33859fef494be6df07ab0f3b77d778e84ea3365daff09d484711c9f7995819f,83b9cec48c0b290e7be9c4626dafc19af4fdfbc2db1f34584f8d4873669964d2,6e98a05f682972c6b753bb0970bd0d8ea40ea481,not_estimated,
N-SUBGROUPS-0030-SERVICE_CLUSTERS,6,count,src/barnabus/analysis.py,subgroups.csv,f33859fef494be6df07ab0f3b77d778e84ea3365daff09d484711c9f7995819f,83b9cec48c0b290e7be9c4626dafc19af4fdfbc2db1f34584f8d4873669964d2,6e98a05f682972c6b753bb0970bd0d8ea40ea481,not_estimated,
N-SUBGROUPS-0030-EPISODES,11,dimensionless,src/barnabus/analysis.py,subgroups.csv,f33859fef494be6df07ab0f3b77d778e84ea3365daff09d484711c9f7995819f,83b9cec48c0b290e7be9c4626dafc19af4fdfbc2db1f34584f8d4873669964d2,6e98a05f682972c6b753bb0970bd0d8ea40ea481,not_estimated,
N-SUBGROUPS-0031-SERVICE_CLUSTERS,4,count,src/barnabus/analysis.py,subgroups.csv,f33859fef494be6df07ab0f3b77d778e84ea3365daff09d484711c9f7995819f,83b9cec48c0b290e7be9c4626dafc19af4fdfbc2db1f34584f8d4873669964d2,6e98a05f682972c6b753bb0970bd0d8ea40ea481,not_estimated,
N-SUBGROUPS-0031-EPISODES,7,dimensionless,src/barnabus/analysis.py,subgroups.csv,f33859fef494be6df07ab0f3b77d778e84ea3365daff09d484711c9f7995819f,83b9cec48c0b290e7be9c4626dafc19af4fdfbc2db1f34584f8d4873669964d2,6e98a05f682972c6b753bb0970bd0d8ea40ea481,not_estimated,
N-SENSITIVITIES-0001-SETTING,30,dimensionless,src/barnabus/analysis.py,sensitivities.csv,f33859fef494be6df07ab0f3b77d778e84ea3365daff09d484711c9f7995819f,83b9cec48c0b290e7be9c4626dafc19af4fdfbc2db1f34584f8d4873669964d2,6e98a05f682972c6b753bb0970bd0d8ea40ea481,sensitivity_only,
N-SENSITIVITIES-0001-ESTIMATE,0.0045736848805190905,proportion_or_dimensionless_as_labeled,src/barnabus/analysis.py,sensitivities.csv,f33859fef494be6df07ab0f3b77d778e84ea3365daff09d484711c9f7995819f,83b9cec48c0b290e7be9c4626dafc19af4fdfbc2db1f34584f8d4873669964d2,6e98a05f682972c6b753bb0970bd0d8ea40ea481,sensitivity_only,
N-SENSITIVITIES-0002-SETTING,30,dimensionless,src/barnabus/analysis.py,sensitivities.csv,f33859fef494be6df07ab0f3b77d778e84ea3365daff09d484711c9f7995819f,83b9cec48c0b290e7be9c4626dafc19af4fdfbc2db1f34584f8d4873669964d2,6e98a05f682972c6b753bb0970bd0d8ea40ea481,sensitivity_only,
N-SENSITIVITIES-0002-ESTIMATE,1.0869858441763436,proportion_or_dimensionless_as_labeled,src/barnabus/analysis.py,sensitivities.csv,f33859fef494be6df07ab0f3b77d778e84ea3365daff09d484711c9f7995819f,83b9cec48c0b290e7be9c4626dafc19af4fdfbc2db1f34584f8d4873669964d2,6e98a05f682972c6b753bb0970bd0d8ea40ea481,sensitivity_only,
N-SENSITIVITIES-0003-SETTING,60,dimensionless,src/barnabus/analysis.py,sensitivities.csv,f33859fef494be6df07ab0f3b77d778e84ea3365daff09d484711c9f7995819f,83b9cec48c0b290e7be9c4626dafc19af4fdfbc2db1f34584f8d4873669964d2,6e98a05f682972c6b753bb0970bd0d8ea40ea481,sensitivity_only,
N-SENSITIVITIES-0003-ESTIMATE,0.0043222928850342665,proportion_or_dimensionless_as_labeled,src/barnabus/analysis.py,sensitivities.csv,f33859fef494be6df07ab0f3b77d778e84ea3365daff09d484711c9f7995819f,83b9cec48c0b290e7be9c4626dafc19af4fdfbc2db1f34584f8d4873669964d2,6e98a05f682972c6b753bb0970bd0d8ea40ea481,sensitivity_only,
N-SENSITIVITIES-0004-SETTING,60,dimensionless,src/barnabus/analysis.py,sensitivities.csv,f33859fef494be6df07ab0f3b77d778e84ea3365daff09d484711c9f7995819f,83b9cec48c0b290e7be9c4626dafc19af4fdfbc2db1f34584f8d4873669964d2,6e98a05f682972c6b753bb0970bd0d8ea40ea481,sensitivity_only,
N-SENSITIVITIES-0004-ESTIMATE,2.834735870050983,proportion_or_dimensionless_as_labeled,src/barnabus/analysis.py,sensitivities.csv,f33859fef494be6df07ab0f3b77d778e84ea3365daff09d484711c9f7995819f,83b9cec48c0b290e7be9c4626dafc19af4fdfbc2db1f34584f8d4873669964d2,6e98a05f682972c6b753bb0970bd0d8ea40ea481,sensitivity_only,
N-SENSITIVITIES-0005-SETTING,90,dimensionless,src/barnabus/analysis.py,sensitivities.csv,f33859fef494be6df07ab0f3b77d778e84ea3365daff09d484711c9f7995819f,83b9cec48c0b290e7be9c4626dafc19af4fdfbc2db1f34584f8d4873669964d2,6e98a05f682972c6b753bb0970bd0d8ea40ea481,sensitivity_only,
N-SENSITIVITIES-0005-ESTIMATE,0.004139886094149121,proportion_or_dimensionless_as_labeled,src/barnabus/analysis.py,sensitivities.csv,f33859fef494be6df07ab0f3b77d778e84ea3365daff09d484711c9f7995819f,83b9cec48c0b290e7be9c4626dafc19af4fdfbc2db1f34584f8d4873669964d2,6e98a05f682972c6b753bb0970bd0d8ea40ea481,sensitivity_only,
N-SENSITIVITIES-0006-SETTING,90,dimensionless,src/barnabus/analysis.py,sensitivities.csv,f33859fef494be6df07ab0f3b77d778e84ea3365daff09d484711c9f7995819f,83b9cec48c0b290e7be9c4626dafc19af4fdfbc2db1f34584f8d4873669964d2,6e98a05f682972c6b753bb0970bd0d8ea40ea481,sensitivity_only,
N-SENSITIVITIES-0006-ESTIMATE,4.624284245908762,proportion_or_dimensionless_as_labeled,src/barnabus/analysis.py,sensitivities.csv,f33859fef494be6df07ab0f3b77d778e84ea3365daff09d484711c9f7995819f,83b9cec48c0b290e7be9c4626dafc19af4fdfbc2db1f34584f8d4873669964d2,6e98a05f682972c6b753bb0970bd0d8ea40ea481,sensitivity_only,
N-SENSITIVITIES-0007-SETTING,-4,dimensionless,src/barnabus/analysis.py,sensitivities.csv,f33859fef494be6df07ab0f3b77d778e84ea3365daff09d484711c9f7995819f,83b9cec48c0b290e7be9c4626dafc19af4fdfbc2db1f34584f8d4873669964d2,6e98a05f682972c6b753bb0970bd0d8ea40ea481,sensitivity_only,
N-SENSITIVITIES-0007-ESTIMATE,0.008006557879327346,proportion_or_dimensionless_as_labeled,src/barnabus/analysis.py,sensitivities.csv,f33859fef494be6df07ab0f3b77d778e84ea3365daff09d484711c9f7995819f,83b9cec48c0b290e7be9c4626dafc19af4fdfbc2db1f34584f8d4873669964d2,6e98a05f682972c6b753bb0970bd0d8ea40ea481,sensitivity_only,
N-SENSITIVITIES-0008-SETTING,-4,dimensionless,src/barnabus/analysis.py,sensitivities.csv,f33859fef494be6df07ab0f3b77d778e84ea3365daff09d484711c9f7995819f,83b9cec48c0b290e7be9c4626dafc19af4fdfbc2db1f34584f8d4873669964d2,6e98a05f682972c6b753bb0970bd0d8ea40ea481,sensitivity_only,
N-SENSITIVITIES-0008-ESTIMATE,3.2806787808238584,proportion_or_dimensionless_as_labeled,src/barnabus/analysis.py,sensitivities.csv,f33859fef494be6df07ab0f3b77d778e84ea3365daff09d484711c9f7995819f,83b9cec48c0b290e7be9c4626dafc19af4fdfbc2db1f34584f8d4873669964d2,6e98a05f682972c6b753bb0970bd0d8ea40ea481,sensitivity_only,
N-SENSITIVITIES-0009-SETTING,-2,dimensionless,src/barnabus/analysis.py,sensitivities.csv,f33859fef494be6df07ab0f3b77d778e84ea3365daff09d484711c9f7995819f,83b9cec48c0b290e7be9c4626dafc19af4fdfbc2db1f34584f8d4873669964d2,6e98a05f682972c6b753bb0970bd0d8ea40ea481,sensitivity_only,
N-SENSITIVITIES-0009-ESTIMATE,0.007881051894563514,proportion_or_dimensionless_as_labeled,src/barnabus/analysis.py,sensitivities.csv,f33859fef494be6df07ab0f3b77d778e84ea3365daff09d484711c9f7995819f,83b9cec48c0b290e7be9c4626dafc19af4fdfbc2db1f34584f8d4873669964d2,6e98a05f682972c6b753bb0970bd0d8ea40ea481,sensitivity_only,
N-SENSITIVITIES-0010-SETTING,-2,dimensionless,src/barnabus/analysis.py,sensitivities.csv,f33859fef494be6df07ab0f3b77d778e84ea3365daff09d484711c9f7995819f,83b9cec48c0b290e7be9c4626dafc19af4fdfbc2db1f34584f8d4873669964d2,6e98a05f682972c6b753bb0970bd0d8ea40ea481,sensitivity_only,
N-SENSITIVITIES-0010-ESTIMATE,3.528838479007342,proportion_or_dimensionless_as_labeled,src/barnabus/analysis.py,sensitivities.csv,f33859fef494be6df07ab0f3b77d778e84ea3365daff09d484711c9f7995819f,83b9cec48c0b290e7be9c4626dafc19af4fdfbc2db1f34584f8d4873669964d2,6e98a05f682972c6b753bb0970bd0d8ea40ea481,sensitivity_only,
N-SENSITIVITIES-0011-SETTING,2,dimensionless,src/barnabus/analysis.py,sensitivities.csv,f33859fef494be6df07ab0f3b77d778e84ea3365daff09d484711c9f7995819f,83b9cec48c0b290e7be9c4626dafc19af4fdfbc2db1f34584f8d4873669964d2,6e98a05f682972c6b753bb0970bd0d8ea40ea481,sensitivity_only,
N-SENSITIVITIES-0011-ESTIMATE,0.0031696783635665384,proportion_or_dimensionless_as_labeled,src/barnabus/analysis.py,sensitivities.csv,f33859fef494be6df07ab0f3b77d778e84ea3365daff09d484711c9f7995819f,83b9cec48c0b290e7be9c4626dafc19af4fdfbc2db1f34584f8d4873669964d2,6e98a05f682972c6b753bb0970bd0d8ea40ea481,sensitivity_only,
N-SENSITIVITIES-0012-SETTING,2,dimensionless,src/barnabus/analysis.py,sensitivities.csv,f33859fef494be6df07ab0f3b77d778e84ea3365daff09d484711c9f7995819f,83b9cec48c0b290e7be9c4626dafc19af4fdfbc2db1f34584f8d4873669964d2,6e98a05f682972c6b753bb0970bd0d8ea40ea481,sensitivity_only,
N-SENSITIVITIES-0012-ESTIMATE,4.2558843898123575,proportion_or_dimensionless_as_labeled,src/barnabus/analysis.py,sensitivities.csv,f33859fef494be6df07ab0f3b77d778e84ea3365daff09d484711c9f7995819f,83b9cec48c0b290e7be9c4626dafc19af4fdfbc2db1f34584f8d4873669964d2,6e98a05f682972c6b753bb0970bd0d8ea40ea481,sensitivity_only,
N-SENSITIVITIES-0013-SETTING,4,dimensionless,src/barnabus/analysis.py,sensitivities.csv,f33859fef494be6df07ab0f3b77d778e84ea3365daff09d484711c9f7995819f,83b9cec48c0b290e7be9c4626dafc19af4fdfbc2db1f34584f8d4873669964d2,6e98a05f682972c6b753bb0970bd0d8ea40ea481,sensitivity_only,
N-SENSITIVITIES-0013-ESTIMATE,0.0011777389024002032,proportion_or_dimensionless_as_labeled,src/barnabus/analysis.py,sensitivities.csv,f33859fef494be6df07ab0f3b77d778e84ea3365daff09d484711c9f7995819f,83b9cec48c0b290e7be9c4626dafc19af4fdfbc2db1f34584f8d4873669964d2,6e98a05f682972c6b753bb0970bd0d8ea40ea481,sensitivity_only,
N-SENSITIVITIES-0014-SETTING,4,dimensionless,src/barnabus/analysis.py,sensitivities.csv,f33859fef494be6df07ab0f3b77d778e84ea3365daff09d484711c9f7995819f,83b9cec48c0b290e7be9c4626dafc19af4fdfbc2db1f34584f8d4873669964d2,6e98a05f682972c6b753bb0970bd0d8ea40ea481,sensitivity_only,
N-SENSITIVITIES-0014-ESTIMATE,4.1471708752501995,proportion_or_dimensionless_as_labeled,src/barnabus/analysis.py,sensitivities.csv,f33859fef494be6df07ab0f3b77d778e84ea3365daff09d484711c9f7995819f,83b9cec48c0b290e7be9c4626dafc19af4fdfbc2db1f34584f8d4873669964d2,6e98a05f682972c6b753bb0970bd0d8ea40ea481,sensitivity_only,
N-SENSITIVITIES-0015-ESTIMATE,0.014449916248485095,proportion_or_dimensionless_as_labeled,src/barnabus/analysis.py,sensitivities.csv,f33859fef494be6df07ab0f3b77d778e84ea3365daff09d484711c9f7995819f,83b9cec48c0b290e7be9c4626dafc19af4fdfbc2db1f34584f8d4873669964d2,6e98a05f682972c6b753bb0970bd0d8ea40ea481,sensitivity_only,
N-SENSITIVITIES-0016-ESTIMATE,0.005789097653515377,proportion_or_dimensionless_as_labeled,src/barnabus/analysis.py,sensitivities.csv,f33859fef494be6df07ab0f3b77d778e84ea3365daff09d484711c9f7995819f,83b9cec48c0b290e7be9c4626dafc19af4fdfbc2db1f34584f8d4873669964d2,6e98a05f682972c6b753bb0970bd0d8ea40ea481,sensitivity_only,
N-SENSITIVITIES-0017-ESTIMATE,0.006883991486032207,proportion_or_dimensionless_as_labeled,src/barnabus/analysis.py,sensitivities.csv,f33859fef494be6df07ab0f3b77d778e84ea3365daff09d484711c9f7995819f,83b9cec48c0b290e7be9c4626dafc19af4fdfbc2db1f34584f8d4873669964d2,6e98a05f682972c6b753bb0970bd0d8ea40ea481,sensitivity_only,
N-SENSITIVITIES-0018-ESTIMATE,0.00833054121643177,proportion_or_dimensionless_as_labeled,src/barnabus/analysis.py,sensitivities.csv,f33859fef494be6df07ab0f3b77d778e84ea3365daff09d484711c9f7995819f,83b9cec48c0b290e7be9c4626dafc19af4fdfbc2db1f34584f8d4873669964d2,6e98a05f682972c6b753bb0970bd0d8ea40ea481,sensitivity_only,
N-SENSITIVITIES-0019-ESTIMATE,0.004431702722268507,proportion_or_dimensionless_as_labeled,src/barnabus/analysis.py,sensitivities.csv,f33859fef494be6df07ab0f3b77d778e84ea3365daff09d484711c9f7995819f,83b9cec48c0b290e7be9c4626dafc19af4fdfbc2db1f34584f8d4873669964d2,6e98a05f682972c6b753bb0970bd0d8ea40ea481,sensitivity_only,
N-SENSITIVITIES-0020-ESTIMATE,-0.0003191522462146881,proportion_or_dimensionless_as_labeled,src/barnabus/analysis.py,sensitivities.csv,f33859fef494be6df07ab0f3b77d778e84ea3365daff09d484711c9f7995819f,83b9cec48c0b290e7be9c4626dafc19af4fdfbc2db1f34584f8d4873669964d2,6e98a05f682972c6b753bb0970bd0d8ea40ea481,sensitivity_only,
N-SENSITIVITIES-0021-ESTIMATE,0.002666661126648456,proportion_or_dimensionless_as_labeled,src/barnabus/analysis.py,sensitivities.csv,f33859fef494be6df07ab0f3b77d778e84ea3365daff09d484711c9f7995819f,83b9cec48c0b290e7be9c4626dafc19af4fdfbc2db1f34584f8d4873669964d2,6e98a05f682972c6b753bb0970bd0d8ea40ea481,sensitivity_only,
N-SENSITIVITIES-0022-ESTIMATE,0.00519592313556987,proportion_or_dimensionless_as_labeled,src/barnabus/analysis.py,sensitivities.csv,f33859fef494be6df07ab0f3b77d778e84ea3365daff09d484711c9f7995819f,83b9cec48c0b290e7be9c4626dafc19af4fdfbc2db1f34584f8d4873669964d2,6e98a05f682972c6b753bb0970bd0d8ea40ea481,sensitivity_only,
N-SENSITIVITIES-0023-ESTIMATE,0.0020155865775581903,proportion_or_dimensionless_as_labeled,src/barnabus/analysis.py,sensitivities.csv,f33859fef494be6df07ab0f3b77d778e84ea3365daff09d484711c9f7995819f,83b9cec48c0b290e7be9c4626dafc19af4fdfbc2db1f34584f8d4873669964d2,6e98a05f682972c6b753bb0970bd0d8ea40ea481,sensitivity_only,
N-SENSITIVITIES-0024-ESTIMATE,0.012686755391178644,proportion_or_dimensionless_as_labeled,src/barnabus/analysis.py,sensitivities.csv,f33859fef494be6df07ab0f3b77d778e84ea3365daff09d484711c9f7995819f,83b9cec48c0b290e7be9c4626dafc19af4fdfbc2db1f34584f8d4873669964d2,6e98a05f682972c6b753bb0970bd0d8ea40ea481,sensitivity_only,
N-SENSITIVITIES-0025-ESTIMATE,-0.002000750619477061,proportion_or_dimensionless_as_labeled,src/barnabus/analysis.py,sensitivities.csv,f33859fef494be6df07ab0f3b77d778e84ea3365daff09d484711c9f7995819f,83b9cec48c0b290e7be9c4626dafc19af4fdfbc2db1f34584f8d4873669964d2,6e98a05f682972c6b753bb0970bd0d8ea40ea481,sensitivity_only,
N-SENSITIVITIES-0026-ESTIMATE,0.0014267125400696536,proportion_or_dimensionless_as_labeled,src/barnabus/analysis.py,sensitivities.csv,f33859fef494be6df07ab0f3b77d778e84ea3365daff09d484711c9f7995819f,83b9cec48c0b290e7be9c4626dafc19af4fdfbc2db1f34584f8d4873669964d2,6e98a05f682972c6b753bb0970bd0d8ea40ea481,sensitivity_only,
N-SENSITIVITIES-0027-ESTIMATE,0.0025715641462085285,proportion_or_dimensionless_as_labeled,src/barnabus/analysis.py,sensitivities.csv,f33859fef494be6df07ab0f3b77d778e84ea3365daff09d484711c9f7995819f,83b9cec48c0b290e7be9c4626dafc19af4fdfbc2db1f34584f8d4873669964d2,6e98a05f682972c6b753bb0970bd0d8ea40ea481,sensitivity_only,
N-SENSITIVITIES-0028-ESTIMATE,3.5319117404070335,proportion_or_dimensionless_as_labeled,src/barnabus/analysis.py,sensitivities.csv,f33859fef494be6df07ab0f3b77d778e84ea3365daff09d484711c9f7995819f,83b9cec48c0b290e7be9c4626dafc19af4fdfbc2db1f34584f8d4873669964d2,6e98a05f682972c6b753bb0970bd0d8ea40ea481,sensitivity_only,
N-SENSITIVITIES-0029-ESTIMATE,5.513594554859704,proportion_or_dimensionless_as_labeled,src/barnabus/analysis.py,sensitivities.csv,f33859fef494be6df07ab0f3b77d778e84ea3365daff09d484711c9f7995819f,83b9cec48c0b290e7be9c4626dafc19af4fdfbc2db1f34584f8d4873669964d2,6e98a05f682972c6b753bb0970bd0d8ea40ea481,sensitivity_only,
N-SENSITIVITIES-0030-ESTIMATE,5.437639886186121,proportion_or_dimensionless_as_labeled,src/barnabus/analysis.py,sensitivities.csv,f33859fef494be6df07ab0f3b77d778e84ea3365daff09d484711c9f7995819f,83b9cec48c0b290e7be9c4626dafc19af4fdfbc2db1f34584f8d4873669964d2,6e98a05f682972c6b753bb0970bd0d8ea40ea481,sensitivity_only,
N-SENSITIVITIES-0031-ESTIMATE,5.3716033098613165,proportion_or_dimensionless_as_labeled,src/barnabus/analysis.py,sensitivities.csv,f33859fef494be6df07ab0f3b77d778e84ea3365daff09d484711c9f7995819f,83b9cec48c0b290e7be9c4626dafc19af4fdfbc2db1f34584f8d4873669964d2,6e98a05f682972c6b753bb0970bd0d8ea40ea481,sensitivity_only,
N-SENSITIVITIES-0032-ESTIMATE,4.322387784490719,proportion_or_dimensionless_as_labeled,src/barnabus/analysis.py,sensitivities.csv,f33859fef494be6df07ab0f3b77d778e84ea3365daff09d484711c9f7995819f,83b9cec48c0b290e7be9c4626dafc19af4fdfbc2db1f34584f8d4873669964d2,6e98a05f682972c6b753bb0970bd0d8ea40ea481,sensitivity_only,
N-SENSITIVITIES-0033-ESTIMATE,4.589195730301454,proportion_or_dimensionless_as_labeled,src/barnabus/analysis.py,sensitivities.csv,f33859fef494be6df07ab0f3b77d778e84ea3365daff09d484711c9f7995819f,83b9cec48c0b290e7be9c4626dafc19af4fdfbc2db1f34584f8d4873669964d2,6e98a05f682972c6b753bb0970bd0d8ea40ea481,sensitivity_only,
N-SENSITIVITIES-0034-ESTIMATE,4.749314170490407,proportion_or_dimensionless_as_labeled,src/barnabus/analysis.py,sensitivities.csv,f33859fef494be6df07ab0f3b77d778e84ea3365daff09d484711c9f7995819f,83b9cec48c0b290e7be9c4626dafc19af4fdfbc2db1f34584f8d4873669964d2,6e98a05f682972c6b753bb0970bd0d8ea40ea481,sensitivity_only,
N-SENSITIVITIES-0035-ESTIMATE,4.963590961781941,proportion_or_dimensionless_as_labeled,src/barnabus/analysis.py,sensitivities.csv,f33859fef494be6df07ab0f3b77d778e84ea3365daff09d484711c9f7995819f,83b9cec48c0b290e7be9c4626dafc19af4fdfbc2db1f34584f8d4873669964d2,6e98a05f682972c6b753bb0970bd0d8ea40ea481,sensitivity_only,
N-SENSITIVITIES-0036-ESTIMATE,4.580990267881941,proportion_or_dimensionless_as_labeled,src/barnabus/analysis.py,sensitivities.csv,f33859fef494be6df07ab0f3b77d778e84ea3365daff09d484711c9f7995819f,83b9cec48c0b290e7be9c4626dafc19af4fdfbc2db1f34584f8d4873669964d2,6e98a05f682972c6b753bb0970bd0d8ea40ea481,sensitivity_only,
N-SENSITIVITIES-0037-ESTIMATE,3.6338496642568,proportion_or_dimensionless_as_labeled,src/barnabus/analysis.py,sensitivities.csv,f33859fef494be6df07ab0f3b77d778e84ea3365daff09d484711c9f7995819f,83b9cec48c0b290e7be9c4626dafc19af4fdfbc2db1f34584f8d4873669964d2,6e98a05f682972c6b753bb0970bd0d8ea40ea481,sensitivity_only,
N-SENSITIVITIES-0038-ESTIMATE,4.90437999617565,proportion_or_dimensionless_as_labeled,src/barnabus/analysis.py,sensitivities.csv,f33859fef494be6df07ab0f3b77d778e84ea3365daff09d484711c9f7995819f,83b9cec48c0b290e7be9c4626dafc19af4fdfbc2db1f34584f8d4873669964d2,6e98a05f682972c6b753bb0970bd0d8ea40ea481,sensitivity_only,
N-SENSITIVITIES-0039-ESTIMATE,4.386713862196287,proportion_or_dimensionless_as_labeled,src/barnabus/analysis.py,sensitivities.csv,f33859fef494be6df07ab0f3b77d778e84ea3365daff09d484711c9f7995819f,83b9cec48c0b290e7be9c4626dafc19af4fdfbc2db1f34584f8d4873669964d2,6e98a05f682972c6b753bb0970bd0d8ea40ea481,sensitivity_only,
N-SENSITIVITIES-0040-ESTIMATE,3.0381507624227995,proportion_or_dimensionless_as_labeled,src/barnabus/analysis.py,sensitivities.csv,f33859fef494be6df07ab0f3b77d778e84ea3365daff09d484711c9f7995819f,83b9cec48c0b290e7be9c4626dafc19af4fdfbc2db1f34584f8d4873669964d2,6e98a05f682972c6b753bb0970bd0d8ea40ea481,sensitivity_only,
N-SENSITIVITIES-0041-ESTIMATE,0.013157765984810657,proportion_or_dimensionless_as_labeled,src/barnabus/analysis.py,sensitivities.csv,f33859fef494be6df07ab0f3b77d778e84ea3365daff09d484711c9f7995819f,83b9cec48c0b290e7be9c4626dafc19af4fdfbc2db1f34584f8d4873669964d2,6e98a05f682972c6b753bb0970bd0d8ea40ea481,sensitivity_only,
N-SENSITIVITIES-0042-ESTIMATE,-0.950861161304041,proportion_or_dimensionless_as_labeled,src/barnabus/analysis.py,sensitivities.csv,f33859fef494be6df07ab0f3b77d778e84ea3365daff09d484711c9f7995819f,83b9cec48c0b290e7be9c4626dafc19af4fdfbc2db1f34584f8d4873669964d2,6e98a05f682972c6b753bb0970bd0d8ea40ea481,sensitivity_only,
N-EVALUATION-0001-VALUE,0.85,proportion_or_dimensionless_as_labeled,src/barnabus/analysis.py,evaluation.csv,f33859fef494be6df07ab0f3b77d778e84ea3365daff09d484711c9f7995819f,83b9cec48c0b290e7be9c4626dafc19af4fdfbc2db1f34584f8d4873669964d2,6e98a05f682972c6b753bb0970bd0d8ea40ea481,observed,no_adjudicated_ground_truth
N-EVALUATION-0001-N,120,count,src/barnabus/analysis.py,evaluation.csv,f33859fef494be6df07ab0f3b77d778e84ea3365daff09d484711c9f7995819f,83b9cec48c0b290e7be9c4626dafc19af4fdfbc2db1f34584f8d4873669964d2,6e98a05f682972c6b753bb0970bd0d8ea40ea481,observed,no_adjudicated_ground_truth
N-EVALUATION-0002-VALUE,0.5343055555555556,proportion_or_dimensionless_as_labeled,src/barnabus/analysis.py,evaluation.csv,f33859fef494be6df07ab0f3b77d778e84ea3365daff09d484711c9f7995819f,83b9cec48c0b290e7be9c4626dafc19af4fdfbc2db1f34584f8d4873669964d2,6e98a05f682972c6b753bb0970bd0d8ea40ea481,observed,no_adjudicated_ground_truth
N-EVALUATION-0002-N,120,count,src/barnabus/analysis.py,evaluation.csv,f33859fef494be6df07ab0f3b77d778e84ea3365daff09d484711c9f7995819f,83b9cec48c0b290e7be9c4626dafc19af4fdfbc2db1f34584f8d4873669964d2,6e98a05f682972c6b753bb0970bd0d8ea40ea481,observed,no_adjudicated_ground_truth
N-EVALUATION-0003-VALUE,0.3156944444444444,proportion_or_dimensionless_as_labeled,src/barnabus/analysis.py,evaluation.csv,f33859fef494be6df07ab0f3b77d778e84ea3365daff09d484711c9f7995819f,83b9cec48c0b290e7be9c4626dafc19af4fdfbc2db1f34584f8d4873669964d2,6e98a05f682972c6b753bb0970bd0d8ea40ea481,observed,no_adjudicated_ground_truth
N-EVALUATION-0003-N,120,count,src/barnabus/analysis.py,evaluation.csv,f33859fef494be6df07ab0f3b77d778e84ea3365daff09d484711c9f7995819f,83b9cec48c0b290e7be9c4626dafc19af4fdfbc2db1f34584f8d4873669964d2,6e98a05f682972c6b753bb0970bd0d8ea40ea481,observed,no_adjudicated_ground_truth
N-EVALUATION-0004-VALUE,0.6779003877124962,proportion_or_dimensionless_as_labeled,src/barnabus/analysis.py,evaluation.csv,f33859fef494be6df07ab0f3b77d778e84ea3365daff09d484711c9f7995819f,83b9cec48c0b290e7be9c4626dafc19af4fdfbc2db1f34584f8d4873669964d2,6e98a05f682972c6b753bb0970bd0d8ea40ea481,observed,no_adjudicated_ground_truth
N-EVALUATION-0004-N,120,count,src/barnabus/analysis.py,evaluation.csv,f33859fef494be6df07ab0f3b77d778e84ea3365daff09d484711c9f7995819f,83b9cec48c0b290e7be9c4626dafc19af4fdfbc2db1f34584f8d4873669964d2,6e98a05f682972c6b753bb0970bd0d8ea40ea481,observed,no_adjudicated_ground_truth
N-EVALUATION-0005-VALUE,0.7199170124481328,proportion_or_dimensionless_as_labeled,src/barnabus/analysis.py,evaluation.csv,f33859fef494be6df07ab0f3b77d778e84ea3365daff09d484711c9f7995819f,83b9cec48c0b290e7be9c4626dafc19af4fdfbc2db1f34584f8d4873669964d2,6e98a05f682972c6b753bb0970bd0d8ea40ea481,observed,no_adjudicated_ground_truth
N-EVALUATION-0005-N,120,count,src/barnabus/analysis.py,evaluation.csv,f33859fef494be6df07ab0f3b77d778e84ea3365daff09d484711c9f7995819f,83b9cec48c0b290e7be9c4626dafc19af4fdfbc2db1f34584f8d4873669964d2,6e98a05f682972c6b753bb0970bd0d8ea40ea481,observed,no_adjudicated_ground_truth
N-EVALUATION-0006-VALUE,120.0,proportion_or_dimensionless_as_labeled,src/barnabus/analysis.py,evaluation.csv,f33859fef494be6df07ab0f3b77d778e84ea3365daff09d484711c9f7995819f,83b9cec48c0b290e7be9c4626dafc19af4fdfbc2db1f34584f8d4873669964d2,6e98a05f682972c6b753bb0970bd0d8ea40ea481,observed,reviewer_specific_no_adjudication_shared_model_family
N-EVALUATION-0006-N,120,count,src/barnabus/analysis.py,evaluation.csv,f33859fef494be6df07ab0f3b77d778e84ea3365daff09d484711c9f7995819f,83b9cec48c0b290e7be9c4626dafc19af4fdfbc2db1f34584f8d4873669964d2,6e98a05f682972c6b753bb0970bd0d8ea40ea481,observed,reviewer_specific_no_adjudication_shared_model_family
N-EVALUATION-0007-VALUE,0.6583333333333333,proportion_or_dimensionless_as_labeled,src/barnabus/analysis.py,evaluation.csv,f33859fef494be6df07ab0f3b77d778e84ea3365daff09d484711c9f7995819f,83b9cec48c0b290e7be9c4626dafc19af4fdfbc2db1f34584f8d4873669964d2,6e98a05f682972c6b753bb0970bd0d8ea40ea481,observed,reviewer_specific_no_adjudication_shared_model_family
N-EVALUATION-0007-N,120,count,src/barnabus/analysis.py,evaluation.csv,f33859fef494be6df07ab0f3b77d778e84ea3365daff09d484711c9f7995819f,83b9cec48c0b290e7be9c4626dafc19af4fdfbc2db1f34584f8d4873669964d2,6e98a05f682972c6b753bb0970bd0d8ea40ea481,observed,reviewer_specific_no_adjudication_shared_model_family
N-EVALUATION-0008-VALUE,0.47653596789132446,proportion_or_dimensionless_as_labeled,src/barnabus/analysis.py,evaluation.csv,f33859fef494be6df07ab0f3b77d778e84ea3365daff09d484711c9f7995819f,83b9cec48c0b290e7be9c4626dafc19af4fdfbc2db1f34584f8d4873669964d2,6e98a05f682972c6b753bb0970bd0d8ea40ea481,observed,reviewer_specific_no_adjudication_shared_model_family
N-EVALUATION-0008-N,120,count,src/barnabus/analysis.py,evaluation.csv,f33859fef494be6df07ab0f3b77d778e84ea3365daff09d484711c9f7995819f,83b9cec48c0b290e7be9c4626dafc19af4fdfbc2db1f34584f8d4873669964d2,6e98a05f682972c6b753bb0970bd0d8ea40ea481,observed,reviewer_specific_no_adjudication_shared_model_family
N-EVALUATION-0009-VALUE,0.9367088607594937,proportion_or_dimensionless_as_labeled,src/barnabus/analysis.py,evaluation.csv,f33859fef494be6df07ab0f3b77d778e84ea3365daff09d484711c9f7995819f,83b9cec48c0b290e7be9c4626dafc19af4fdfbc2db1f34584f8d4873669964d2,6e98a05f682972c6b753bb0970bd0d8ea40ea481,observed,reviewer_specific_no_adjudication_shared_model_family
N-EVALUATION-0009-N,120,count,src/barnabus/analysis.py,evaluation.csv,f33859fef494be6df07ab0f3b77d778e84ea3365daff09d484711c9f7995819f,83b9cec48c0b290e7be9c4626dafc19af4fdfbc2db1f34584f8d4873669964d2,6e98a05f682972c6b753bb0970bd0d8ea40ea481,observed,reviewer_specific_no_adjudication_shared_model_family
N-EVALUATION-0010-VALUE,0.14634146341463414,proportion_or_dimensionless_as_labeled,src/barnabus/analysis.py,evaluation.csv,f33859fef494be6df07ab0f3b77d778e84ea3365daff09d484711c9f7995819f,83b9cec48c0b290e7be9c4626dafc19af4fdfbc2db1f34584f8d4873669964d2,6e98a05f682972c6b753bb0970bd0d8ea40ea481,observed,reviewer_specific_no_adjudication_shared_model_family
N-EVALUATION-0010-N,120,count,src/barnabus/analysis.py,evaluation.csv,f33859fef494be6df07ab0f3b77d778e84ea3365daff09d484711c9f7995819f,83b9cec48c0b290e7be9c4626dafc19af4fdfbc2db1f34584f8d4873669964d2,6e98a05f682972c6b753bb0970bd0d8ea40ea481,observed,reviewer_specific_no_adjudication_shared_model_family
N-EVALUATION-0011-VALUE,0.6788990825688074,proportion_or_dimensionless_as_labeled,src/barnabus/analysis.py,evaluation.csv,f33859fef494be6df07ab0f3b77d778e84ea3365daff09d484711c9f7995819f,83b9cec48c0b290e7be9c4626dafc19af4fdfbc2db1f34584f8d4873669964d2,6e98a05f682972c6b753bb0970bd0d8ea40ea481,observed,reviewer_specific_no_adjudication_shared_model_family
N-EVALUATION-0011-N,120,count,src/barnabus/analysis.py,evaluation.csv,f33859fef494be6df07ab0f3b77d778e84ea3365daff09d484711c9f7995819f,83b9cec48c0b290e7be9c4626dafc19af4fdfbc2db1f34584f8d4873669964d2,6e98a05f682972c6b753bb0970bd0d8ea40ea481,observed,reviewer_specific_no_adjudication_shared_model_family
N-EVALUATION-0012-VALUE,0.5454545454545454,proportion_or_dimensionless_as_labeled,src/barnabus/analysis.py,evaluation.csv,f33859fef494be6df07ab0f3b77d778e84ea3365daff09d484711c9f7995819f,83b9cec48c0b290e7be9c4626dafc19af4fdfbc2db1f34584f8d4873669964d2,6e98a05f682972c6b753bb0970bd0d8ea40ea481,observed,reviewer_specific_no_adjudication_shared_model_family
N-EVALUATION-0012-N,120,count,src/barnabus/analysis.py,evaluation.csv,f33859fef494be6df07ab0f3b77d778e84ea3365daff09d484711c9f7995819f,83b9cec48c0b290e7be9c4626dafc19af4fdfbc2db1f34584f8d4873669964d2,6e98a05f682972c6b753bb0970bd0d8ea40ea481,observed,reviewer_specific_no_adjudication_shared_model_family
N-EVALUATION-0013-VALUE,0.5415251620870639,proportion_or_dimensionless_as_labeled,src/barnabus/analysis.py,evaluation.csv,f33859fef494be6df07ab0f3b77d778e84ea3365daff09d484711c9f7995819f,83b9cec48c0b290e7be9c4626dafc19af4fdfbc2db1f34584f8d4873669964d2,6e98a05f682972c6b753bb0970bd0d8ea40ea481,observed,reviewer_specific_no_adjudication_shared_model_family
N-EVALUATION-0013-N,120,count,src/barnabus/analysis.py,evaluation.csv,f33859fef494be6df07ab0f3b77d778e84ea3365daff09d484711c9f7995819f,83b9cec48c0b290e7be9c4626dafc19af4fdfbc2db1f34584f8d4873669964d2,6e98a05f682972c6b753bb0970bd0d8ea40ea481,observed,reviewer_specific_no_adjudication_shared_model_family
N-EVALUATION-0013-P_VALUE,0.0001,proportion_or_dimensionless_as_labeled,src/barnabus/analysis.py,evaluation.csv,f33859fef494be6df07ab0f3b77d778e84ea3365daff09d484711c9f7995819f,83b9cec48c0b290e7be9c4626dafc19af4fdfbc2db1f34584f8d4873669964d2,6e98a05f682972c6b753bb0970bd0d8ea40ea481,observed,reviewer_specific_no_adjudication_shared_model_family
N-EVALUATION-0014-VALUE,0.2697941416666667,proportion_or_dimensionless_as_labeled,src/barnabus/analysis.py,evaluation.csv,f33859fef494be6df07ab0f3b77d778e84ea3365daff09d484711c9f7995819f,83b9cec48c0b290e7be9c4626dafc19af4fdfbc2db1f34584f8d4873669964d2,6e98a05f682972c6b753bb0970bd0d8ea40ea481,assumed,reviewer_specific_no_adjudication_shared_model_family
N-EVALUATION-0014-N,120,count,src/barnabus/analysis.py,evaluation.csv,f33859fef494be6df07ab0f3b77d778e84ea3365daff09d484711c9f7995819f,83b9cec48c0b290e7be9c4626dafc19af4fdfbc2db1f34584f8d4873669964d2,6e98a05f682972c6b753bb0970bd0d8ea40ea481,assumed,reviewer_specific_no_adjudication_shared_model_family
N-EVALUATION-0015-VALUE,1.0361829510172504,proportion_or_dimensionless_as_labeled,src/barnabus/analysis.py,evaluation.csv,f33859fef494be6df07ab0f3b77d778e84ea3365daff09d484711c9f7995819f,83b9cec48c0b290e7be9c4626dafc19af4fdfbc2db1f34584f8d4873669964d2,6e98a05f682972c6b753bb0970bd0d8ea40ea481,assumed,reviewer_specific_no_adjudication_shared_model_family
N-EVALUATION-0015-N,120,count,src/barnabus/analysis.py,evaluation.csv,f33859fef494be6df07ab0f3b77d778e84ea3365daff09d484711c9f7995819f,83b9cec48c0b290e7be9c4626dafc19af4fdfbc2db1f34584f8d4873669964d2,6e98a05f682972c6b753bb0970bd0d8ea40ea481,assumed,reviewer_specific_no_adjudication_shared_model_family
N-EVALUATION-0016-VALUE,,proportion_or_dimensionless_as_labeled,src/barnabus/analysis.py,evaluation.csv,f33859fef494be6df07ab0f3b77d778e84ea3365daff09d484711c9f7995819f,83b9cec48c0b290e7be9c4626dafc19af4fdfbc2db1f34584f8d4873669964d2,6e98a05f682972c6b753bb0970bd0d8ea40ea481,assumed,reviewer_specific_no_adjudication_shared_model_family
N-EVALUATION-0016-N,120,count,src/barnabus/analysis.py,evaluation.csv,f33859fef494be6df07ab0f3b77d778e84ea3365daff09d484711c9f7995819f,83b9cec48c0b290e7be9c4626dafc19af4fdfbc2db1f34584f8d4873669964d2,6e98a05f682972c6b753bb0970bd0d8ea40ea481,assumed,reviewer_specific_no_adjudication_shared_model_family
N-EVALUATION-0017-VALUE,,proportion_or_dimensionless_as_labeled,src/barnabus/analysis.py,evaluation.csv,f33859fef494be6df07ab0f3b77d778e84ea3365daff09d484711c9f7995819f,83b9cec48c0b290e7be9c4626dafc19af4fdfbc2db1f34584f8d4873669964d2,6e98a05f682972c6b753bb0970bd0d8ea40ea481,assumed,reviewer_specific_no_adjudication_shared_model_family
N-EVALUATION-0017-N,120,count,src/barnabus/analysis.py,evaluation.csv,f33859fef494be6df07ab0f3b77d778e84ea3365daff09d484711c9f7995819f,83b9cec48c0b290e7be9c4626dafc19af4fdfbc2db1f34584f8d4873669964d2,6e98a05f682972c6b753bb0970bd0d8ea40ea481,assumed,reviewer_specific_no_adjudication_shared_model_family
N-EVALUATION-0018-VALUE,120.0,proportion_or_dimensionless_as_labeled,src/barnabus/analysis.py,evaluation.csv,f33859fef494be6df07ab0f3b77d778e84ea3365daff09d484711c9f7995819f,83b9cec48c0b290e7be9c4626dafc19af4fdfbc2db1f34584f8d4873669964d2,6e98a05f682972c6b753bb0970bd0d8ea40ea481,observed,reviewer_specific_no_adjudication_shared_model_family
N-EVALUATION-0018-N,120,count,src/barnabus/analysis.py,evaluation.csv,f33859fef494be6df07ab0f3b77d778e84ea3365daff09d484711c9f7995819f,83b9cec48c0b290e7be9c4626dafc19af4fdfbc2db1f34584f8d4873669964d2,6e98a05f682972c6b753bb0970bd0d8ea40ea481,observed,reviewer_specific_no_adjudication_shared_model_family
N-EVALUATION-0019-VALUE,0.6083333333333333,proportion_or_dimensionless_as_labeled,src/barnabus/analysis.py,evaluation.csv,f33859fef494be6df07ab0f3b77d778e84ea3365daff09d484711c9f7995819f,83b9cec48c0b290e7be9c4626dafc19af4fdfbc2db1f34584f8d4873669964d2,6e98a05f682972c6b753bb0970bd0d8ea40ea481,observed,reviewer_specific_no_adjudication_shared_model_family
N-EVALUATION-0019-N,120,count,src/barnabus/analysis.py,evaluation.csv,f33859fef494be6df07ab0f3b77d778e84ea3365daff09d484711c9f7995819f,83b9cec48c0b290e7be9c4626dafc19af4fdfbc2db1f34584f8d4873669964d2,6e98a05f682972c6b753bb0970bd0d8ea40ea481,observed,reviewer_specific_no_adjudication_shared_model_family
N-EVALUATION-0020-VALUE,0.5540658700087439,proportion_or_dimensionless_as_labeled,src/barnabus/analysis.py,evaluation.csv,f33859fef494be6df07ab0f3b77d778e84ea3365daff09d484711c9f7995819f,83b9cec48c0b290e7be9c4626dafc19af4fdfbc2db1f34584f8d4873669964d2,6e98a05f682972c6b753bb0970bd0d8ea40ea481,observed,reviewer_specific_no_adjudication_shared_model_family
N-EVALUATION-0020-N,120,count,src/barnabus/analysis.py,evaluation.csv,f33859fef494be6df07ab0f3b77d778e84ea3365daff09d484711c9f7995819f,83b9cec48c0b290e7be9c4626dafc19af4fdfbc2db1f34584f8d4873669964d2,6e98a05f682972c6b753bb0970bd0d8ea40ea481,observed,reviewer_specific_no_adjudication_shared_model_family
N-EVALUATION-0021-VALUE,0.958904109589041,proportion_or_dimensionless_as_labeled,src/barnabus/analysis.py,evaluation.csv,f33859fef494be6df07ab0f3b77d778e84ea3365daff09d484711c9f7995819f,83b9cec48c0b290e7be9c4626dafc19af4fdfbc2db1f34584f8d4873669964d2,6e98a05f682972c6b753bb0970bd0d8ea40ea481,observed,reviewer_specific_no_adjudication_shared_model_family
N-EVALUATION-0021-N,120,count,src/barnabus/analysis.py,evaluation.csv,f33859fef494be6df07ab0f3b77d778e84ea3365daff09d484711c9f7995819f,83b9cec48c0b290e7be9c4626dafc19af4fdfbc2db1f34584f8d4873669964d2,6e98a05f682972c6b753bb0970bd0d8ea40ea481,observed,reviewer_specific_no_adjudication_shared_model_family
N-EVALUATION-0022-VALUE,0.1702127659574468,proportion_or_dimensionless_as_labeled,src/barnabus/analysis.py,evaluation.csv,f33859fef494be6df07ab0f3b77d778e84ea3365daff09d484711c9f7995819f,83b9cec48c0b290e7be9c4626dafc19af4fdfbc2db1f34584f8d4873669964d2,6e98a05f682972c6b753bb0970bd0d8ea40ea481,observed,reviewer_specific_no_adjudication_shared_model_family
N-EVALUATION-0022-N,120,count,src/barnabus/analysis.py,evaluation.csv,f33859fef494be6df07ab0f3b77d778e84ea3365daff09d484711c9f7995819f,83b9cec48c0b290e7be9c4626dafc19af4fdfbc2db1f34584f8d4873669964d2,6e98a05f682972c6b753bb0970bd0d8ea40ea481,observed,reviewer_specific_no_adjudication_shared_model_family
N-EVALUATION-0023-VALUE,0.6422018348623854,proportion_or_dimensionless_as_labeled,src/barnabus/analysis.py,evaluation.csv,f33859fef494be6df07ab0f3b77d778e84ea3365daff09d484711c9f7995819f,83b9cec48c0b290e7be9c4626dafc19af4fdfbc2db1f34584f8d4873669964d2,6e98a05f682972c6b753bb0970bd0d8ea40ea481,observed,reviewer_specific_no_adjudication_shared_model_family
N-EVALUATION-0023-N,120,count,src/barnabus/analysis.py,evaluation.csv,f33859fef494be6df07ab0f3b77d778e84ea3365daff09d484711c9f7995819f,83b9cec48c0b290e7be9c4626dafc19af4fdfbc2db1f34584f8d4873669964d2,6e98a05f682972c6b753bb0970bd0d8ea40ea481,observed,reviewer_specific_no_adjudication_shared_model_family
N-EVALUATION-0024-VALUE,0.7272727272727273,proportion_or_dimensionless_as_labeled,src/barnabus/analysis.py,evaluation.csv,f33859fef494be6df07ab0f3b77d778e84ea3365daff09d484711c9f7995819f,83b9cec48c0b290e7be9c4626dafc19af4fdfbc2db1f34584f8d4873669964d2,6e98a05f682972c6b753bb0970bd0d8ea40ea481,observed,reviewer_specific_no_adjudication_shared_model_family
N-EVALUATION-0024-N,120,count,src/barnabus/analysis.py,evaluation.csv,f33859fef494be6df07ab0f3b77d778e84ea3365daff09d484711c9f7995819f,83b9cec48c0b290e7be9c4626dafc19af4fdfbc2db1f34584f8d4873669964d2,6e98a05f682972c6b753bb0970bd0d8ea40ea481,observed,reviewer_specific_no_adjudication_shared_model_family
N-EVALUATION-0025-VALUE,0.5645584377732439,proportion_or_dimensionless_as_labeled,src/barnabus/analysis.py,evaluation.csv,f33859fef494be6df07ab0f3b77d778e84ea3365daff09d484711c9f7995819f,83b9cec48c0b290e7be9c4626dafc19af4fdfbc2db1f34584f8d4873669964d2,6e98a05f682972c6b753bb0970bd0d8ea40ea481,observed,reviewer_specific_no_adjudication_shared_model_family
N-EVALUATION-0025-N,120,count,src/barnabus/analysis.py,evaluation.csv,f33859fef494be6df07ab0f3b77d778e84ea3365daff09d484711c9f7995819f,83b9cec48c0b290e7be9c4626dafc19af4fdfbc2db1f34584f8d4873669964d2,6e98a05f682972c6b753bb0970bd0d8ea40ea481,observed,reviewer_specific_no_adjudication_shared_model_family
N-EVALUATION-0025-P_VALUE,0.0001,proportion_or_dimensionless_as_labeled,src/barnabus/analysis.py,evaluation.csv,f33859fef494be6df07ab0f3b77d778e84ea3365daff09d484711c9f7995819f,83b9cec48c0b290e7be9c4626dafc19af4fdfbc2db1f34584f8d4873669964d2,6e98a05f682972c6b753bb0970bd0d8ea40ea481,observed,reviewer_specific_no_adjudication_shared_model_family
N-EVALUATION-0026-VALUE,0.28202747499999997,proportion_or_dimensionless_as_labeled,src/barnabus/analysis.py,evaluation.csv,f33859fef494be6df07ab0f3b77d778e84ea3365daff09d484711c9f7995819f,83b9cec48c0b290e7be9c4626dafc19af4fdfbc2db1f34584f8d4873669964d2,6e98a05f682972c6b753bb0970bd0d8ea40ea481,assumed,reviewer_specific_no_adjudication_shared_model_family
N-EVALUATION-0026-N,120,count,src/barnabus/analysis.py,evaluation.csv,f33859fef494be6df07ab0f3b77d778e84ea3365daff09d484711c9f7995819f,83b9cec48c0b290e7be9c4626dafc19af4fdfbc2db1f34584f8d4873669964d2,6e98a05f682972c6b753bb0970bd0d8ea40ea481,assumed,reviewer_specific_no_adjudication_shared_model_family
N-EVALUATION-0027-VALUE,0.8643282249350137,proportion_or_dimensionless_as_labeled,src/barnabus/analysis.py,evaluation.csv,f33859fef494be6df07ab0f3b77d778e84ea3365daff09d484711c9f7995819f,83b9cec48c0b290e7be9c4626dafc19af4fdfbc2db1f34584f8d4873669964d2,6e98a05f682972c6b753bb0970bd0d8ea40ea481,assumed,reviewer_specific_no_adjudication_shared_model_family
N-EVALUATION-0027-N,120,count,src/barnabus/analysis.py,evaluation.csv,f33859fef494be6df07ab0f3b77d778e84ea3365daff09d484711c9f7995819f,83b9cec48c0b290e7be9c4626dafc19af4fdfbc2db1f34584f8d4873669964d2,6e98a05f682972c6b753bb0970bd0d8ea40ea481,assumed,reviewer_specific_no_adjudication_shared_model_family
N-EVALUATION-0028-VALUE,,proportion_or_dimensionless_as_labeled,src/barnabus/analysis.py,evaluation.csv,f33859fef494be6df07ab0f3b77d778e84ea3365daff09d484711c9f7995819f,83b9cec48c0b290e7be9c4626dafc19af4fdfbc2db1f34584f8d4873669964d2,6e98a05f682972c6b753bb0970bd0d8ea40ea481,assumed,reviewer_specific_no_adjudication_shared_model_family
N-EVALUATION-0028-N,120,count,src/barnabus/analysis.py,evaluation.csv,f33859fef494be6df07ab0f3b77d778e84ea3365daff09d484711c9f7995819f,83b9cec48c0b290e7be9c4626dafc19af4fdfbc2db1f34584f8d4873669964d2,6e98a05f682972c6b753bb0970bd0d8ea40ea481,assumed,reviewer_specific_no_adjudication_shared_model_family
N-EVALUATION-0029-VALUE,,proportion_or_dimensionless_as_labeled,src/barnabus/analysis.py,evaluation.csv,f33859fef494be6df07ab0f3b77d778e84ea3365daff09d484711c9f7995819f,83b9cec48c0b290e7be9c4626dafc19af4fdfbc2db1f34584f8d4873669964d2,6e98a05f682972c6b753bb0970bd0d8ea40ea481,assumed,reviewer_specific_no_adjudication_shared_model_family
N-EVALUATION-0029-N,120,count,src/barnabus/analysis.py,evaluation.csv,f33859fef494be6df07ab0f3b77d778e84ea3365daff09d484711c9f7995819f,83b9cec48c0b290e7be9c4626dafc19af4fdfbc2db1f34584f8d4873669964d2,6e98a05f682972c6b753bb0970bd0d8ea40ea481,assumed,reviewer_specific_no_adjudication_shared_model_family
N-EVALUATION-0030-VALUE,38135.0,proportion_or_dimensionless_as_labeled,src/barnabus/analysis.py,evaluation.csv,f33859fef494be6df07ab0f3b77d778e84ea3365daff09d484711c9f7995819f,83b9cec48c0b290e7be9c4626dafc19af4fdfbc2db1f34584f8d4873669964d2,6e98a05f682972c6b753bb0970bd0d8ea40ea481,sensitivity_only,outcome_is_not_authorized_day_of_surgery_cancellation_mapping
N-EVALUATION-0030-N,38135,count,src/barnabus/analysis.py,evaluation.csv,f33859fef494be6df07ab0f3b77d778e84ea3365daff09d484711c9f7995819f,83b9cec48c0b290e7be9c4626dafc19af4fdfbc2db1f34584f8d4873669964d2,6e98a05f682972c6b753bb0970bd0d8ea40ea481,sensitivity_only,outcome_is_not_authorized_day_of_surgery_cancellation_mapping
N-EVALUATION-0031-VALUE,0.09618460731611381,proportion_or_dimensionless_as_labeled,src/barnabus/analysis.py,evaluation.csv,f33859fef494be6df07ab0f3b77d778e84ea3365daff09d484711c9f7995819f,83b9cec48c0b290e7be9c4626dafc19af4fdfbc2db1f34584f8d4873669964d2,6e98a05f682972c6b753bb0970bd0d8ea40ea481,sensitivity_only,outcome_is_not_authorized_day_of_surgery_cancellation_mapping
N-EVALUATION-0031-N,38135,count,src/barnabus/analysis.py,evaluation.csv,f33859fef494be6df07ab0f3b77d778e84ea3365daff09d484711c9f7995819f,83b9cec48c0b290e7be9c4626dafc19af4fdfbc2db1f34584f8d4873669964d2,6e98a05f682972c6b753bb0970bd0d8ea40ea481,sensitivity_only,outcome_is_not_authorized_day_of_surgery_cancellation_mapping
N-EVALUATION-0032-VALUE,0.012299786760455744,proportion_or_dimensionless_as_labeled,src/barnabus/analysis.py,evaluation.csv,f33859fef494be6df07ab0f3b77d778e84ea3365daff09d484711c9f7995819f,83b9cec48c0b290e7be9c4626dafc19af4fdfbc2db1f34584f8d4873669964d2,6e98a05f682972c6b753bb0970bd0d8ea40ea481,sensitivity_only,outcome_is_not_authorized_day_of_surgery_cancellation_mapping
N-EVALUATION-0032-N,38135,count,src/barnabus/analysis.py,evaluation.csv,f33859fef494be6df07ab0f3b77d778e84ea3365daff09d484711c9f7995819f,83b9cec48c0b290e7be9c4626dafc19af4fdfbc2db1f34584f8d4873669964d2,6e98a05f682972c6b753bb0970bd0d8ea40ea481,sensitivity_only,outcome_is_not_authorized_day_of_surgery_cancellation_mapping
N-EVALUATION-0033-VALUE,0.0002726281352235551,proportion_or_dimensionless_as_labeled,src/barnabus/analysis.py,evaluation.csv,f33859fef494be6df07ab0f3b77d778e84ea3365daff09d484711c9f7995819f,83b9cec48c0b290e7be9c4626dafc19af4fdfbc2db1f34584f8d4873669964d2,6e98a05f682972c6b753bb0970bd0d8ea40ea481,sensitivity_only,outcome_is_not_authorized_day_of_surgery_cancellation_mapping
N-EVALUATION-0033-N,38135,count,src/barnabus/analysis.py,evaluation.csv,f33859fef494be6df07ab0f3b77d778e84ea3365daff09d484711c9f7995819f,83b9cec48c0b290e7be9c4626dafc19af4fdfbc2db1f34584f8d4873669964d2,6e98a05f682972c6b753bb0970bd0d8ea40ea481,sensitivity_only,outcome_is_not_authorized_day_of_surgery_cancellation_mapping
N-EVALUATION-0034-VALUE,0.9544781965358169,proportion_or_dimensionless_as_labeled,src/barnabus/analysis.py,evaluation.csv,f33859fef494be6df07ab0f3b77d778e84ea3365daff09d484711c9f7995819f,83b9cec48c0b290e7be9c4626dafc19af4fdfbc2db1f34584f8d4873669964d2,6e98a05f682972c6b753bb0970bd0d8ea40ea481,sensitivity_only,outcome_is_not_authorized_day_of_surgery_cancellation_mapping
N-EVALUATION-0034-N,38135,count,src/barnabus/analysis.py,evaluation.csv,f33859fef494be6df07ab0f3b77d778e84ea3365daff09d484711c9f7995819f,83b9cec48c0b290e7be9c4626dafc19af4fdfbc2db1f34584f8d4873669964d2,6e98a05f682972c6b753bb0970bd0d8ea40ea481,sensitivity_only,outcome_is_not_authorized_day_of_surgery_cancellation_mapping
N-EVALUATION-0035-VALUE,0.0006369426751592356,proportion_or_dimensionless_as_labeled,src/barnabus/analysis.py,evaluation.csv,f33859fef494be6df07ab0f3b77d778e84ea3365daff09d484711c9f7995819f,83b9cec48c0b290e7be9c4626dafc19af4fdfbc2db1f34584f8d4873669964d2,6e98a05f682972c6b753bb0970bd0d8ea40ea481,sensitivity_only,outcome_is_not_authorized_day_of_surgery_cancellation_mapping
N-EVALUATION-0035-N,38135,count,src/barnabus/analysis.py,evaluation.csv,f33859fef494be6df07ab0f3b77d778e84ea3365daff09d484711c9f7995819f,83b9cec48c0b290e7be9c4626dafc19af4fdfbc2db1f34584f8d4873669964d2,6e98a05f682972c6b753bb0970bd0d8ea40ea481,sensitivity_only,outcome_is_not_authorized_day_of_surgery_cancellation_mapping
N-EVALUATION-0036-VALUE,0.8997128401476822,proportion_or_dimensionless_as_labeled,src/barnabus/analysis.py,evaluation.csv,f33859fef494be6df07ab0f3b77d778e84ea3365daff09d484711c9f7995819f,83b9cec48c0b290e7be9c4626dafc19af4fdfbc2db1f34584f8d4873669964d2,6e98a05f682972c6b753bb0970bd0d8ea40ea481,sensitivity_only,outcome_is_not_authorized_day_of_surgery_cancellation_mapping
N-EVALUATION-0036-N,38135,count,src/barnabus/analysis.py,evaluation.csv,f33859fef494be6df07ab0f3b77d778e84ea3365daff09d484711c9f7995819f,83b9cec48c0b290e7be9c4626dafc19af4fdfbc2db1f34584f8d4873669964d2,6e98a05f682972c6b753bb0970bd0d8ea40ea481,sensitivity_only,outcome_is_not_authorized_day_of_surgery_cancellation_mapping
N-EVALUATION-0037-VALUE,0.4773754123355202,proportion_or_dimensionless_as_labeled,src/barnabus/analysis.py,evaluation.csv,f33859fef494be6df07ab0f3b77d778e84ea3365daff09d484711c9f7995819f,83b9cec48c0b290e7be9c4626dafc19af4fdfbc2db1f34584f8d4873669964d2,6e98a05f682972c6b753bb0970bd0d8ea40ea481,sensitivity_only,outcome_is_not_authorized_day_of_surgery_cancellation_mapping
N-EVALUATION-0037-N,38135,count,src/barnabus/analysis.py,evaluation.csv,f33859fef494be6df07ab0f3b77d778e84ea3365daff09d484711c9f7995819f,83b9cec48c0b290e7be9c4626dafc19af4fdfbc2db1f34584f8d4873669964d2,6e98a05f682972c6b753bb0970bd0d8ea40ea481,sensitivity_only,outcome_is_not_authorized_day_of_surgery_cancellation_mapping
N-EVALUATION-0038-VALUE,0.25173230718998296,proportion_or_dimensionless_as_labeled,src/barnabus/analysis.py,evaluation.csv,f33859fef494be6df07ab0f3b77d778e84ea3365daff09d484711c9f7995819f,83b9cec48c0b290e7be9c4626dafc19af4fdfbc2db1f34584f8d4873669964d2,6e98a05f682972c6b753bb0970bd0d8ea40ea481,sensitivity_only,outcome_is_not_authorized_day_of_surgery_cancellation_mapping
N-EVALUATION-0038-N,38135,count,src/barnabus/analysis.py,evaluation.csv,f33859fef494be6df07ab0f3b77d778e84ea3365daff09d484711c9f7995819f,83b9cec48c0b290e7be9c4626dafc19af4fdfbc2db1f34584f8d4873669964d2,6e98a05f682972c6b753bb0970bd0d8ea40ea481,sensitivity_only,outcome_is_not_authorized_day_of_surgery_cancellation_mapping
N-EVALUATION-0039-VALUE,0.7454607203219399,proportion_or_dimensionless_as_labeled,src/barnabus/analysis.py,evaluation.csv,f33859fef494be6df07ab0f3b77d778e84ea3365daff09d484711c9f7995819f,83b9cec48c0b290e7be9c4626dafc19af4fdfbc2db1f34584f8d4873669964d2,6e98a05f682972c6b753bb0970bd0d8ea40ea481,sensitivity_only,outcome_is_not_authorized_day_of_surgery_cancellation_mapping
N-EVALUATION-0039-N,38135,count,src/barnabus/analysis.py,evaluation.csv,f33859fef494be6df07ab0f3b77d778e84ea3365daff09d484711c9f7995819f,83b9cec48c0b290e7be9c4626dafc19af4fdfbc2db1f34584f8d4873669964d2,6e98a05f682972c6b753bb0970bd0d8ea40ea481,sensitivity_only,outcome_is_not_authorized_day_of_surgery_cancellation_mapping
N-EVALUATION-0040-VALUE,-7.286871223903536,proportion_or_dimensionless_as_labeled,src/barnabus/analysis.py,evaluation.csv,f33859fef494be6df07ab0f3b77d778e84ea3365daff09d484711c9f7995819f,83b9cec48c0b290e7be9c4626dafc19af4fdfbc2db1f34584f8d4873669964d2,6e98a05f682972c6b753bb0970bd0d8ea40ea481,sensitivity_only,outcome_is_not_authorized_day_of_surgery_cancellation_mapping
N-EVALUATION-0040-N,38135,count,src/barnabus/analysis.py,evaluation.csv,f33859fef494be6df07ab0f3b77d778e84ea3365daff09d484711c9f7995819f,83b9cec48c0b290e7be9c4626dafc19af4fdfbc2db1f34584f8d4873669964d2,6e98a05f682972c6b753bb0970bd0d8ea40ea481,sensitivity_only,outcome_is_not_authorized_day_of_surgery_cancellation_mapping
N-EVALUATION-0041-VALUE,-3.9097535036319444,proportion_or_dimensionless_as_labeled,src/barnabus/analysis.py,evaluation.csv,f33859fef494be6df07ab0f3b77d778e84ea3365daff09d484711c9f7995819f,83b9cec48c0b290e7be9c4626dafc19af4fdfbc2db1f34584f8d4873669964d2,6e98a05f682972c6b753bb0970bd0d8ea40ea481,sensitivity_only,outcome_is_not_authorized_day_of_surgery_cancellation_mapping
N-EVALUATION-0041-N,38135,count,src/barnabus/analysis.py,evaluation.csv,f33859fef494be6df07ab0f3b77d778e84ea3365daff09d484711c9f7995819f,83b9cec48c0b290e7be9c4626dafc19af4fdfbc2db1f34584f8d4873669964d2,6e98a05f682972c6b753bb0970bd0d8ea40ea481,sensitivity_only,outcome_is_not_authorized_day_of_surgery_cancellation_mapping
N-EVALUATION-0042-VALUE,-0.06710233036373549,proportion_or_dimensionless_as_labeled,src/barnabus/analysis.py,evaluation.csv,f33859fef494be6df07ab0f3b77d778e84ea3365daff09d484711c9f7995819f,83b9cec48c0b290e7be9c4626dafc19af4fdfbc2db1f34584f8d4873669964d2,6e98a05f682972c6b753bb0970bd0d8ea40ea481,sensitivity_only,outcome_is_not_authorized_day_of_surgery_cancellation_mapping
N-EVALUATION-0042-N,38135,count,src/barnabus/analysis.py,evaluation.csv,f33859fef494be6df07ab0f3b77d778e84ea3365daff09d484711c9f7995819f,83b9cec48c0b290e7be9c4626dafc19af4fdfbc2db1f34584f8d4873669964d2,6e98a05f682972c6b753bb0970bd0d8ea40ea481,sensitivity_only,outcome_is_not_authorized_day_of_surgery_cancellation_mapping
N-EVALUATION-0043-VALUE,4561,proportion_or_dimensionless_as_labeled,src/barnabus/analysis.py,evaluation.csv,f33859fef494be6df07ab0f3b77d778e84ea3365daff09d484711c9f7995819f,83b9cec48c0b290e7be9c4626dafc19af4fdfbc2db1f34584f8d4873669964d2,6e98a05f682972c6b753bb0970bd0d8ea40ea481,observed,batch_score_is_transport_diagnostic_only
N-EVALUATION-0043-N,38135,count,src/barnabus/analysis.py,evaluation.csv,f33859fef494be6df07ab0f3b77d778e84ea3365daff09d484711c9f7995819f,83b9cec48c0b290e7be9c4626dafc19af4fdfbc2db1f34584f8d4873669964d2,6e98a05f682972c6b753bb0970bd0d8ea40ea481,observed,batch_score_is_transport_diagnostic_only
N-EVALUATION-0044-VALUE,4561,proportion_or_dimensionless_as_labeled,src/barnabus/analysis.py,evaluation.csv,f33859fef494be6df07ab0f3b77d778e84ea3365daff09d484711c9f7995819f,83b9cec48c0b290e7be9c4626dafc19af4fdfbc2db1f34584f8d4873669964d2,6e98a05f682972c6b753bb0970bd0d8ea40ea481,observed,batch_live_difference_concentrated_in_null_feature_rows
N-EVALUATION-0044-N,38135,count,src/barnabus/analysis.py,evaluation.csv,f33859fef494be6df07ab0f3b77d778e84ea3365daff09d484711c9f7995819f,83b9cec48c0b290e7be9c4626dafc19af4fdfbc2db1f34584f8d4873669964d2,6e98a05f682972c6b753bb0970bd0d8ea40ea481,observed,batch_live_difference_concentrated_in_null_feature_rows
N-EVALUATION-0045-VALUE,9111,proportion_or_dimensionless_as_labeled,src/barnabus/analysis.py,evaluation.csv,f33859fef494be6df07ab0f3b77d778e84ea3365daff09d484711c9f7995819f,83b9cec48c0b290e7be9c4626dafc19af4fdfbc2db1f34584f8d4873669964d2,6e98a05f682972c6b753bb0970bd0d8ea40ea481,observed,date_only_score_timestamp
N-EVALUATION-0045-N,38135,count,src/barnabus/analysis.py,evaluation.csv,f33859fef494be6df07ab0f3b77d778e84ea3365daff09d484711c9f7995819f,83b9cec48c0b290e7be9c4626dafc19af4fdfbc2db1f34584f8d4873669964d2,6e98a05f682972c6b753bb0970bd0d8ea40ea481,observed,date_only_score_timestamp
N-EVALUATION-0046-VALUE,6092,proportion_or_dimensionless_as_labeled,src/barnabus/analysis.py,evaluation.csv,f33859fef494be6df07ab0f3b77d778e84ea3365daff09d484711c9f7995819f,83b9cec48c0b290e7be9c4626dafc19af4fdfbc2db1f34584f8d4873669964d2,6e98a05f682972c6b753bb0970bd0d8ea40ea481,observed,date_only_score_timestamp_and_no_feature_lineage
N-EVALUATION-0046-N,38135,count,src/barnabus/analysis.py,evaluation.csv,f33859fef494be6df07ab0f3b77d778e84ea3365daff09d484711c9f7995819f,83b9cec48c0b290e7be9c4626dafc19af4fdfbc2db1f34584f8d4873669964d2,6e98a05f682972c6b753bb0970bd0d8ea40ea481,observed,date_only_score_timestamp_and_no_feature_lineage
N-EVALUATION-0047-VALUE,0.40759837177747626,proportion_or_dimensionless_as_labeled,src/barnabus/analysis.py,evaluation.csv,f33859fef494be6df07ab0f3b77d778e84ea3365daff09d484711c9f7995819f,83b9cec48c0b290e7be9c4626dafc19af4fdfbc2db1f34584f8d4873669964d2,6e98a05f682972c6b753bb0970bd0d8ea40ea481,observed,no_treatment_assignment_or_counterfactual_outcome_for_qini_auuc_or_policy_value
N-EVALUATION-0047-N,11055,count,src/barnabus/analysis.py,evaluation.csv,f33859fef494be6df07ab0f3b77d778e84ea3365daff09d484711c9f7995819f,83b9cec48c0b290e7be9c4626dafc19af4fdfbc2db1f34584f8d4873669964d2,6e98a05f682972c6b753bb0970bd0d8ea40ea481,observed,no_treatment_assignment_or_counterfactual_outcome_for_qini_auuc_or_policy_value
N-EVALUATION-0048-VALUE,0.71,proportion_or_dimensionless_as_labeled,src/barnabus/analysis.py,evaluation.csv,f33859fef494be6df07ab0f3b77d778e84ea3365daff09d484711c9f7995819f,83b9cec48c0b290e7be9c4626dafc19af4fdfbc2db1f34584f8d4873669964d2,6e98a05f682972c6b753bb0970bd0d8ea40ea481,unreproduced,auc_is_not_uplift_validation_and_no_source_predictions_labels_are_supplied
N-EVALUATION-0048-N,11055,count,src/barnabus/analysis.py,evaluation.csv,f33859fef494be6df07ab0f3b77d778e84ea3365daff09d484711c9f7995819f,83b9cec48c0b290e7be9c4626dafc19af4fdfbc2db1f34584f8d4873669964d2,6e98a05f682972c6b753bb0970bd0d8ea40ea481,unreproduced,auc_is_not_uplift_validation_and_no_source_predictions_labels_are_supplied
N-MONITORING-0001-VALUE,1272,proportion_or_dimensionless_as_labeled,src/barnabus/analysis.py,monitoring.csv,f33859fef494be6df07ab0f3b77d778e84ea3365daff09d484711c9f7995819f,83b9cec48c0b290e7be9c4626dafc19af4fdfbc2db1f34584f8d4873669964d2,6e98a05f682972c6b753bb0970bd0d8ea40ea481,observed,supplied_summary_not_recomputed_from_event_log_in_claim_path
N-MONITORING-0002-VALUE,29,proportion_or_dimensionless_as_labeled,src/barnabus/analysis.py,monitoring.csv,f33859fef494be6df07ab0f3b77d778e84ea3365daff09d484711c9f7995819f,83b9cec48c0b290e7be9c4626dafc19af4fdfbc2db1f34584f8d4873669964d2,6e98a05f682972c6b753bb0970bd0d8ea40ea481,observed,alert_rule_and_seasonality_model_not_supplied_so_alert_validity_is_unreproduced
N-MONITORING-0003-VALUE,24,proportion_or_dimensionless_as_labeled,src/barnabus/analysis.py,monitoring.csv,f33859fef494be6df07ab0f3b77d778e84ea3365daff09d484711c9f7995819f,83b9cec48c0b290e7be9c4626dafc19af4fdfbc2db1f34584f8d4873669964d2,6e98a05f682972c6b753bb0970bd0d8ea40ea481,observed,descriptive_only
N-LEGACY51-0001-N_BEFORE,1513,count,src/barnabus/analysis.py,legacy51.csv,f33859fef494be6df07ab0f3b77d778e84ea3365daff09d484711c9f7995819f,83b9cec48c0b290e7be9c4626dafc19af4fdfbc2db1f34584f8d4873669964d2,6e98a05f682972c6b753bb0970bd0d8ea40ea481,unreproduced,
N-LEGACY51-0001-N_AFTER,335,count,src/barnabus/analysis.py,legacy51.csv,f33859fef494be6df07ab0f3b77d778e84ea3365daff09d484711c9f7995819f,83b9cec48c0b290e7be9c4626dafc19af4fdfbc2db1f34584f8d4873669964d2,6e98a05f682972c6b753bb0970bd0d8ea40ea481,unreproduced,
N-LEGACY51-0001-DIFF,0.010137021436110921,proportion_or_dimensionless_as_labeled,src/barnabus/analysis.py,legacy51.csv,f33859fef494be6df07ab0f3b77d778e84ea3365daff09d484711c9f7995819f,83b9cec48c0b290e7be9c4626dafc19af4fdfbc2db1f34584f8d4873669964d2,6e98a05f682972c6b753bb0970bd0d8ea40ea481,unreproduced,
N-LEGACY51-0001-P_VALUE,0.6324690037810812,proportion_or_dimensionless_as_labeled,src/barnabus/analysis.py,legacy51.csv,f33859fef494be6df07ab0f3b77d778e84ea3365daff09d484711c9f7995819f,83b9cec48c0b290e7be9c4626dafc19af4fdfbc2db1f34584f8d4873669964d2,6e98a05f682972c6b753bb0970bd0d8ea40ea481,unreproduced,
N-LEGACY51-0001-SUPPLIED_N_BEFORE,1432,dimensionless,src/barnabus/analysis.py,legacy51.csv,f33859fef494be6df07ab0f3b77d778e84ea3365daff09d484711c9f7995819f,83b9cec48c0b290e7be9c4626dafc19af4fdfbc2db1f34584f8d4873669964d2,6e98a05f682972c6b753bb0970bd0d8ea40ea481,unreproduced,
N-LEGACY51-0001-SUPPLIED_N_AFTER,441,dimensionless,src/barnabus/analysis.py,legacy51.csv,f33859fef494be6df07ab0f3b77d778e84ea3365daff09d484711c9f7995819f,83b9cec48c0b290e7be9c4626dafc19af4fdfbc2db1f34584f8d4873669964d2,6e98a05f682972c6b753bb0970bd0d8ea40ea481,unreproduced,
N-LEGACY51-0001-SUPPLIED_DIFF,-0.0015,dimensionless,src/barnabus/analysis.py,legacy51.csv,f33859fef494be6df07ab0f3b77d778e84ea3365daff09d484711c9f7995819f,83b9cec48c0b290e7be9c4626dafc19af4fdfbc2db1f34584f8d4873669964d2,6e98a05f682972c6b753bb0970bd0d8ea40ea481,unreproduced,
N-LEGACY51-0001-SUPPLIED_P_VALUE,0.9301,proportion_or_dimensionless_as_labeled,src/barnabus/analysis.py,legacy51.csv,f33859fef494be6df07ab0f3b77d778e84ea3365daff09d484711c9f7995819f,83b9cec48c0b290e7be9c4626dafc19af4fdfbc2db1f34584f8d4873669964d2,6e98a05f682972c6b753bb0970bd0d8ea40ea481,unreproduced,
N-LEGACY51-0001-P_ADJUSTED_HOLM,1.0,dimensionless,src/barnabus/analysis.py,legacy51.csv,f33859fef494be6df07ab0f3b77d778e84ea3365daff09d484711c9f7995819f,83b9cec48c0b290e7be9c4626dafc19af4fdfbc2db1f34584f8d4873669964d2,6e98a05f682972c6b753bb0970bd0d8ea40ea481,unreproduced,
N-LEGACY51-0001-SUPPLIED_P_ADJUSTED_HOLM,1.0,dimensionless,src/barnabus/analysis.py,legacy51.csv,f33859fef494be6df07ab0f3b77d778e84ea3365daff09d484711c9f7995819f,83b9cec48c0b290e7be9c4626dafc19af4fdfbc2db1f34584f8d4873669964d2,6e98a05f682972c6b753bb0970bd0d8ea40ea481,unreproduced,
N-LEGACY51-0002-N_BEFORE,1181,count,src/barnabus/analysis.py,legacy51.csv,f33859fef494be6df07ab0f3b77d778e84ea3365daff09d484711c9f7995819f,83b9cec48c0b290e7be9c4626dafc19af4fdfbc2db1f34584f8d4873669964d2,6e98a05f682972c6b753bb0970bd0d8ea40ea481,unreproduced,
N-LEGACY51-0002-N_AFTER,304,count,src/barnabus/analysis.py,legacy51.csv,f33859fef494be6df07ab0f3b77d778e84ea3365daff09d484711c9f7995819f,83b9cec48c0b290e7be9c4626dafc19af4fdfbc2db1f34584f8d4873669964d2,6e98a05f682972c6b753bb0970bd0d8ea40ea481,unreproduced,
N-LEGACY51-0002-DIFF,-0.06971957306475333,proportion_or_dimensionless_as_labeled,src/barnabus/analysis.py,legacy51.csv,f33859fef494be6df07ab0f3b77d778e84ea3365daff09d484711c9f7995819f,83b9cec48c0b290e7be9c4626dafc19af4fdfbc2db1f34584f8d4873669964d2,6e98a05f682972c6b753bb0970bd0d8ea40ea481,unreproduced,
N-LEGACY51-0002-P_VALUE,0.0024537113693806844,proportion_or_dimensionless_as_labeled,src/barnabus/analysis.py,legacy51.csv,f33859fef494be6df07ab0f3b77d778e84ea3365daff09d484711c9f7995819f,83b9cec48c0b290e7be9c4626dafc19af4fdfbc2db1f34584f8d4873669964d2,6e98a05f682972c6b753bb0970bd0d8ea40ea481,unreproduced,
N-LEGACY51-0002-SUPPLIED_N_BEFORE,1120,dimensionless,src/barnabus/analysis.py,legacy51.csv,f33859fef494be6df07ab0f3b77d778e84ea3365daff09d484711c9f7995819f,83b9cec48c0b290e7be9c4626dafc19af4fdfbc2db1f34584f8d4873669964d2,6e98a05f682972c6b753bb0970bd0d8ea40ea481,unreproduced,
N-LEGACY51-0002-SUPPLIED_N_AFTER,353,dimensionless,src/barnabus/analysis.py,legacy51.csv,f33859fef494be6df07ab0f3b77d778e84ea3365daff09d484711c9f7995819f,83b9cec48c0b290e7be9c4626dafc19af4fdfbc2db1f34584f8d4873669964d2,6e98a05f682972c6b753bb0970bd0d8ea40ea481,unreproduced,
N-LEGACY51-0002-SUPPLIED_DIFF,-0.0565,dimensionless,src/barnabus/analysis.py,legacy51.csv,f33859fef494be6df07ab0f3b77d778e84ea3365daff09d484711c9f7995819f,83b9cec48c0b290e7be9c4626dafc19af4fdfbc2db1f34584f8d4873669964d2,6e98a05f682972c6b753bb0970bd0d8ea40ea481,unreproduced,
N-LEGACY51-0002-SUPPLIED_P_VALUE,0.0012,proportion_or_dimensionless_as_labeled,src/barnabus/analysis.py,legacy51.csv,f33859fef494be6df07ab0f3b77d778e84ea3365daff09d484711c9f7995819f,83b9cec48c0b290e7be9c4626dafc19af4fdfbc2db1f34584f8d4873669964d2,6e98a05f682972c6b753bb0970bd0d8ea40ea481,unreproduced,
N-LEGACY51-0002-P_ADJUSTED_HOLM,0.1188452142286298,dimensionless,src/barnabus/analysis.py,legacy51.csv,f33859fef494be6df07ab0f3b77d778e84ea3365daff09d484711c9f7995819f,83b9cec48c0b290e7be9c4626dafc19af4fdfbc2db1f34584f8d4873669964d2,6e98a05f682972c6b753bb0970bd0d8ea40ea481,unreproduced,
N-LEGACY51-0002-SUPPLIED_P_ADJUSTED_HOLM,0.05519999999999999,dimensionless,src/barnabus/analysis.py,legacy51.csv,f33859fef494be6df07ab0f3b77d778e84ea3365daff09d484711c9f7995819f,83b9cec48c0b290e7be9c4626dafc19af4fdfbc2db1f34584f8d4873669964d2,6e98a05f682972c6b753bb0970bd0d8ea40ea481,unreproduced,
N-LEGACY51-0003-N_BEFORE,1431,count,src/barnabus/analysis.py,legacy51.csv,f33859fef494be6df07ab0f3b77d778e84ea3365daff09d484711c9f7995819f,83b9cec48c0b290e7be9c4626dafc19af4fdfbc2db1f34584f8d4873669964d2,6e98a05f682972c6b753bb0970bd0d8ea40ea481,unreproduced,
N-LEGACY51-0003-N_AFTER,392,count,src/barnabus/analysis.py,legacy51.csv,f33859fef494be6df07ab0f3b77d778e84ea3365daff09d484711c9f7995819f,83b9cec48c0b290e7be9c4626dafc19af4fdfbc2db1f34584f8d4873669964d2,6e98a05f682972c6b753bb0970bd0d8ea40ea481,unreproduced,
N-LEGACY51-0003-DIFF,-0.01231299647741696,proportion_or_dimensionless_as_labeled,src/barnabus/analysis.py,legacy51.csv,f33859fef494be6df07ab0f3b77d778e84ea3365daff09d484711c9f7995819f,83b9cec48c0b290e7be9c4626dafc19af4fdfbc2db1f34584f8d4873669964d2,6e98a05f682972c6b753bb0970bd0d8ea40ea481,unreproduced,
N-LEGACY51-0003-P_VALUE,0.5559289358146313,proportion_or_dimensionless_as_labeled,src/barnabus/analysis.py,legacy51.csv,f33859fef494be6df07ab0f3b77d778e84ea3365daff09d484711c9f7995819f,83b9cec48c0b290e7be9c4626dafc19af4fdfbc2db1f34584f8d4873669964d2,6e98a05f682972c6b753bb0970bd0d8ea40ea481,unreproduced,
N-LEGACY51-0003-SUPPLIED_N_BEFORE,1371,dimensionless,src/barnabus/analysis.py,legacy51.csv,f33859fef494be6df07ab0f3b77d778e84ea3365daff09d484711c9f7995819f,83b9cec48c0b290e7be9c4626dafc19af4fdfbc2db1f34584f8d4873669964d2,6e98a05f682972c6b753bb0970bd0d8ea40ea481,unreproduced,
N-LEGACY51-0003-SUPPLIED_N_AFTER,477,dimensionless,src/barnabus/analysis.py,legacy51.csv,f33859fef494be6df07ab0f3b77d778e84ea3365daff09d484711c9f7995819f,83b9cec48c0b290e7be9c4626dafc19af4fdfbc2db1f34584f8d4873669964d2,6e98a05f682972c6b753bb0970bd0d8ea40ea481,unreproduced,
N-LEGACY51-0003-SUPPLIED_DIFF,-0.0191,dimensionless,src/barnabus/analysis.py,legacy51.csv,f33859fef494be6df07ab0f3b77d778e84ea3365daff09d484711c9f7995819f,83b9cec48c0b290e7be9c4626dafc19af4fdfbc2db1f34584f8d4873669964d2,6e98a05f682972c6b753bb0970bd0d8ea40ea481,unreproduced,
N-LEGACY51-0003-SUPPLIED_P_VALUE,0.2769,proportion_or_dimensionless_as_labeled,src/barnabus/analysis.py,legacy51.csv,f33859fef494be6df07ab0f3b77d778e84ea3365daff09d484711c9f7995819f,83b9cec48c0b290e7be9c4626dafc19af4fdfbc2db1f34584f8d4873669964d2,6e98a05f682972c6b753bb0970bd0d8ea40ea481,unreproduced,
N-LEGACY51-0003-P_ADJUSTED_HOLM,1.0,dimensionless,src/barnabus/analysis.py,legacy51.csv,f33859fef494be6df07ab0f3b77d778e84ea3365daff09d484711c9f7995819f,83b9cec48c0b290e7be9c4626dafc19af4fdfbc2db1f34584f8d4873669964d2,6e98a05f682972c6b753bb0970bd0d8ea40ea481,unreproduced,
N-LEGACY51-0003-SUPPLIED_P_ADJUSTED_HOLM,1.0,dimensionless,src/barnabus/analysis.py,legacy51.csv,f33859fef494be6df07ab0f3b77d778e84ea3365daff09d484711c9f7995819f,83b9cec48c0b290e7be9c4626dafc19af4fdfbc2db1f34584f8d4873669964d2,6e98a05f682972c6b753bb0970bd0d8ea40ea481,unreproduced,
N-LEGACY51-0004-N_BEFORE,1408,count,src/barnabus/analysis.py,legacy51.csv,f33859fef494be6df07ab0f3b77d778e84ea3365daff09d484711c9f7995819f,83b9cec48c0b290e7be9c4626dafc19af4fdfbc2db1f34584f8d4873669964d2,6e98a05f682972c6b753bb0970bd0d8ea40ea481,unreproduced,
N-LEGACY51-0004-N_AFTER,171,count,src/barnabus/analysis.py,legacy51.csv,f33859fef494be6df07ab0f3b77d778e84ea3365daff09d484711c9f7995819f,83b9cec48c0b290e7be9c4626dafc19af4fdfbc2db1f34584f8d4873669964d2,6e98a05f682972c6b753bb0970bd0d8ea40ea481,unreproduced,
N-LEGACY51-0004-DIFF,-0.028546152312599687,proportion_or_dimensionless_as_labeled,src/barnabus/analysis.py,legacy51.csv,f33859fef494be6df07ab0f3b77d778e84ea3365daff09d484711c9f7995819f,83b9cec48c0b290e7be9c4626dafc19af4fdfbc2db1f34584f8d4873669964d2,6e98a05f682972c6b753bb0970bd0d8ea40ea481,unreproduced,
N-LEGACY51-0004-P_VALUE,0.23067151947633832,proportion_or_dimensionless_as_labeled,src/barnabus/analysis.py,legacy51.csv,f33859fef494be6df07ab0f3b77d778e84ea3365daff09d484711c9f7995819f,83b9cec48c0b290e7be9c4626dafc19af4fdfbc2db1f34584f8d4873669964d2,6e98a05f682972c6b753bb0970bd0d8ea40ea481,unreproduced,
N-LEGACY51-0004-SUPPLIED_N_BEFORE,1335,dimensionless,src/barnabus/analysis.py,legacy51.csv,f33859fef494be6df07ab0f3b77d778e84ea3365daff09d484711c9f7995819f,83b9cec48c0b290e7be9c4626dafc19af4fdfbc2db1f34584f8d4873669964d2,6e98a05f682972c6b753bb0970bd0d8ea40ea481,unreproduced,
N-LEGACY51-0004-SUPPLIED_N_AFTER,190,dimensionless,src/barnabus/analysis.py,legacy51.csv,f33859fef494be6df07ab0f3b77d778e84ea3365daff09d484711c9f7995819f,83b9cec48c0b290e7be9c4626dafc19af4fdfbc2db1f34584f8d4873669964d2,6e98a05f682972c6b753bb0970bd0d8ea40ea481,unreproduced,
N-LEGACY51-0004-SUPPLIED_DIFF,-0.0321,dimensionless,src/barnabus/analysis.py,legacy51.csv,f33859fef494be6df07ab0f3b77d778e84ea3365daff09d484711c9f7995819f,83b9cec48c0b290e7be9c4626dafc19af4fdfbc2db1f34584f8d4873669964d2,6e98a05f682972c6b753bb0970bd0d8ea40ea481,unreproduced,
N-LEGACY51-0004-SUPPLIED_P_VALUE,0.0368,proportion_or_dimensionless_as_labeled,src/barnabus/analysis.py,legacy51.csv,f33859fef494be6df07ab0f3b77d778e84ea3365daff09d484711c9f7995819f,83b9cec48c0b290e7be9c4626dafc19af4fdfbc2db1f34584f8d4873669964d2,6e98a05f682972c6b753bb0970bd0d8ea40ea481,unreproduced,
N-LEGACY51-0004-P_ADJUSTED_HOLM,1.0,dimensionless,src/barnabus/analysis.py,legacy51.csv,f33859fef494be6df07ab0f3b77d778e84ea3365daff09d484711c9f7995819f,83b9cec48c0b290e7be9c4626dafc19af4fdfbc2db1f34584f8d4873669964d2,6e98a05f682972c6b753bb0970bd0d8ea40ea481,unreproduced,
N-LEGACY51-0004-SUPPLIED_P_ADJUSTED_HOLM,1.0,dimensionless,src/barnabus/analysis.py,legacy51.csv,f33859fef494be6df07ab0f3b77d778e84ea3365daff09d484711c9f7995819f,83b9cec48c0b290e7be9c4626dafc19af4fdfbc2db1f34584f8d4873669964d2,6e98a05f682972c6b753bb0970bd0d8ea40ea481,unreproduced,
N-LEGACY51-0005-N_BEFORE,1482,count,src/barnabus/analysis.py,legacy51.csv,f33859fef494be6df07ab0f3b77d778e84ea3365daff09d484711c9f7995819f,83b9cec48c0b290e7be9c4626dafc19af4fdfbc2db1f34584f8d4873669964d2,6e98a05f682972c6b753bb0970bd0d8ea40ea481,unreproduced,
N-LEGACY51-0005-N_AFTER,381,count,src/barnabus/analysis.py,legacy51.csv,f33859fef494be6df07ab0f3b77d778e84ea3365daff09d484711c9f7995819f,83b9cec48c0b290e7be9c4626dafc19af4fdfbc2db1f34584f8d4873669964d2,6e98a05f682972c6b753bb0970bd0d8ea40ea481,unreproduced,
N-LEGACY51-0005-DIFF,0.0019020901739509322,proportion_or_dimensionless_as_labeled,src/barnabus/analysis.py,legacy51.csv,f33859fef494be6df07ab0f3b77d778e84ea3365daff09d484711c9f7995819f,83b9cec48c0b290e7be9c4626dafc19af4fdfbc2db1f34584f8d4873669964d2,6e98a05f682972c6b753bb0970bd0d8ea40ea481,unreproduced,
N-LEGACY51-0005-P_VALUE,0.9193659759094843,proportion_or_dimensionless_as_labeled,src/barnabus/analysis.py,legacy51.csv,f33859fef494be6df07ab0f3b77d778e84ea3365daff09d484711c9f7995819f,83b9cec48c0b290e7be9c4626dafc19af4fdfbc2db1f34584f8d4873669964d2,6e98a05f682972c6b753bb0970bd0d8ea40ea481,unreproduced,
N-LEGACY51-0005-SUPPLIED_N_BEFORE,1396,dimensionless,src/barnabus/analysis.py,legacy51.csv,f33859fef494be6df07ab0f3b77d778e84ea3365daff09d484711c9f7995819f,83b9cec48c0b290e7be9c4626dafc19af4fdfbc2db1f34584f8d4873669964d2,6e98a05f682972c6b753bb0970bd0d8ea40ea481,unreproduced,
N-LEGACY51-0005-SUPPLIED_N_AFTER,471,dimensionless,src/barnabus/analysis.py,legacy51.csv,f33859fef494be6df07ab0f3b77d778e84ea3365daff09d484711c9f7995819f,83b9cec48c0b290e7be9c4626dafc19af4fdfbc2db1f34584f8d4873669964d2,6e98a05f682972c6b753bb0970bd0d8ea40ea481,unreproduced,
N-LEGACY51-0005-SUPPLIED_DIFF,0.0037,dimensionless,src/barnabus/analysis.py,legacy51.csv,f33859fef494be6df07ab0f3b77d778e84ea3365daff09d484711c9f7995819f,83b9cec48c0b290e7be9c4626dafc19af4fdfbc2db1f34584f8d4873669964d2,6e98a05f682972c6b753bb0970bd0d8ea40ea481,unreproduced,
N-LEGACY51-0005-SUPPLIED_P_VALUE,0.8201,proportion_or_dimensionless_as_labeled,src/barnabus/analysis.py,legacy51.csv,f33859fef494be6df07ab0f3b77d778e84ea3365daff09d484711c9f7995819f,83b9cec48c0b290e7be9c4626dafc19af4fdfbc2db1f34584f8d4873669964d2,6e98a05f682972c6b753bb0970bd0d8ea40ea481,unreproduced,
N-LEGACY51-0005-P_ADJUSTED_HOLM,1.0,dimensionless,src/barnabus/analysis.py,legacy51.csv,f33859fef494be6df07ab0f3b77d778e84ea3365daff09d484711c9f7995819f,83b9cec48c0b290e7be9c4626dafc19af4fdfbc2db1f34584f8d4873669964d2,6e98a05f682972c6b753bb0970bd0d8ea40ea481,unreproduced,
N-LEGACY51-0005-SUPPLIED_P_ADJUSTED_HOLM,1.0,dimensionless,src/barnabus/analysis.py,legacy51.csv,f33859fef494be6df07ab0f3b77d778e84ea3365daff09d484711c9f7995819f,83b9cec48c0b290e7be9c4626dafc19af4fdfbc2db1f34584f8d4873669964d2,6e98a05f682972c6b753bb0970bd0d8ea40ea481,unreproduced,
N-LEGACY51-0006-N_BEFORE,1493,count,src/barnabus/analysis.py,legacy51.csv,f33859fef494be6df07ab0f3b77d778e84ea3365daff09d484711c9f7995819f,83b9cec48c0b290e7be9c4626dafc19af4fdfbc2db1f34584f8d4873669964d2,6e98a05f682972c6b753bb0970bd0d8ea40ea481,unreproduced,
N-LEGACY51-0006-N_AFTER,1210,count,src/barnabus/analysis.py,legacy51.csv,f33859fef494be6df07ab0f3b77d778e84ea3365daff09d484711c9f7995819f,83b9cec48c0b290e7be9c4626dafc19af4fdfbc2db1f34584f8d4873669964d2,6e98a05f682972c6b753bb0970bd0d8ea40ea481,unreproduced,
N-LEGACY51-0006-DIFF,-0.02093018106535735,proportion_or_dimensionless_as_labeled,src/barnabus/analysis.py,legacy51.csv,f33859fef494be6df07ab0f3b77d778e84ea3365daff09d484711c9f7995819f,83b9cec48c0b290e7be9c4626dafc19af4fdfbc2db1f34584f8d4873669964d2,6e98a05f682972c6b753bb0970bd0d8ea40ea481,unreproduced,
N-LEGACY51-0006-P_VALUE,0.056663645194200814,proportion_or_dimensionless_as_labeled,src/barnabus/analysis.py,legacy51.csv,f33859fef494be6df07ab0f3b77d778e84ea3365daff09d484711c9f7995819f,83b9cec48c0b290e7be9c4626dafc19af4fdfbc2db1f34584f8d4873669964d2,6e98a05f682972c6b753bb0970bd0d8ea40ea481,unreproduced,
N-LEGACY51-0006-SUPPLIED_N_BEFORE,1408,dimensionless,src/barnabus/analysis.py,legacy51.csv,f33859fef494be6df07ab0f3b77d778e84ea3365daff09d484711c9f7995819f,83b9cec48c0b290e7be9c4626dafc19af4fdfbc2db1f34584f8d4873669964d2,6e98a05f682972c6b753bb0970bd0d8ea40ea481,unreproduced,
N-LEGACY51-0006-SUPPLIED_N_AFTER,1526,dimensionless,src/barnabus/analysis.py,legacy51.csv,f33859fef494be6df07ab0f3b77d778e84ea3365daff09d484711c9f7995819f,83b9cec48c0b290e7be9c4626dafc19af4fdfbc2db1f34584f8d4873669964d2,6e98a05f682972c6b753bb0970bd0d8ea40ea481,unreproduced,
N-LEGACY51-0006-SUPPLIED_DIFF,-0.017,dimensionless,src/barnabus/analysis.py,legacy51.csv,f33859fef494be6df07ab0f3b77d778e84ea3365daff09d484711c9f7995819f,83b9cec48c0b290e7be9c4626dafc19af4fdfbc2db1f34584f8d4873669964d2,6e98a05f682972c6b753bb0970bd0d8ea40ea481,unreproduced,
N-LEGACY51-0006-SUPPLIED_P_VALUE,0.0507,proportion_or_dimensionless_as_labeled,src/barnabus/analysis.py,legacy51.csv,f33859fef494be6df07ab0f3b77d778e84ea3365daff09d484711c9f7995819f,83b9cec48c0b290e7be9c4626dafc19af4fdfbc2db1f34584f8d4873669964d2,6e98a05f682972c6b753bb0970bd0d8ea40ea481,unreproduced,
N-LEGACY51-0006-P_ADJUSTED_HOLM,1.0,dimensionless,src/barnabus/analysis.py,legacy51.csv,f33859fef494be6df07ab0f3b77d778e84ea3365daff09d484711c9f7995819f,83b9cec48c0b290e7be9c4626dafc19af4fdfbc2db1f34584f8d4873669964d2,6e98a05f682972c6b753bb0970bd0d8ea40ea481,unreproduced,
N-LEGACY51-0006-SUPPLIED_P_ADJUSTED_HOLM,1.0,dimensionless,src/barnabus/analysis.py,legacy51.csv,f33859fef494be6df07ab0f3b77d778e84ea3365daff09d484711c9f7995819f,83b9cec48c0b290e7be9c4626dafc19af4fdfbc2db1f34584f8d4873669964d2,6e98a05f682972c6b753bb0970bd0d8ea40ea481,unreproduced,
N-LEGACY51-0007-N_BEFORE,1211,count,src/barnabus/analysis.py,legacy51.csv,f33859fef494be6df07ab0f3b77d778e84ea3365daff09d484711c9f7995819f,83b9cec48c0b290e7be9c4626dafc19af4fdfbc2db1f34584f8d4873669964d2,6e98a05f682972c6b753bb0970bd0d8ea40ea481,unreproduced,
N-LEGACY51-0007-N_AFTER,289,count,src/barnabus/analysis.py,legacy51.csv,f33859fef494be6df07ab0f3b77d778e84ea3365daff09d484711c9f7995819f,83b9cec48c0b290e7be9c4626dafc19af4fdfbc2db1f34584f8d4873669964d2,6e98a05f682972c6b753bb0970bd0d8ea40ea481,unreproduced,
N-LEGACY51-0007-DIFF,-0.03928521425571249,proportion_or_dimensionless_as_labeled,src/barnabus/analysis.py,legacy51.csv,f33859fef494be6df07ab0f3b77d778e84ea3365daff09d484711c9f7995819f,83b9cec48c0b290e7be9c4626dafc19af4fdfbc2db1f34584f8d4873669964d2,6e98a05f682972c6b753bb0970bd0d8ea40ea481,unreproduced,
N-LEGACY51-0007-P_VALUE,0.039758174834915026,proportion_or_dimensionless_as_labeled,src/barnabus/analysis.py,legacy51.csv,f33859fef494be6df07ab0f3b77d778e84ea3365daff09d484711c9f7995819f,83b9cec48c0b290e7be9c4626dafc19af4fdfbc2db1f34584f8d4873669964d2,6e98a05f682972c6b753bb0970bd0d8ea40ea481,unreproduced,
N-LEGACY51-0007-SUPPLIED_N_BEFORE,1136,dimensionless,src/barnabus/analysis.py,legacy51.csv,f33859fef494be6df07ab0f3b77d778e84ea3365daff09d484711c9f7995819f,83b9cec48c0b290e7be9c4626dafc19af4fdfbc2db1f34584f8d4873669964d2,6e98a05f682972c6b753bb0970bd0d8ea40ea481,unreproduced,
N-LEGACY51-0007-SUPPLIED_N_AFTER,354,dimensionless,src/barnabus/analysis.py,legacy51.csv,f33859fef494be6df07ab0f3b77d778e84ea3365daff09d484711c9f7995819f,83b9cec48c0b290e7be9c4626dafc19af4fdfbc2db1f34584f8d4873669964d2,6e98a05f682972c6b753bb0970bd0d8ea40ea481,unreproduced,
N-LEGACY51-0007-SUPPLIED_DIFF,-0.0392,dimensionless,src/barnabus/analysis.py,legacy51.csv,f33859fef494be6df07ab0f3b77d778e84ea3365daff09d484711c9f7995819f,83b9cec48c0b290e7be9c4626dafc19af4fdfbc2db1f34584f8d4873669964d2,6e98a05f682972c6b753bb0970bd0d8ea40ea481,unreproduced,
N-LEGACY51-0007-SUPPLIED_P_VALUE,0.0015,proportion_or_dimensionless_as_labeled,src/barnabus/analysis.py,legacy51.csv,f33859fef494be6df07ab0f3b77d778e84ea3365daff09d484711c9f7995819f,83b9cec48c0b290e7be9c4626dafc19af4fdfbc2db1f34584f8d4873669964d2,6e98a05f682972c6b753bb0970bd0d8ea40ea481,unreproduced,
N-LEGACY51-0007-P_ADJUSTED_HOLM,1.0,dimensionless,src/barnabus/analysis.py,legacy51.csv,f33859fef494be6df07ab0f3b77d778e84ea3365daff09d484711c9f7995819f,83b9cec48c0b290e7be9c4626dafc19af4fdfbc2db1f34584f8d4873669964d2,6e98a05f682972c6b753bb0970bd0d8ea40ea481,unreproduced,
N-LEGACY51-0007-SUPPLIED_P_ADJUSTED_HOLM,0.066,dimensionless,src/barnabus/analysis.py,legacy51.csv,f33859fef494be6df07ab0f3b77d778e84ea3365daff09d484711c9f7995819f,83b9cec48c0b290e7be9c4626dafc19af4fdfbc2db1f34584f8d4873669964d2,6e98a05f682972c6b753bb0970bd0d8ea40ea481,unreproduced,
N-LEGACY51-0008-N_BEFORE,1495,count,src/barnabus/analysis.py,legacy51.csv,f33859fef494be6df07ab0f3b77d778e84ea3365daff09d484711c9f7995819f,83b9cec48c0b290e7be9c4626dafc19af4fdfbc2db1f34584f8d4873669964d2,6e98a05f682972c6b753bb0970bd0d8ea40ea481,unreproduced,
N-LEGACY51-0008-N_AFTER,366,count,src/barnabus/analysis.py,legacy51.csv,f33859fef494be6df07ab0f3b77d778e84ea3365daff09d484711c9f7995819f,83b9cec48c0b290e7be9c4626dafc19af4fdfbc2db1f34584f8d4873669964d2,6e98a05f682972c6b753bb0970bd0d8ea40ea481,unreproduced,
N-LEGACY51-0008-DIFF,-0.020635268746459046,proportion_or_dimensionless_as_labeled,src/barnabus/analysis.py,legacy51.csv,f33859fef494be6df07ab0f3b77d778e84ea3365daff09d484711c9f7995819f,83b9cec48c0b290e7be9c4626dafc19af4fdfbc2db1f34584f8d4873669964d2,6e98a05f682972c6b753bb0970bd0d8ea40ea481,unreproduced,
N-LEGACY51-0008-P_VALUE,0.32232530529154235,proportion_or_dimensionless_as_labeled,src/barnabus/analysis.py,legacy51.csv,f33859fef494be6df07ab0f3b77d778e84ea3365daff09d484711c9f7995819f,83b9cec48c0b290e7be9c4626dafc19af4fdfbc2db1f34584f8d4873669964d2,6e98a05f682972c6b753bb0970bd0d8ea40ea481,unreproduced,
N-LEGACY51-0008-SUPPLIED_N_BEFORE,1422,dimensionless,src/barnabus/analysis.py,legacy51.csv,f33859fef494be6df07ab0f3b77d778e84ea3365daff09d484711c9f7995819f,83b9cec48c0b290e7be9c4626dafc19af4fdfbc2db1f34584f8d4873669964d2,6e98a05f682972c6b753bb0970bd0d8ea40ea481,unreproduced,
N-LEGACY51-0008-SUPPLIED_N_AFTER,460,dimensionless,src/barnabus/analysis.py,legacy51.csv,f33859fef494be6df07ab0f3b77d778e84ea3365daff09d484711c9f7995819f,83b9cec48c0b290e7be9c4626dafc19af4fdfbc2db1f34584f8d4873669964d2,6e98a05f682972c6b753bb0970bd0d8ea40ea481,unreproduced,
N-LEGACY51-0008-SUPPLIED_DIFF,-0.0104,dimensionless,src/barnabus/analysis.py,legacy51.csv,f33859fef494be6df07ab0f3b77d778e84ea3365daff09d484711c9f7995819f,83b9cec48c0b290e7be9c4626dafc19af4fdfbc2db1f34584f8d4873669964d2,6e98a05f682972c6b753bb0970bd0d8ea40ea481,unreproduced,
N-LEGACY51-0008-SUPPLIED_P_VALUE,0.5598,proportion_or_dimensionless_as_labeled,src/barnabus/analysis.py,legacy51.csv,f33859fef494be6df07ab0f3b77d778e84ea3365daff09d484711c9f7995819f,83b9cec48c0b290e7be9c4626dafc19af4fdfbc2db1f34584f8d4873669964d2,6e98a05f682972c6b753bb0970bd0d8ea40ea481,unreproduced,
N-LEGACY51-0008-P_ADJUSTED_HOLM,1.0,dimensionless,src/barnabus/analysis.py,legacy51.csv,f33859fef494be6df07ab0f3b77d778e84ea3365daff09d484711c9f7995819f,83b9cec48c0b290e7be9c4626dafc19af4fdfbc2db1f34584f8d4873669964d2,6e98a05f682972c6b753bb0970bd0d8ea40ea481,unreproduced,
N-LEGACY51-0008-SUPPLIED_P_ADJUSTED_HOLM,1.0,dimensionless,src/barnabus/analysis.py,legacy51.csv,f33859fef494be6df07ab0f3b77d778e84ea3365daff09d484711c9f7995819f,83b9cec48c0b290e7be9c4626dafc19af4fdfbc2db1f34584f8d4873669964d2,6e98a05f682972c6b753bb0970bd0d8ea40ea481,unreproduced,
N-LEGACY51-0009-N_BEFORE,1200,count,src/barnabus/analysis.py,legacy51.csv,f33859fef494be6df07ab0f3b77d778e84ea3365daff09d484711c9f7995819f,83b9cec48c0b290e7be9c4626dafc19af4fdfbc2db1f34584f8d4873669964d2,6e98a05f682972c6b753bb0970bd0d8ea40ea481,unreproduced,
N-LEGACY51-0009-N_AFTER,293,count,src/barnabus/analysis.py,legacy51.csv,f33859fef494be6df07ab0f3b77d778e84ea3365daff09d484711c9f7995819f,83b9cec48c0b290e7be9c4626dafc19af4fdfbc2db1f34584f8d4873669964d2,6e98a05f682972c6b753bb0970bd0d8ea40ea481,unreproduced,
N-LEGACY51-0009-DIFF,-0.029516496018202512,proportion_or_dimensionless_as_labeled,src/barnabus/analysis.py,legacy51.csv,f33859fef494be6df07ab0f3b77d778e84ea3365daff09d484711c9f7995819f,83b9cec48c0b290e7be9c4626dafc19af4fdfbc2db1f34584f8d4873669964d2,6e98a05f682972c6b753bb0970bd0d8ea40ea481,unreproduced,
N-LEGACY51-0009-P_VALUE,0.157018174501346,proportion_or_dimensionless_as_labeled,src/barnabus/analysis.py,legacy51.csv,f33859fef494be6df07ab0f3b77d778e84ea3365daff09d484711c9f7995819f,83b9cec48c0b290e7be9c4626dafc19af4fdfbc2db1f34584f8d4873669964d2,6e98a05f682972c6b753bb0970bd0d8ea40ea481,unreproduced,
N-LEGACY51-0009-SUPPLIED_N_BEFORE,1120,dimensionless,src/barnabus/analysis.py,legacy51.csv,f33859fef494be6df07ab0f3b77d778e84ea3365daff09d484711c9f7995819f,83b9cec48c0b290e7be9c4626dafc19af4fdfbc2db1f34584f8d4873669964d2,6e98a05f682972c6b753bb0970bd0d8ea40ea481,unreproduced,
N-LEGACY51-0009-SUPPLIED_N_AFTER,355,dimensionless,src/barnabus/analysis.py,legacy51.csv,f33859fef494be6df07ab0f3b77d778e84ea3365daff09d484711c9f7995819f,83b9cec48c0b290e7be9c4626dafc19af4fdfbc2db1f34584f8d4873669964d2,6e98a05f682972c6b753bb0970bd0d8ea40ea481,unreproduced,
N-LEGACY51-0009-SUPPLIED_DIFF,-0.0323,dimensionless,src/barnabus/analysis.py,legacy51.csv,f33859fef494be6df07ab0f3b77d778e84ea3365daff09d484711c9f7995819f,83b9cec48c0b290e7be9c4626dafc19af4fdfbc2db1f34584f8d4873669964d2,6e98a05f682972c6b753bb0970bd0d8ea40ea481,unreproduced,
N-LEGACY51-0009-SUPPLIED_P_VALUE,0.0485,proportion_or_dimensionless_as_labeled,src/barnabus/analysis.py,legacy51.csv,f33859fef494be6df07ab0f3b77d778e84ea3365daff09d484711c9f7995819f,83b9cec48c0b290e7be9c4626dafc19af4fdfbc2db1f34584f8d4873669964d2,6e98a05f682972c6b753bb0970bd0d8ea40ea481,unreproduced,
N-LEGACY51-0009-P_ADJUSTED_HOLM,1.0,dimensionless,src/barnabus/analysis.py,legacy51.csv,f33859fef494be6df07ab0f3b77d778e84ea3365daff09d484711c9f7995819f,83b9cec48c0b290e7be9c4626dafc19af4fdfbc2db1f34584f8d4873669964d2,6e98a05f682972c6b753bb0970bd0d8ea40ea481,unreproduced,
N-LEGACY51-0009-SUPPLIED_P_ADJUSTED_HOLM,1.0,dimensionless,src/barnabus/analysis.py,legacy51.csv,f33859fef494be6df07ab0f3b77d778e84ea3365daff09d484711c9f7995819f,83b9cec48c0b290e7be9c4626dafc19af4fdfbc2db1f34584f8d4873669964d2,6e98a05f682972c6b753bb0970bd0d8ea40ea481,unreproduced,
N-LEGACY51-0010-N_BEFORE,1478,count,src/barnabus/analysis.py,legacy51.csv,f33859fef494be6df07ab0f3b77d778e84ea3365daff09d484711c9f7995819f,83b9cec48c0b290e7be9c4626dafc19af4fdfbc2db1f34584f8d4873669964d2,6e98a05f682972c6b753bb0970bd0d8ea40ea481,unreproduced,
N-LEGACY51-0010-N_AFTER,171,count,src/barnabus/analysis.py,legacy51.csv,f33859fef494be6df07ab0f3b77d778e84ea3365daff09d484711c9f7995819f,83b9cec48c0b290e7be9c4626dafc19af4fdfbc2db1f34584f8d4873669964d2,6e98a05f682972c6b753bb0970bd0d8ea40ea481,unreproduced,
N-LEGACY51-0010-DIFF,-0.014010556386455542,proportion_or_dimensionless_as_labeled,src/barnabus/analysis.py,legacy51.csv,f33859fef494be6df07ab0f3b77d778e84ea3365daff09d484711c9f7995819f,83b9cec48c0b290e7be9c4626dafc19af4fdfbc2db1f34584f8d4873669964d2,6e98a05f682972c6b753bb0970bd0d8ea40ea481,unreproduced,
N-LEGACY51-0010-P_VALUE,0.5733246876761255,proportion_or_dimensionless_as_labeled,src/barnabus/analysis.py,legacy51.csv,f33859fef494be6df07ab0f3b77d778e84ea3365daff09d484711c9f7995819f,83b9cec48c0b290e7be9c4626dafc19af4fdfbc2db1f34584f8d4873669964d2,6e98a05f682972c6b753bb0970bd0d8ea40ea481,unreproduced,
N-LEGACY51-0010-SUPPLIED_N_BEFORE,1396,dimensionless,src/barnabus/analysis.py,legacy51.csv,f33859fef494be6df07ab0f3b77d778e84ea3365daff09d484711c9f7995819f,83b9cec48c0b290e7be9c4626dafc19af4fdfbc2db1f34584f8d4873669964d2,6e98a05f682972c6b753bb0970bd0d8ea40ea481,unreproduced,
N-LEGACY51-0010-SUPPLIED_N_AFTER,198,dimensionless,src/barnabus/analysis.py,legacy51.csv,f33859fef494be6df07ab0f3b77d778e84ea3365daff09d484711c9f7995819f,83b9cec48c0b290e7be9c4626dafc19af4fdfbc2db1f34584f8d4873669964d2,6e98a05f682972c6b753bb0970bd0d8ea40ea481,unreproduced,
N-LEGACY51-0010-SUPPLIED_DIFF,-0.034,dimensionless,src/barnabus/analysis.py,legacy51.csv,f33859fef494be6df07ab0f3b77d778e84ea3365daff09d484711c9f7995819f,83b9cec48c0b290e7be9c4626dafc19af4fdfbc2db1f34584f8d4873669964d2,6e98a05f682972c6b753bb0970bd0d8ea40ea481,unreproduced,
N-LEGACY51-0010-SUPPLIED_P_VALUE,0.0491,proportion_or_dimensionless_as_labeled,src/barnabus/analysis.py,legacy51.csv,f33859fef494be6df07ab0f3b77d778e84ea3365daff09d484711c9f7995819f,83b9cec48c0b290e7be9c4626dafc19af4fdfbc2db1f34584f8d4873669964d2,6e98a05f682972c6b753bb0970bd0d8ea40ea481,unreproduced,
N-LEGACY51-0010-P_ADJUSTED_HOLM,1.0,dimensionless,src/barnabus/analysis.py,legacy51.csv,f33859fef494be6df07ab0f3b77d778e84ea3365daff09d484711c9f7995819f,83b9cec48c0b290e7be9c4626dafc19af4fdfbc2db1f34584f8d4873669964d2,6e98a05f682972c6b753bb0970bd0d8ea40ea481,unreproduced,
N-LEGACY51-0010-SUPPLIED_P_ADJUSTED_HOLM,1.0,dimensionless,src/barnabus/analysis.py,legacy51.csv,f33859fef494be6df07ab0f3b77d778e84ea3365daff09d484711c9f7995819f,83b9cec48c0b290e7be9c4626dafc19af4fdfbc2db1f34584f8d4873669964d2,6e98a05f682972c6b753bb0970bd0d8ea40ea481,unreproduced,
N-LEGACY51-0011-N_BEFORE,1436,count,src/barnabus/analysis.py,legacy51.csv,f33859fef494be6df07ab0f3b77d778e84ea3365daff09d484711c9f7995819f,83b9cec48c0b290e7be9c4626dafc19af4fdfbc2db1f34584f8d4873669964d2,6e98a05f682972c6b753bb0970bd0d8ea40ea481,unreproduced,
N-LEGACY51-0011-N_AFTER,170,count,src/barnabus/analysis.py,legacy51.csv,f33859fef494be6df07ab0f3b77d778e84ea3365daff09d484711c9f7995819f,83b9cec48c0b290e7be9c4626dafc19af4fdfbc2db1f34584f8d4873669964d2,6e98a05f682972c6b753bb0970bd0d8ea40ea481,unreproduced,
N-LEGACY51-0011-DIFF,-0.02875634933639193,proportion_or_dimensionless_as_labeled,src/barnabus/analysis.py,legacy51.csv,f33859fef494be6df07ab0f3b77d778e84ea3365daff09d484711c9f7995819f,83b9cec48c0b290e7be9c4626dafc19af4fdfbc2db1f34584f8d4873669964d2,6e98a05f682972c6b753bb0970bd0d8ea40ea481,unreproduced,
N-LEGACY51-0011-P_VALUE,0.26451451883222965,proportion_or_dimensionless_as_labeled,src/barnabus/analysis.py,legacy51.csv,f33859fef494be6df07ab0f3b77d778e84ea3365daff09d484711c9f7995819f,83b9cec48c0b290e7be9c4626dafc19af4fdfbc2db1f34584f8d4873669964d2,6e98a05f682972c6b753bb0970bd0d8ea40ea481,unreproduced,
N-LEGACY51-0011-SUPPLIED_N_BEFORE,1371,dimensionless,src/barnabus/analysis.py,legacy51.csv,f33859fef494be6df07ab0f3b77d778e84ea3365daff09d484711c9f7995819f,83b9cec48c0b290e7be9c4626dafc19af4fdfbc2db1f34584f8d4873669964d2,6e98a05f682972c6b753bb0970bd0d8ea40ea481,unreproduced,
N-LEGACY51-0011-SUPPLIED_N_AFTER,194,dimensionless,src/barnabus/analysis.py,legacy51.csv,f33859fef494be6df07ab0f3b77d778e84ea3365daff09d484711c9f7995819f,83b9cec48c0b290e7be9c4626dafc19af4fdfbc2db1f34584f8d4873669964d2,6e98a05f682972c6b753bb0970bd0d8ea40ea481,unreproduced,
N-LEGACY51-0011-SUPPLIED_DIFF,-0.027,dimensionless,src/barnabus/analysis.py,legacy51.csv,f33859fef494be6df07ab0f3b77d778e84ea3365daff09d484711c9f7995819f,83b9cec48c0b290e7be9c4626dafc19af4fdfbc2db1f34584f8d4873669964d2,6e98a05f682972c6b753bb0970bd0d8ea40ea481,unreproduced,
N-LEGACY51-0011-SUPPLIED_P_VALUE,0.1972,proportion_or_dimensionless_as_labeled,src/barnabus/analysis.py,legacy51.csv,f33859fef494be6df07ab0f3b77d778e84ea3365daff09d484711c9f7995819f,83b9cec48c0b290e7be9c4626dafc19af4fdfbc2db1f34584f8d4873669964d2,6e98a05f682972c6b753bb0970bd0d8ea40ea481,unreproduced,
N-LEGACY51-0011-P_ADJUSTED_HOLM,1.0,dimensionless,src/barnabus/analysis.py,legacy51.csv,f33859fef494be6df07ab0f3b77d778e84ea3365daff09d484711c9f7995819f,83b9cec48c0b290e7be9c4626dafc19af4fdfbc2db1f34584f8d4873669964d2,6e98a05f682972c6b753bb0970bd0d8ea40ea481,unreproduced,
N-LEGACY51-0011-SUPPLIED_P_ADJUSTED_HOLM,1.0,dimensionless,src/barnabus/analysis.py,legacy51.csv,f33859fef494be6df07ab0f3b77d778e84ea3365daff09d484711c9f7995819f,83b9cec48c0b290e7be9c4626dafc19af4fdfbc2db1f34584f8d4873669964d2,6e98a05f682972c6b753bb0970bd0d8ea40ea481,unreproduced,
N-LEGACY51-0012-N_BEFORE,1185,count,src/barnabus/analysis.py,legacy51.csv,f33859fef494be6df07ab0f3b77d778e84ea3365daff09d484711c9f7995819f,83b9cec48c0b290e7be9c4626dafc19af4fdfbc2db1f34584f8d4873669964d2,6e98a05f682972c6b753bb0970bd0d8ea40ea481,unreproduced,
N-LEGACY51-0012-N_AFTER,318,count,src/barnabus/analysis.py,legacy51.csv,f33859fef494be6df07ab0f3b77d778e84ea3365daff09d484711c9f7995819f,83b9cec48c0b290e7be9c4626dafc19af4fdfbc2db1f34584f8d4873669964d2,6e98a05f682972c6b753bb0970bd0d8ea40ea481,unreproduced,
N-LEGACY51-0012-DIFF,-0.003471061221240357,proportion_or_dimensionless_as_labeled,src/barnabus/analysis.py,legacy51.csv,f33859fef494be6df07ab0f3b77d778e84ea3365daff09d484711c9f7995819f,83b9cec48c0b290e7be9c4626dafc19af4fdfbc2db1f34584f8d4873669964d2,6e98a05f682972c6b753bb0970bd0d8ea40ea481,unreproduced,
N-LEGACY51-0012-P_VALUE,0.8433521671156509,proportion_or_dimensionless_as_labeled,src/barnabus/analysis.py,legacy51.csv,f33859fef494be6df07ab0f3b77d778e84ea3365daff09d484711c9f7995819f,83b9cec48c0b290e7be9c4626dafc19af4fdfbc2db1f34584f8d4873669964d2,6e98a05f682972c6b753bb0970bd0d8ea40ea481,unreproduced,
N-LEGACY51-0012-SUPPLIED_N_BEFORE,1119,dimensionless,src/barnabus/analysis.py,legacy51.csv,f33859fef494be6df07ab0f3b77d778e84ea3365daff09d484711c9f7995819f,83b9cec48c0b290e7be9c4626dafc19af4fdfbc2db1f34584f8d4873669964d2,6e98a05f682972c6b753bb0970bd0d8ea40ea481,unreproduced,
N-LEGACY51-0012-SUPPLIED_N_AFTER,394,dimensionless,src/barnabus/analysis.py,legacy51.csv,f33859fef494be6df07ab0f3b77d778e84ea3365daff09d484711c9f7995819f,83b9cec48c0b290e7be9c4626dafc19af4fdfbc2db1f34584f8d4873669964d2,6e98a05f682972c6b753bb0970bd0d8ea40ea481,unreproduced,
N-LEGACY51-0012-SUPPLIED_DIFF,-0.0091,dimensionless,src/barnabus/analysis.py,legacy51.csv,f33859fef494be6df07ab0f3b77d778e84ea3365daff09d484711c9f7995819f,83b9cec48c0b290e7be9c4626dafc19af4fdfbc2db1f34584f8d4873669964d2,6e98a05f682972c6b753bb0970bd0d8ea40ea481,unreproduced,
N-LEGACY51-0012-SUPPLIED_P_VALUE,0.4883,proportion_or_dimensionless_as_labeled,src/barnabus/analysis.py,legacy51.csv,f33859fef494be6df07ab0f3b77d778e84ea3365daff09d484711c9f7995819f,83b9cec48c0b290e7be9c4626dafc19af4fdfbc2db1f34584f8d4873669964d2,6e98a05f682972c6b753bb0970bd0d8ea40ea481,unreproduced,
N-LEGACY51-0012-P_ADJUSTED_HOLM,1.0,dimensionless,src/barnabus/analysis.py,legacy51.csv,f33859fef494be6df07ab0f3b77d778e84ea3365daff09d484711c9f7995819f,83b9cec48c0b290e7be9c4626dafc19af4fdfbc2db1f34584f8d4873669964d2,6e98a05f682972c6b753bb0970bd0d8ea40ea481,unreproduced,
N-LEGACY51-0012-SUPPLIED_P_ADJUSTED_HOLM,1.0,dimensionless,src/barnabus/analysis.py,legacy51.csv,f33859fef494be6df07ab0f3b77d778e84ea3365daff09d484711c9f7995819f,83b9cec48c0b290e7be9c4626dafc19af4fdfbc2db1f34584f8d4873669964d2,6e98a05f682972c6b753bb0970bd0d8ea40ea481,unreproduced,
N-LEGACY51-0013-N_BEFORE,1464,count,src/barnabus/analysis.py,legacy51.csv,f33859fef494be6df07ab0f3b77d778e84ea3365daff09d484711c9f7995819f,83b9cec48c0b290e7be9c4626dafc19af4fdfbc2db1f34584f8d4873669964d2,6e98a05f682972c6b753bb0970bd0d8ea40ea481,unreproduced,
N-LEGACY51-0013-N_AFTER,402,count,src/barnabus/analysis.py,legacy51.csv,f33859fef494be6df07ab0f3b77d778e84ea3365daff09d484711c9f7995819f,83b9cec48c0b290e7be9c4626dafc19af4fdfbc2db1f34584f8d4873669964d2,6e98a05f682972c6b753bb0970bd0d8ea40ea481,unreproduced,
N-LEGACY51-0013-DIFF,0.02786273550281379,proportion_or_dimensionless_as_labeled,src/barnabus/analysis.py,legacy51.csv,f33859fef494be6df07ab0f3b77d778e84ea3365daff09d484711c9f7995819f,83b9cec48c0b290e7be9c4626dafc19af4fdfbc2db1f34584f8d4873669964d2,6e98a05f682972c6b753bb0970bd0d8ea40ea481,unreproduced,
N-LEGACY51-0013-P_VALUE,0.14425461531531825,proportion_or_dimensionless_as_labeled,src/barnabus/analysis.py,legacy51.csv,f33859fef494be6df07ab0f3b77d778e84ea3365daff09d484711c9f7995819f,83b9cec48c0b290e7be9c4626dafc19af4fdfbc2db1f34584f8d4873669964d2,6e98a05f682972c6b753bb0970bd0d8ea40ea481,unreproduced,
N-LEGACY51-0013-SUPPLIED_N_BEFORE,1377,dimensionless,src/barnabus/analysis.py,legacy51.csv,f33859fef494be6df07ab0f3b77d778e84ea3365daff09d484711c9f7995819f,83b9cec48c0b290e7be9c4626dafc19af4fdfbc2db1f34584f8d4873669964d2,6e98a05f682972c6b753bb0970bd0d8ea40ea481,unreproduced,
N-LEGACY51-0013-SUPPLIED_N_AFTER,484,dimensionless,src/barnabus/analysis.py,legacy51.csv,f33859fef494be6df07ab0f3b77d778e84ea3365daff09d484711c9f7995819f,83b9cec48c0b290e7be9c4626dafc19af4fdfbc2db1f34584f8d4873669964d2,6e98a05f682972c6b753bb0970bd0d8ea40ea481,unreproduced,
N-LEGACY51-0013-SUPPLIED_DIFF,0.014,dimensionless,src/barnabus/analysis.py,legacy51.csv,f33859fef494be6df07ab0f3b77d778e84ea3365daff09d484711c9f7995819f,83b9cec48c0b290e7be9c4626dafc19af4fdfbc2db1f34584f8d4873669964d2,6e98a05f682972c6b753bb0970bd0d8ea40ea481,unreproduced,
N-LEGACY51-0013-SUPPLIED_P_VALUE,0.4002,proportion_or_dimensionless_as_labeled,src/barnabus/analysis.py,legacy51.csv,f33859fef494be6df07ab0f3b77d778e84ea3365daff09d484711c9f7995819f,83b9cec48c0b290e7be9c4626dafc19af4fdfbc2db1f34584f8d4873669964d2,6e98a05f682972c6b753bb0970bd0d8ea40ea481,unreproduced,
N-LEGACY51-0013-P_ADJUSTED_HOLM,1.0,dimensionless,src/barnabus/analysis.py,legacy51.csv,f33859fef494be6df07ab0f3b77d778e84ea3365daff09d484711c9f7995819f,83b9cec48c0b290e7be9c4626dafc19af4fdfbc2db1f34584f8d4873669964d2,6e98a05f682972c6b753bb0970bd0d8ea40ea481,unreproduced,
N-LEGACY51-0013-SUPPLIED_P_ADJUSTED_HOLM,1.0,dimensionless,src/barnabus/analysis.py,legacy51.csv,f33859fef494be6df07ab0f3b77d778e84ea3365daff09d484711c9f7995819f,83b9cec48c0b290e7be9c4626dafc19af4fdfbc2db1f34584f8d4873669964d2,6e98a05f682972c6b753bb0970bd0d8ea40ea481,unreproduced,
N-LEGACY51-0014-N_BEFORE,1126,count,src/barnabus/analysis.py,legacy51.csv,f33859fef494be6df07ab0f3b77d778e84ea3365daff09d484711c9f7995819f,83b9cec48c0b290e7be9c4626dafc19af4fdfbc2db1f34584f8d4873669964d2,6e98a05f682972c6b753bb0970bd0d8ea40ea481,unreproduced,
N-LEGACY51-0014-N_AFTER,329,count,src/barnabus/analysis.py,legacy51.csv,f33859fef494be6df07ab0f3b77d778e84ea3365daff09d484711c9f7995819f,83b9cec48c0b290e7be9c4626dafc19af4fdfbc2db1f34584f8d4873669964d2,6e98a05f682972c6b753bb0970bd0d8ea40ea481,unreproduced,
N-LEGACY51-0014-DIFF,-0.007018415241838397,proportion_or_dimensionless_as_labeled,src/barnabus/analysis.py,legacy51.csv,f33859fef494be6df07ab0f3b77d778e84ea3365daff09d484711c9f7995819f,83b9cec48c0b290e7be9c4626dafc19af4fdfbc2db1f34584f8d4873669964d2,6e98a05f682972c6b753bb0970bd0d8ea40ea481,unreproduced,
N-LEGACY51-0014-P_VALUE,0.7085026809467929,proportion_or_dimensionless_as_labeled,src/barnabus/analysis.py,legacy51.csv,f33859fef494be6df07ab0f3b77d778e84ea3365daff09d484711c9f7995819f,83b9cec48c0b290e7be9c4626dafc19af4fdfbc2db1f34584f8d4873669964d2,6e98a05f682972c6b753bb0970bd0d8ea40ea481,unreproduced,
N-LEGACY51-0014-SUPPLIED_N_BEFORE,1074,dimensionless,src/barnabus/analysis.py,legacy51.csv,f33859fef494be6df07ab0f3b77d778e84ea3365daff09d484711c9f7995819f,83b9cec48c0b290e7be9c4626dafc19af4fdfbc2db1f34584f8d4873669964d2,6e98a05f682972c6b753bb0970bd0d8ea40ea481,unreproduced,
N-LEGACY51-0014-SUPPLIED_N_AFTER,393,dimensionless,src/barnabus/analysis.py,legacy51.csv,f33859fef494be6df07ab0f3b77d778e84ea3365daff09d484711c9f7995819f,83b9cec48c0b290e7be9c4626dafc19af4fdfbc2db1f34584f8d4873669964d2,6e98a05f682972c6b753bb0970bd0d8ea40ea481,unreproduced,
N-LEGACY51-0014-SUPPLIED_DIFF,-0.0144,dimensionless,src/barnabus/analysis.py,legacy51.csv,f33859fef494be6df07ab0f3b77d778e84ea3365daff09d484711c9f7995819f,83b9cec48c0b290e7be9c4626dafc19af4fdfbc2db1f34584f8d4873669964d2,6e98a05f682972c6b753bb0970bd0d8ea40ea481,unreproduced,
N-LEGACY51-0014-SUPPLIED_P_VALUE,0.3235,proportion_or_dimensionless_as_labeled,src/barnabus/analysis.py,legacy51.csv,f33859fef494be6df07ab0f3b77d778e84ea3365daff09d484711c9f7995819f,83b9cec48c0b290e7be9c4626dafc19af4fdfbc2db1f34584f8d4873669964d2,6e98a05f682972c6b753bb0970bd0d8ea40ea481,unreproduced,
N-LEGACY51-0014-P_ADJUSTED_HOLM,1.0,dimensionless,src/barnabus/analysis.py,legacy51.csv,f33859fef494be6df07ab0f3b77d778e84ea3365daff09d484711c9f7995819f,83b9cec48c0b290e7be9c4626dafc19af4fdfbc2db1f34584f8d4873669964d2,6e98a05f682972c6b753bb0970bd0d8ea40ea481,unreproduced,
N-LEGACY51-0014-SUPPLIED_P_ADJUSTED_HOLM,1.0,dimensionless,src/barnabus/analysis.py,legacy51.csv,f33859fef494be6df07ab0f3b77d778e84ea3365daff09d484711c9f7995819f,83b9cec48c0b290e7be9c4626dafc19af4fdfbc2db1f34584f8d4873669964d2,6e98a05f682972c6b753bb0970bd0d8ea40ea481,unreproduced,
N-LEGACY51-0015-N_BEFORE,1149,count,src/barnabus/analysis.py,legacy51.csv,f33859fef494be6df07ab0f3b77d778e84ea3365daff09d484711c9f7995819f,83b9cec48c0b290e7be9c4626dafc19af4fdfbc2db1f34584f8d4873669964d2,6e98a05f682972c6b753bb0970bd0d8ea40ea481,unreproduced,
N-LEGACY51-0015-N_AFTER,301,count,src/barnabus/analysis.py,legacy51.csv,f33859fef494be6df07ab0f3b77d778e84ea3365daff09d484711c9f7995819f,83b9cec48c0b290e7be9c4626dafc19af4fdfbc2db1f34584f8d4873669964d2,6e98a05f682972c6b753bb0970bd0d8ea40ea481,unreproduced,
N-LEGACY51-0015-DIFF,-0.007942772712946994,proportion_or_dimensionless_as_labeled,src/barnabus/analysis.py,legacy51.csv,f33859fef494be6df07ab0f3b77d778e84ea3365daff09d484711c9f7995819f,83b9cec48c0b290e7be9c4626dafc19af4fdfbc2db1f34584f8d4873669964d2,6e98a05f682972c6b753bb0970bd0d8ea40ea481,unreproduced,
N-LEGACY51-0015-P_VALUE,0.720338549155442,proportion_or_dimensionless_as_labeled,src/barnabus/analysis.py,legacy51.csv,f33859fef494be6df07ab0f3b77d778e84ea3365daff09d484711c9f7995819f,83b9cec48c0b290e7be9c4626dafc19af4fdfbc2db1f34584f8d4873669964d2,6e98a05f682972c6b753bb0970bd0d8ea40ea481,unreproduced,
N-LEGACY51-0015-SUPPLIED_N_BEFORE,1075,dimensionless,src/barnabus/analysis.py,legacy51.csv,f33859fef494be6df07ab0f3b77d778e84ea3365daff09d484711c9f7995819f,83b9cec48c0b290e7be9c4626dafc19af4fdfbc2db1f34584f8d4873669964d2,6e98a05f682972c6b753bb0970bd0d8ea40ea481,unreproduced,
N-LEGACY51-0015-SUPPLIED_N_AFTER,358,dimensionless,src/barnabus/analysis.py,legacy51.csv,f33859fef494be6df07ab0f3b77d778e84ea3365daff09d484711c9f7995819f,83b9cec48c0b290e7be9c4626dafc19af4fdfbc2db1f34584f8d4873669964d2,6e98a05f682972c6b753bb0970bd0d8ea40ea481,unreproduced,
N-LEGACY51-0015-SUPPLIED_DIFF,0.0038,dimensionless,src/barnabus/analysis.py,legacy51.csv,f33859fef494be6df07ab0f3b77d778e84ea3365daff09d484711c9f7995819f,83b9cec48c0b290e7be9c4626dafc19af4fdfbc2db1f34584f8d4873669964d2,6e98a05f682972c6b753bb0970bd0d8ea40ea481,unreproduced,
N-LEGACY51-0015-SUPPLIED_P_VALUE,0.8465,proportion_or_dimensionless_as_labeled,src/barnabus/analysis.py,legacy51.csv,f33859fef494be6df07ab0f3b77d778e84ea3365daff09d484711c9f7995819f,83b9cec48c0b290e7be9c4626dafc19af4fdfbc2db1f34584f8d4873669964d2,6e98a05f682972c6b753bb0970bd0d8ea40ea481,unreproduced,
N-LEGACY51-0015-P_ADJUSTED_HOLM,1.0,dimensionless,src/barnabus/analysis.py,legacy51.csv,f33859fef494be6df07ab0f3b77d778e84ea3365daff09d484711c9f7995819f,83b9cec48c0b290e7be9c4626dafc19af4fdfbc2db1f34584f8d4873669964d2,6e98a05f682972c6b753bb0970bd0d8ea40ea481,unreproduced,
N-LEGACY51-0015-SUPPLIED_P_ADJUSTED_HOLM,1.0,dimensionless,src/barnabus/analysis.py,legacy51.csv,f33859fef494be6df07ab0f3b77d778e84ea3365daff09d484711c9f7995819f,83b9cec48c0b290e7be9c4626dafc19af4fdfbc2db1f34584f8d4873669964d2,6e98a05f682972c6b753bb0970bd0d8ea40ea481,unreproduced,
N-LEGACY51-0016-N_BEFORE,1297,count,src/barnabus/analysis.py,legacy51.csv,f33859fef494be6df07ab0f3b77d778e84ea3365daff09d484711c9f7995819f,83b9cec48c0b290e7be9c4626dafc19af4fdfbc2db1f34584f8d4873669964d2,6e98a05f682972c6b753bb0970bd0d8ea40ea481,unreproduced,
N-LEGACY51-0016-N_AFTER,304,count,src/barnabus/analysis.py,legacy51.csv,f33859fef494be6df07ab0f3b77d778e84ea3365daff09d484711c9f7995819f,83b9cec48c0b290e7be9c4626dafc19af4fdfbc2db1f34584f8d4873669964d2,6e98a05f682972c6b753bb0970bd0d8ea40ea481,unreproduced,
N-LEGACY51-0016-DIFF,-0.03392951345209594,proportion_or_dimensionless_as_labeled,src/barnabus/analysis.py,legacy51.csv,f33859fef494be6df07ab0f3b77d778e84ea3365daff09d484711c9f7995819f,83b9cec48c0b290e7be9c4626dafc19af4fdfbc2db1f34584f8d4873669964d2,6e98a05f682972c6b753bb0970bd0d8ea40ea481,unreproduced,
N-LEGACY51-0016-P_VALUE,0.10880266758878754,proportion_or_dimensionless_as_labeled,src/barnabus/analysis.py,legacy51.csv,f33859fef494be6df07ab0f3b77d778e84ea3365daff09d484711c9f7995819f,83b9cec48c0b290e7be9c4626dafc19af4fdfbc2db1f34584f8d4873669964d2,6e98a05f682972c6b753bb0970bd0d8ea40ea481,unreproduced,
N-LEGACY51-0016-SUPPLIED_N_BEFORE,1208,dimensionless,src/barnabus/analysis.py,legacy51.csv,f33859fef494be6df07ab0f3b77d778e84ea3365daff09d484711c9f7995819f,83b9cec48c0b290e7be9c4626dafc19af4fdfbc2db1f34584f8d4873669964d2,6e98a05f682972c6b753bb0970bd0d8ea40ea481,unreproduced,
N-LEGACY51-0016-SUPPLIED_N_AFTER,372,dimensionless,src/barnabus/analysis.py,legacy51.csv,f33859fef494be6df07ab0f3b77d778e84ea3365daff09d484711c9f7995819f,83b9cec48c0b290e7be9c4626dafc19af4fdfbc2db1f34584f8d4873669964d2,6e98a05f682972c6b753bb0970bd0d8ea40ea481,unreproduced,
N-LEGACY51-0016-SUPPLIED_DIFF,-0.0512,dimensionless,src/barnabus/analysis.py,legacy51.csv,f33859fef494be6df07ab0f3b77d778e84ea3365daff09d484711c9f7995819f,83b9cec48c0b290e7be9c4626dafc19af4fdfbc2db1f34584f8d4873669964d2,6e98a05f682972c6b753bb0970bd0d8ea40ea481,unreproduced,
N-LEGACY51-0016-SUPPLIED_P_VALUE,0.0014,proportion_or_dimensionless_as_labeled,src/barnabus/analysis.py,legacy51.csv,f33859fef494be6df07ab0f3b77d778e84ea3365daff09d484711c9f7995819f,83b9cec48c0b290e7be9c4626dafc19af4fdfbc2db1f34584f8d4873669964d2,6e98a05f682972c6b753bb0970bd0d8ea40ea481,unreproduced,
N-LEGACY51-0016-P_ADJUSTED_HOLM,1.0,dimensionless,src/barnabus/analysis.py,legacy51.csv,f33859fef494be6df07ab0f3b77d778e84ea3365daff09d484711c9f7995819f,83b9cec48c0b290e7be9c4626dafc19af4fdfbc2db1f34584f8d4873669964d2,6e98a05f682972c6b753bb0970bd0d8ea40ea481,unreproduced,
N-LEGACY51-0016-SUPPLIED_P_ADJUSTED_HOLM,0.063,dimensionless,src/barnabus/analysis.py,legacy51.csv,f33859fef494be6df07ab0f3b77d778e84ea3365daff09d484711c9f7995819f,83b9cec48c0b290e7be9c4626dafc19af4fdfbc2db1f34584f8d4873669964d2,6e98a05f682972c6b753bb0970bd0d8ea40ea481,unreproduced,
N-LEGACY51-0017-N_BEFORE,1130,count,src/barnabus/analysis.py,legacy51.csv,f33859fef494be6df07ab0f3b77d778e84ea3365daff09d484711c9f7995819f,83b9cec48c0b290e7be9c4626dafc19af4fdfbc2db1f34584f8d4873669964d2,6e98a05f682972c6b753bb0970bd0d8ea40ea481,unreproduced,
N-LEGACY51-0017-N_AFTER,305,count,src/barnabus/analysis.py,legacy51.csv,f33859fef494be6df07ab0f3b77d778e84ea3365daff09d484711c9f7995819f,83b9cec48c0b290e7be9c4626dafc19af4fdfbc2db1f34584f8d4873669964d2,6e98a05f682972c6b753bb0970bd0d8ea40ea481,unreproduced,
N-LEGACY51-0017-DIFF,-0.003220658639199181,proportion_or_dimensionless_as_labeled,src/barnabus/analysis.py,legacy51.csv,f33859fef494be6df07ab0f3b77d778e84ea3365daff09d484711c9f7995819f,83b9cec48c0b290e7be9c4626dafc19af4fdfbc2db1f34584f8d4873669964d2,6e98a05f682972c6b753bb0970bd0d8ea40ea481,unreproduced,
N-LEGACY51-0017-P_VALUE,0.8957945158653979,proportion_or_dimensionless_as_labeled,src/barnabus/analysis.py,legacy51.csv,f33859fef494be6df07ab0f3b77d778e84ea3365daff09d484711c9f7995819f,83b9cec48c0b290e7be9c4626dafc19af4fdfbc2db1f34584f8d4873669964d2,6e98a05f682972c6b753bb0970bd0d8ea40ea481,unreproduced,
N-LEGACY51-0017-SUPPLIED_N_BEFORE,1082,dimensionless,src/barnabus/analysis.py,legacy51.csv,f33859fef494be6df07ab0f3b77d778e84ea3365daff09d484711c9f7995819f,83b9cec48c0b290e7be9c4626dafc19af4fdfbc2db1f34584f8d4873669964d2,6e98a05f682972c6b753bb0970bd0d8ea40ea481,unreproduced,
N-LEGACY51-0017-SUPPLIED_N_AFTER,359,dimensionless,src/barnabus/analysis.py,legacy51.csv,f33859fef494be6df07ab0f3b77d778e84ea3365daff09d484711c9f7995819f,83b9cec48c0b290e7be9c4626dafc19af4fdfbc2db1f34584f8d4873669964d2,6e98a05f682972c6b753bb0970bd0d8ea40ea481,unreproduced,
N-LEGACY51-0017-SUPPLIED_DIFF,0.0007,dimensionless,src/barnabus/analysis.py,legacy51.csv,f33859fef494be6df07ab0f3b77d778e84ea3365daff09d484711c9f7995819f,83b9cec48c0b290e7be9c4626dafc19af4fdfbc2db1f34584f8d4873669964d2,6e98a05f682972c6b753bb0970bd0d8ea40ea481,unreproduced,
N-LEGACY51-0017-SUPPLIED_P_VALUE,0.974,proportion_or_dimensionless_as_labeled,src/barnabus/analysis.py,legacy51.csv,f33859fef494be6df07ab0f3b77d778e84ea3365daff09d484711c9f7995819f,83b9cec48c0b290e7be9c4626dafc19af4fdfbc2db1f34584f8d4873669964d2,6e98a05f682972c6b753bb0970bd0d8ea40ea481,unreproduced,
N-LEGACY51-0017-P_ADJUSTED_HOLM,1.0,dimensionless,src/barnabus/analysis.py,legacy51.csv,f33859fef494be6df07ab0f3b77d778e84ea3365daff09d484711c9f7995819f,83b9cec48c0b290e7be9c4626dafc19af4fdfbc2db1f34584f8d4873669964d2,6e98a05f682972c6b753bb0970bd0d8ea40ea481,unreproduced,
N-LEGACY51-0017-SUPPLIED_P_ADJUSTED_HOLM,1.0,dimensionless,src/barnabus/analysis.py,legacy51.csv,f33859fef494be6df07ab0f3b77d778e84ea3365daff09d484711c9f7995819f,83b9cec48c0b290e7be9c4626dafc19af4fdfbc2db1f34584f8d4873669964d2,6e98a05f682972c6b753bb0970bd0d8ea40ea481,unreproduced,
N-LEGACY51-0018-N_BEFORE,1224,count,src/barnabus/analysis.py,legacy51.csv,f33859fef494be6df07ab0f3b77d778e84ea3365daff09d484711c9f7995819f,83b9cec48c0b290e7be9c4626dafc19af4fdfbc2db1f34584f8d4873669964d2,6e98a05f682972c6b753bb0970bd0d8ea40ea481,unreproduced,
N-LEGACY51-0018-N_AFTER,336,count,src/barnabus/analysis.py,legacy51.csv,f33859fef494be6df07ab0f3b77d778e84ea3365daff09d484711c9f7995819f,83b9cec48c0b290e7be9c4626dafc19af4fdfbc2db1f34584f8d4873669964d2,6e98a05f682972c6b753bb0970bd0d8ea40ea481,unreproduced,
N-LEGACY51-0018-DIFF,-0.03904061624649861,proportion_or_dimensionless_as_labeled,src/barnabus/analysis.py,legacy51.csv,f33859fef494be6df07ab0f3b77d778e84ea3365daff09d484711c9f7995819f,83b9cec48c0b290e7be9c4626dafc19af4fdfbc2db1f34584f8d4873669964d2,6e98a05f682972c6b753bb0970bd0d8ea40ea481,unreproduced,
N-LEGACY51-0018-P_VALUE,0.05848493162116804,proportion_or_dimensionless_as_labeled,src/barnabus/analysis.py,legacy51.csv,f33859fef494be6df07ab0f3b77d778e84ea3365daff09d484711c9f7995819f,83b9cec48c0b290e7be9c4626dafc19af4fdfbc2db1f34584f8d4873669964d2,6e98a05f682972c6b753bb0970bd0d8ea40ea481,unreproduced,
N-LEGACY51-0018-SUPPLIED_N_BEFORE,1156,dimensionless,src/barnabus/analysis.py,legacy51.csv,f33859fef494be6df07ab0f3b77d778e84ea3365daff09d484711c9f7995819f,83b9cec48c0b290e7be9c4626dafc19af4fdfbc2db1f34584f8d4873669964d2,6e98a05f682972c6b753bb0970bd0d8ea40ea481,unreproduced,
N-LEGACY51-0018-SUPPLIED_N_AFTER,376,dimensionless,src/barnabus/analysis.py,legacy51.csv,f33859fef494be6df07ab0f3b77d778e84ea3365daff09d484711c9f7995819f,83b9cec48c0b290e7be9c4626dafc19af4fdfbc2db1f34584f8d4873669964d2,6e98a05f682972c6b753bb0970bd0d8ea40ea481,unreproduced,
N-LEGACY51-0018-SUPPLIED_DIFF,-0.0414,dimensionless,src/barnabus/analysis.py,legacy51.csv,f33859fef494be6df07ab0f3b77d778e84ea3365daff09d484711c9f7995819f,83b9cec48c0b290e7be9c4626dafc19af4fdfbc2db1f34584f8d4873669964d2,6e98a05f682972c6b753bb0970bd0d8ea40ea481,unreproduced,
N-LEGACY51-0018-SUPPLIED_P_VALUE,0.012,proportion_or_dimensionless_as_labeled,src/barnabus/analysis.py,legacy51.csv,f33859fef494be6df07ab0f3b77d778e84ea3365daff09d484711c9f7995819f,83b9cec48c0b290e7be9c4626dafc19af4fdfbc2db1f34584f8d4873669964d2,6e98a05f682972c6b753bb0970bd0d8ea40ea481,unreproduced,
N-LEGACY51-0018-P_ADJUSTED_HOLM,1.0,dimensionless,src/barnabus/analysis.py,legacy51.csv,f33859fef494be6df07ab0f3b77d778e84ea3365daff09d484711c9f7995819f,83b9cec48c0b290e7be9c4626dafc19af4fdfbc2db1f34584f8d4873669964d2,6e98a05f682972c6b753bb0970bd0d8ea40ea481,unreproduced,
N-LEGACY51-0018-SUPPLIED_P_ADJUSTED_HOLM,0.444,dimensionless,src/barnabus/analysis.py,legacy51.csv,f33859fef494be6df07ab0f3b77d778e84ea3365daff09d484711c9f7995819f,83b9cec48c0b290e7be9c4626dafc19af4fdfbc2db1f34584f8d4873669964d2,6e98a05f682972c6b753bb0970bd0d8ea40ea481,unreproduced,
N-LEGACY51-0019-N_BEFORE,1182,count,src/barnabus/analysis.py,legacy51.csv,f33859fef494be6df07ab0f3b77d778e84ea3365daff09d484711c9f7995819f,83b9cec48c0b290e7be9c4626dafc19af4fdfbc2db1f34584f8d4873669964d2,6e98a05f682972c6b753bb0970bd0d8ea40ea481,unreproduced,
N-LEGACY51-0019-N_AFTER,294,count,src/barnabus/analysis.py,legacy51.csv,f33859fef494be6df07ab0f3b77d778e84ea3365daff09d484711c9f7995819f,83b9cec48c0b290e7be9c4626dafc19af4fdfbc2db1f34584f8d4873669964d2,6e98a05f682972c6b753bb0970bd0d8ea40ea481,unreproduced,
N-LEGACY51-0019-DIFF,-0.03508408439517939,proportion_or_dimensionless_as_labeled,src/barnabus/analysis.py,legacy51.csv,f33859fef494be6df07ab0f3b77d778e84ea3365daff09d484711c9f7995819f,83b9cec48c0b290e7be9c4626dafc19af4fdfbc2db1f34584f8d4873669964d2,6e98a05f682972c6b753bb0970bd0d8ea40ea481,unreproduced,
N-LEGACY51-0019-P_VALUE,0.0933917926129354,proportion_or_dimensionless_as_labeled,src/barnabus/analysis.py,legacy51.csv,f33859fef494be6df07ab0f3b77d778e84ea3365daff09d484711c9f7995819f,83b9cec48c0b290e7be9c4626dafc19af4fdfbc2db1f34584f8d4873669964d2,6e98a05f682972c6b753bb0970bd0d8ea40ea481,unreproduced,
N-LEGACY51-0019-SUPPLIED_N_BEFORE,1123,dimensionless,src/barnabus/analysis.py,legacy51.csv,f33859fef494be6df07ab0f3b77d778e84ea3365daff09d484711c9f7995819f,83b9cec48c0b290e7be9c4626dafc19af4fdfbc2db1f34584f8d4873669964d2,6e98a05f682972c6b753bb0970bd0d8ea40ea481,unreproduced,
N-LEGACY51-0019-SUPPLIED_N_AFTER,354,dimensionless,src/barnabus/analysis.py,legacy51.csv,f33859fef494be6df07ab0f3b77d778e84ea3365daff09d484711c9f7995819f,83b9cec48c0b290e7be9c4626dafc19af4fdfbc2db1f34584f8d4873669964d2,6e98a05f682972c6b753bb0970bd0d8ea40ea481,unreproduced,
N-LEGACY51-0019-SUPPLIED_DIFF,-0.0228,dimensionless,src/barnabus/analysis.py,legacy51.csv,f33859fef494be6df07ab0f3b77d778e84ea3365daff09d484711c9f7995819f,83b9cec48c0b290e7be9c4626dafc19af4fdfbc2db1f34584f8d4873669964d2,6e98a05f682972c6b753bb0970bd0d8ea40ea481,unreproduced,
N-LEGACY51-0019-SUPPLIED_P_VALUE,0.1972,proportion_or_dimensionless_as_labeled,src/barnabus/analysis.py,legacy51.csv,f33859fef494be6df07ab0f3b77d778e84ea3365daff09d484711c9f7995819f,83b9cec48c0b290e7be9c4626dafc19af4fdfbc2db1f34584f8d4873669964d2,6e98a05f682972c6b753bb0970bd0d8ea40ea481,unreproduced,
N-LEGACY51-0019-P_ADJUSTED_HOLM,1.0,dimensionless,src/barnabus/analysis.py,legacy51.csv,f33859fef494be6df07ab0f3b77d778e84ea3365daff09d484711c9f7995819f,83b9cec48c0b290e7be9c4626dafc19af4fdfbc2db1f34584f8d4873669964d2,6e98a05f682972c6b753bb0970bd0d8ea40ea481,unreproduced,
N-LEGACY51-0019-SUPPLIED_P_ADJUSTED_HOLM,1.0,dimensionless,src/barnabus/analysis.py,legacy51.csv,f33859fef494be6df07ab0f3b77d778e84ea3365daff09d484711c9f7995819f,83b9cec48c0b290e7be9c4626dafc19af4fdfbc2db1f34584f8d4873669964d2,6e98a05f682972c6b753bb0970bd0d8ea40ea481,unreproduced,
N-LEGACY51-0020-N_BEFORE,1195,count,src/barnabus/analysis.py,legacy51.csv,f33859fef494be6df07ab0f3b77d778e84ea3365daff09d484711c9f7995819f,83b9cec48c0b290e7be9c4626dafc19af4fdfbc2db1f34584f8d4873669964d2,6e98a05f682972c6b753bb0970bd0d8ea40ea481,unreproduced,
N-LEGACY51-0020-N_AFTER,349,count,src/barnabus/analysis.py,legacy51.csv,f33859fef494be6df07ab0f3b77d778e84ea3365daff09d484711c9f7995819f,83b9cec48c0b290e7be9c4626dafc19af4fdfbc2db1f34584f8d4873669964d2,6e98a05f682972c6b753bb0970bd0d8ea40ea481,unreproduced,
N-LEGACY51-0020-DIFF,-0.031221301746772,proportion_or_dimensionless_as_labeled,src/barnabus/analysis.py,legacy51.csv,f33859fef494be6df07ab0f3b77d778e84ea3365daff09d484711c9f7995819f,83b9cec48c0b290e7be9c4626dafc19af4fdfbc2db1f34584f8d4873669964d2,6e98a05f682972c6b753bb0970bd0d8ea40ea481,unreproduced,
N-LEGACY51-0020-P_VALUE,0.1272893663308556,proportion_or_dimensionless_as_labeled,src/barnabus/analysis.py,legacy51.csv,f33859fef494be6df07ab0f3b77d778e84ea3365daff09d484711c9f7995819f,83b9cec48c0b290e7be9c4626dafc19af4fdfbc2db1f34584f8d4873669964d2,6e98a05f682972c6b753bb0970bd0d8ea40ea481,unreproduced,
N-LEGACY51-0020-SUPPLIED_N_BEFORE,1126,dimensionless,src/barnabus/analysis.py,legacy51.csv,f33859fef494be6df07ab0f3b77d778e84ea3365daff09d484711c9f7995819f,83b9cec48c0b290e7be9c4626dafc19af4fdfbc2db1f34584f8d4873669964d2,6e98a05f682972c6b753bb0970bd0d8ea40ea481,unreproduced,
N-LEGACY51-0020-SUPPLIED_N_AFTER,404,dimensionless,src/barnabus/analysis.py,legacy51.csv,f33859fef494be6df07ab0f3b77d778e84ea3365daff09d484711c9f7995819f,83b9cec48c0b290e7be9c4626dafc19af4fdfbc2db1f34584f8d4873669964d2,6e98a05f682972c6b753bb0970bd0d8ea40ea481,unreproduced,
N-LEGACY51-0020-SUPPLIED_DIFF,0.0005,dimensionless,src/barnabus/analysis.py,legacy51.csv,f33859fef494be6df07ab0f3b77d778e84ea3365daff09d484711c9f7995819f,83b9cec48c0b290e7be9c4626dafc19af4fdfbc2db1f34584f8d4873669964d2,6e98a05f682972c6b753bb0970bd0d8ea40ea481,unreproduced,
N-LEGACY51-0020-SUPPLIED_P_VALUE,0.9787,proportion_or_dimensionless_as_labeled,src/barnabus/analysis.py,legacy51.csv,f33859fef494be6df07ab0f3b77d778e84ea3365daff09d484711c9f7995819f,83b9cec48c0b290e7be9c4626dafc19af4fdfbc2db1f34584f8d4873669964d2,6e98a05f682972c6b753bb0970bd0d8ea40ea481,unreproduced,
N-LEGACY51-0020-P_ADJUSTED_HOLM,1.0,dimensionless,src/barnabus/analysis.py,legacy51.csv,f33859fef494be6df07ab0f3b77d778e84ea3365daff09d484711c9f7995819f,83b9cec48c0b290e7be9c4626dafc19af4fdfbc2db1f34584f8d4873669964d2,6e98a05f682972c6b753bb0970bd0d8ea40ea481,unreproduced,
N-LEGACY51-0020-SUPPLIED_P_ADJUSTED_HOLM,1.0,dimensionless,src/barnabus/analysis.py,legacy51.csv,f33859fef494be6df07ab0f3b77d778e84ea3365daff09d484711c9f7995819f,83b9cec48c0b290e7be9c4626dafc19af4fdfbc2db1f34584f8d4873669964d2,6e98a05f682972c6b753bb0970bd0d8ea40ea481,unreproduced,
N-LEGACY51-0021-N_BEFORE,1420,count,src/barnabus/analysis.py,legacy51.csv,f33859fef494be6df07ab0f3b77d778e84ea3365daff09d484711c9f7995819f,83b9cec48c0b290e7be9c4626dafc19af4fdfbc2db1f34584f8d4873669964d2,6e98a05f682972c6b753bb0970bd0d8ea40ea481,unreproduced,
N-LEGACY51-0021-N_AFTER,375,count,src/barnabus/analysis.py,legacy51.csv,f33859fef494be6df07ab0f3b77d778e84ea3365daff09d484711c9f7995819f,83b9cec48c0b290e7be9c4626dafc19af4fdfbc2db1f34584f8d4873669964d2,6e98a05f682972c6b753bb0970bd0d8ea40ea481,unreproduced,
N-LEGACY51-0021-DIFF,-0.012948356807511732,proportion_or_dimensionless_as_labeled,src/barnabus/analysis.py,legacy51.csv,f33859fef494be6df07ab0f3b77d778e84ea3365daff09d484711c9f7995819f,83b9cec48c0b290e7be9c4626dafc19af4fdfbc2db1f34584f8d4873669964d2,6e98a05f682972c6b753bb0970bd0d8ea40ea481,unreproduced,
N-LEGACY51-0021-P_VALUE,0.5038226744097445,proportion_or_dimensionless_as_labeled,src/barnabus/analysis.py,legacy51.csv,f33859fef494be6df07ab0f3b77d778e84ea3365daff09d484711c9f7995819f,83b9cec48c0b290e7be9c4626dafc19af4fdfbc2db1f34584f8d4873669964d2,6e98a05f682972c6b753bb0970bd0d8ea40ea481,unreproduced,
N-LEGACY51-0021-SUPPLIED_N_BEFORE,1337,dimensionless,src/barnabus/analysis.py,legacy51.csv,f33859fef494be6df07ab0f3b77d778e84ea3365daff09d484711c9f7995819f,83b9cec48c0b290e7be9c4626dafc19af4fdfbc2db1f34584f8d4873669964d2,6e98a05f682972c6b753bb0970bd0d8ea40ea481,unreproduced,
N-LEGACY51-0021-SUPPLIED_N_AFTER,454,dimensionless,src/barnabus/analysis.py,legacy51.csv,f33859fef494be6df07ab0f3b77d778e84ea3365daff09d484711c9f7995819f,83b9cec48c0b290e7be9c4626dafc19af4fdfbc2db1f34584f8d4873669964d2,6e98a05f682972c6b753bb0970bd0d8ea40ea481,unreproduced,
N-LEGACY51-0021-SUPPLIED_DIFF,-0.0066,dimensionless,src/barnabus/analysis.py,legacy51.csv,f33859fef494be6df07ab0f3b77d778e84ea3365daff09d484711c9f7995819f,83b9cec48c0b290e7be9c4626dafc19af4fdfbc2db1f34584f8d4873669964d2,6e98a05f682972c6b753bb0970bd0d8ea40ea481,unreproduced,
N-LEGACY51-0021-SUPPLIED_P_VALUE,0.703,proportion_or_dimensionless_as_labeled,src/barnabus/analysis.py,legacy51.csv,f33859fef494be6df07ab0f3b77d778e84ea3365daff09d484711c9f7995819f,83b9cec48c0b290e7be9c4626dafc19af4fdfbc2db1f34584f8d4873669964d2,6e98a05f682972c6b753bb0970bd0d8ea40ea481,unreproduced,
N-LEGACY51-0021-P_ADJUSTED_HOLM,1.0,dimensionless,src/barnabus/analysis.py,legacy51.csv,f33859fef494be6df07ab0f3b77d778e84ea3365daff09d484711c9f7995819f,83b9cec48c0b290e7be9c4626dafc19af4fdfbc2db1f34584f8d4873669964d2,6e98a05f682972c6b753bb0970bd0d8ea40ea481,unreproduced,
N-LEGACY51-0021-SUPPLIED_P_ADJUSTED_HOLM,1.0,dimensionless,src/barnabus/analysis.py,legacy51.csv,f33859fef494be6df07ab0f3b77d778e84ea3365daff09d484711c9f7995819f,83b9cec48c0b290e7be9c4626dafc19af4fdfbc2db1f34584f8d4873669964d2,6e98a05f682972c6b753bb0970bd0d8ea40ea481,unreproduced,
N-LEGACY51-0022-N_BEFORE,1463,count,src/barnabus/analysis.py,legacy51.csv,f33859fef494be6df07ab0f3b77d778e84ea3365daff09d484711c9f7995819f,83b9cec48c0b290e7be9c4626dafc19af4fdfbc2db1f34584f8d4873669964d2,6e98a05f682972c6b753bb0970bd0d8ea40ea481,unreproduced,
N-LEGACY51-0022-N_AFTER,152,count,src/barnabus/analysis.py,legacy51.csv,f33859fef494be6df07ab0f3b77d778e84ea3365daff09d484711c9f7995819f,83b9cec48c0b290e7be9c4626dafc19af4fdfbc2db1f34584f8d4873669964d2,6e98a05f682972c6b753bb0970bd0d8ea40ea481,unreproduced,
N-LEGACY51-0022-DIFF,-0.02511961722488039,proportion_or_dimensionless_as_labeled,src/barnabus/analysis.py,legacy51.csv,f33859fef494be6df07ab0f3b77d778e84ea3365daff09d484711c9f7995819f,83b9cec48c0b290e7be9c4626dafc19af4fdfbc2db1f34584f8d4873669964d2,6e98a05f682972c6b753bb0970bd0d8ea40ea481,unreproduced,
N-LEGACY51-0022-P_VALUE,0.29946594236465995,proportion_or_dimensionless_as_labeled,src/barnabus/analysis.py,legacy51.csv,f33859fef494be6df07ab0f3b77d778e84ea3365daff09d484711c9f7995819f,83b9cec48c0b290e7be9c4626dafc19af4fdfbc2db1f34584f8d4873669964d2,6e98a05f682972c6b753bb0970bd0d8ea40ea481,unreproduced,
N-LEGACY51-0022-SUPPLIED_N_BEFORE,1394,dimensionless,src/barnabus/analysis.py,legacy51.csv,f33859fef494be6df07ab0f3b77d778e84ea3365daff09d484711c9f7995819f,83b9cec48c0b290e7be9c4626dafc19af4fdfbc2db1f34584f8d4873669964d2,6e98a05f682972c6b753bb0970bd0d8ea40ea481,unreproduced,
N-LEGACY51-0022-SUPPLIED_N_AFTER,184,dimensionless,src/barnabus/analysis.py,legacy51.csv,f33859fef494be6df07ab0f3b77d778e84ea3365daff09d484711c9f7995819f,83b9cec48c0b290e7be9c4626dafc19af4fdfbc2db1f34584f8d4873669964d2,6e98a05f682972c6b753bb0970bd0d8ea40ea481,unreproduced,
N-LEGACY51-0022-SUPPLIED_DIFF,-0.0269,dimensionless,src/barnabus/analysis.py,legacy51.csv,f33859fef494be6df07ab0f3b77d778e84ea3365daff09d484711c9f7995819f,83b9cec48c0b290e7be9c4626dafc19af4fdfbc2db1f34584f8d4873669964d2,6e98a05f682972c6b753bb0970bd0d8ea40ea481,unreproduced,
N-LEGACY51-0022-SUPPLIED_P_VALUE,0.0647,proportion_or_dimensionless_as_labeled,src/barnabus/analysis.py,legacy51.csv,f33859fef494be6df07ab0f3b77d778e84ea3365daff09d484711c9f7995819f,83b9cec48c0b290e7be9c4626dafc19af4fdfbc2db1f34584f8d4873669964d2,6e98a05f682972c6b753bb0970bd0d8ea40ea481,unreproduced,
N-LEGACY51-0022-P_ADJUSTED_HOLM,1.0,dimensionless,src/barnabus/analysis.py,legacy51.csv,f33859fef494be6df07ab0f3b77d778e84ea3365daff09d484711c9f7995819f,83b9cec48c0b290e7be9c4626dafc19af4fdfbc2db1f34584f8d4873669964d2,6e98a05f682972c6b753bb0970bd0d8ea40ea481,unreproduced,
N-LEGACY51-0022-SUPPLIED_P_ADJUSTED_HOLM,1.0,dimensionless,src/barnabus/analysis.py,legacy51.csv,f33859fef494be6df07ab0f3b77d778e84ea3365daff09d484711c9f7995819f,83b9cec48c0b290e7be9c4626dafc19af4fdfbc2db1f34584f8d4873669964d2,6e98a05f682972c6b753bb0970bd0d8ea40ea481,unreproduced,
N-LEGACY51-0023-N_BEFORE,1392,count,src/barnabus/analysis.py,legacy51.csv,f33859fef494be6df07ab0f3b77d778e84ea3365daff09d484711c9f7995819f,83b9cec48c0b290e7be9c4626dafc19af4fdfbc2db1f34584f8d4873669964d2,6e98a05f682972c6b753bb0970bd0d8ea40ea481,unreproduced,
N-LEGACY51-0023-N_AFTER,411,count,src/barnabus/analysis.py,legacy51.csv,f33859fef494be6df07ab0f3b77d778e84ea3365daff09d484711c9f7995819f,83b9cec48c0b290e7be9c4626dafc19af4fdfbc2db1f34584f8d4873669964d2,6e98a05f682972c6b753bb0970bd0d8ea40ea481,unreproduced,
N-LEGACY51-0023-DIFF,0.007613893783035508,proportion_or_dimensionless_as_labeled,src/barnabus/analysis.py,legacy51.csv,f33859fef494be6df07ab0f3b77d778e84ea3365daff09d484711c9f7995819f,83b9cec48c0b290e7be9c4626dafc19af4fdfbc2db1f34584f8d4873669964d2,6e98a05f682972c6b753bb0970bd0d8ea40ea481,unreproduced,
N-LEGACY51-0023-P_VALUE,0.6980542629796485,proportion_or_dimensionless_as_labeled,src/barnabus/analysis.py,legacy51.csv,f33859fef494be6df07ab0f3b77d778e84ea3365daff09d484711c9f7995819f,83b9cec48c0b290e7be9c4626dafc19af4fdfbc2db1f34584f8d4873669964d2,6e98a05f682972c6b753bb0970bd0d8ea40ea481,unreproduced,
N-LEGACY51-0023-SUPPLIED_N_BEFORE,1312,dimensionless,src/barnabus/analysis.py,legacy51.csv,f33859fef494be6df07ab0f3b77d778e84ea3365daff09d484711c9f7995819f,83b9cec48c0b290e7be9c4626dafc19af4fdfbc2db1f34584f8d4873669964d2,6e98a05f682972c6b753bb0970bd0d8ea40ea481,unreproduced,
N-LEGACY51-0023-SUPPLIED_N_AFTER,480,dimensionless,src/barnabus/analysis.py,legacy51.csv,f33859fef494be6df07ab0f3b77d778e84ea3365daff09d484711c9f7995819f,83b9cec48c0b290e7be9c4626dafc19af4fdfbc2db1f34584f8d4873669964d2,6e98a05f682972c6b753bb0970bd0d8ea40ea481,unreproduced,
N-LEGACY51-0023-SUPPLIED_DIFF,0.0097,dimensionless,src/barnabus/analysis.py,legacy51.csv,f33859fef494be6df07ab0f3b77d778e84ea3365daff09d484711c9f7995819f,83b9cec48c0b290e7be9c4626dafc19af4fdfbc2db1f34584f8d4873669964d2,6e98a05f682972c6b753bb0970bd0d8ea40ea481,unreproduced,
N-LEGACY51-0023-SUPPLIED_P_VALUE,0.5819,proportion_or_dimensionless_as_labeled,src/barnabus/analysis.py,legacy51.csv,f33859fef494be6df07ab0f3b77d778e84ea3365daff09d484711c9f7995819f,83b9cec48c0b290e7be9c4626dafc19af4fdfbc2db1f34584f8d4873669964d2,6e98a05f682972c6b753bb0970bd0d8ea40ea481,unreproduced,
N-LEGACY51-0023-P_ADJUSTED_HOLM,1.0,dimensionless,src/barnabus/analysis.py,legacy51.csv,f33859fef494be6df07ab0f3b77d778e84ea3365daff09d484711c9f7995819f,83b9cec48c0b290e7be9c4626dafc19af4fdfbc2db1f34584f8d4873669964d2,6e98a05f682972c6b753bb0970bd0d8ea40ea481,unreproduced,
N-LEGACY51-0023-SUPPLIED_P_ADJUSTED_HOLM,1.0,dimensionless,src/barnabus/analysis.py,legacy51.csv,f33859fef494be6df07ab0f3b77d778e84ea3365daff09d484711c9f7995819f,83b9cec48c0b290e7be9c4626dafc19af4fdfbc2db1f34584f8d4873669964d2,6e98a05f682972c6b753bb0970bd0d8ea40ea481,unreproduced,
N-LEGACY51-0024-N_BEFORE,1179,count,src/barnabus/analysis.py,legacy51.csv,f33859fef494be6df07ab0f3b77d778e84ea3365daff09d484711c9f7995819f,83b9cec48c0b290e7be9c4626dafc19af4fdfbc2db1f34584f8d4873669964d2,6e98a05f682972c6b753bb0970bd0d8ea40ea481,unreproduced,
N-LEGACY51-0024-N_AFTER,319,count,src/barnabus/analysis.py,legacy51.csv,f33859fef494be6df07ab0f3b77d778e84ea3365daff09d484711c9f7995819f,83b9cec48c0b290e7be9c4626dafc19af4fdfbc2db1f34584f8d4873669964d2,6e98a05f682972c6b753bb0970bd0d8ea40ea481,unreproduced,
N-LEGACY51-0024-DIFF,0.005432051496805396,proportion_or_dimensionless_as_labeled,src/barnabus/analysis.py,legacy51.csv,f33859fef494be6df07ab0f3b77d778e84ea3365daff09d484711c9f7995819f,83b9cec48c0b290e7be9c4626dafc19af4fdfbc2db1f34584f8d4873669964d2,6e98a05f682972c6b753bb0970bd0d8ea40ea481,unreproduced,
N-LEGACY51-0024-P_VALUE,0.807524372140549,proportion_or_dimensionless_as_labeled,src/barnabus/analysis.py,legacy51.csv,f33859fef494be6df07ab0f3b77d778e84ea3365daff09d484711c9f7995819f,83b9cec48c0b290e7be9c4626dafc19af4fdfbc2db1f34584f8d4873669964d2,6e98a05f682972c6b753bb0970bd0d8ea40ea481,unreproduced,
N-LEGACY51-0024-SUPPLIED_N_BEFORE,1125,dimensionless,src/barnabus/analysis.py,legacy51.csv,f33859fef494be6df07ab0f3b77d778e84ea3365daff09d484711c9f7995819f,83b9cec48c0b290e7be9c4626dafc19af4fdfbc2db1f34584f8d4873669964d2,6e98a05f682972c6b753bb0970bd0d8ea40ea481,unreproduced,
N-LEGACY51-0024-SUPPLIED_N_AFTER,354,dimensionless,src/barnabus/analysis.py,legacy51.csv,f33859fef494be6df07ab0f3b77d778e84ea3365daff09d484711c9f7995819f,83b9cec48c0b290e7be9c4626dafc19af4fdfbc2db1f34584f8d4873669964d2,6e98a05f682972c6b753bb0970bd0d8ea40ea481,unreproduced,
N-LEGACY51-0024-SUPPLIED_DIFF,0.0233,dimensionless,src/barnabus/analysis.py,legacy51.csv,f33859fef494be6df07ab0f3b77d778e84ea3365daff09d484711c9f7995819f,83b9cec48c0b290e7be9c4626dafc19af4fdfbc2db1f34584f8d4873669964d2,6e98a05f682972c6b753bb0970bd0d8ea40ea481,unreproduced,
N-LEGACY51-0024-SUPPLIED_P_VALUE,0.272,proportion_or_dimensionless_as_labeled,src/barnabus/analysis.py,legacy51.csv,f33859fef494be6df07ab0f3b77d778e84ea3365daff09d484711c9f7995819f,83b9cec48c0b290e7be9c4626dafc19af4fdfbc2db1f34584f8d4873669964d2,6e98a05f682972c6b753bb0970bd0d8ea40ea481,unreproduced,
N-LEGACY51-0024-P_ADJUSTED_HOLM,1.0,dimensionless,src/barnabus/analysis.py,legacy51.csv,f33859fef494be6df07ab0f3b77d778e84ea3365daff09d484711c9f7995819f,83b9cec48c0b290e7be9c4626dafc19af4fdfbc2db1f34584f8d4873669964d2,6e98a05f682972c6b753bb0970bd0d8ea40ea481,unreproduced,
N-LEGACY51-0024-SUPPLIED_P_ADJUSTED_HOLM,1.0,dimensionless,src/barnabus/analysis.py,legacy51.csv,f33859fef494be6df07ab0f3b77d778e84ea3365daff09d484711c9f7995819f,83b9cec48c0b290e7be9c4626dafc19af4fdfbc2db1f34584f8d4873669964d2,6e98a05f682972c6b753bb0970bd0d8ea40ea481,unreproduced,
N-LEGACY51-0025-N_BEFORE,17475,count,src/barnabus/analysis.py,legacy51.csv,f33859fef494be6df07ab0f3b77d778e84ea3365daff09d484711c9f7995819f,83b9cec48c0b290e7be9c4626dafc19af4fdfbc2db1f34584f8d4873669964d2,6e98a05f682972c6b753bb0970bd0d8ea40ea481,unreproduced,
N-LEGACY51-0025-N_AFTER,4536,count,src/barnabus/analysis.py,legacy51.csv,f33859fef494be6df07ab0f3b77d778e84ea3365daff09d484711c9f7995819f,83b9cec48c0b290e7be9c4626dafc19af4fdfbc2db1f34584f8d4873669964d2,6e98a05f682972c6b753bb0970bd0d8ea40ea481,unreproduced,
N-LEGACY51-0025-DIFF,-0.009759406862411155,proportion_or_dimensionless_as_labeled,src/barnabus/analysis.py,legacy51.csv,f33859fef494be6df07ab0f3b77d778e84ea3365daff09d484711c9f7995819f,83b9cec48c0b290e7be9c4626dafc19af4fdfbc2db1f34584f8d4873669964d2,6e98a05f682972c6b753bb0970bd0d8ea40ea481,unreproduced,
N-LEGACY51-0025-P_VALUE,0.07370995299984208,proportion_or_dimensionless_as_labeled,src/barnabus/analysis.py,legacy51.csv,f33859fef494be6df07ab0f3b77d778e84ea3365daff09d484711c9f7995819f,83b9cec48c0b290e7be9c4626dafc19af4fdfbc2db1f34584f8d4873669964d2,6e98a05f682972c6b753bb0970bd0d8ea40ea481,unreproduced,
N-LEGACY51-0025-SUPPLIED_N_BEFORE,16551,dimensionless,src/barnabus/analysis.py,legacy51.csv,f33859fef494be6df07ab0f3b77d778e84ea3365daff09d484711c9f7995819f,83b9cec48c0b290e7be9c4626dafc19af4fdfbc2db1f34584f8d4873669964d2,6e98a05f682972c6b753bb0970bd0d8ea40ea481,unreproduced,
N-LEGACY51-0025-SUPPLIED_N_AFTER,5559,dimensionless,src/barnabus/analysis.py,legacy51.csv,f33859fef494be6df07ab0f3b77d778e84ea3365daff09d484711c9f7995819f,83b9cec48c0b290e7be9c4626dafc19af4fdfbc2db1f34584f8d4873669964d2,6e98a05f682972c6b753bb0970bd0d8ea40ea481,unreproduced,
N-LEGACY51-0025-SUPPLIED_DIFF,-0.0117,dimensionless,src/barnabus/analysis.py,legacy51.csv,f33859fef494be6df07ab0f3b77d778e84ea3365daff09d484711c9f7995819f,83b9cec48c0b290e7be9c4626dafc19af4fdfbc2db1f34584f8d4873669964d2,6e98a05f682972c6b753bb0970bd0d8ea40ea481,unreproduced,
N-LEGACY51-0025-SUPPLIED_P_VALUE,0.0088,proportion_or_dimensionless_as_labeled,src/barnabus/analysis.py,legacy51.csv,f33859fef494be6df07ab0f3b77d778e84ea3365daff09d484711c9f7995819f,83b9cec48c0b290e7be9c4626dafc19af4fdfbc2db1f34584f8d4873669964d2,6e98a05f682972c6b753bb0970bd0d8ea40ea481,unreproduced,
N-LEGACY51-0025-P_ADJUSTED_HOLM,1.0,dimensionless,src/barnabus/analysis.py,legacy51.csv,f33859fef494be6df07ab0f3b77d778e84ea3365daff09d484711c9f7995819f,83b9cec48c0b290e7be9c4626dafc19af4fdfbc2db1f34584f8d4873669964d2,6e98a05f682972c6b753bb0970bd0d8ea40ea481,unreproduced,
N-LEGACY51-0025-SUPPLIED_P_ADJUSTED_HOLM,0.35200000000000004,dimensionless,src/barnabus/analysis.py,legacy51.csv,f33859fef494be6df07ab0f3b77d778e84ea3365daff09d484711c9f7995819f,83b9cec48c0b290e7be9c4626dafc19af4fdfbc2db1f34584f8d4873669964d2,6e98a05f682972c6b753bb0970bd0d8ea40ea481,unreproduced,
N-LEGACY51-0026-N_BEFORE,8723,count,src/barnabus/analysis.py,legacy51.csv,f33859fef494be6df07ab0f3b77d778e84ea3365daff09d484711c9f7995819f,83b9cec48c0b290e7be9c4626dafc19af4fdfbc2db1f34584f8d4873669964d2,6e98a05f682972c6b753bb0970bd0d8ea40ea481,unreproduced,
N-LEGACY51-0026-N_AFTER,2260,count,src/barnabus/analysis.py,legacy51.csv,f33859fef494be6df07ab0f3b77d778e84ea3365daff09d484711c9f7995819f,83b9cec48c0b290e7be9c4626dafc19af4fdfbc2db1f34584f8d4873669964d2,6e98a05f682972c6b753bb0970bd0d8ea40ea481,unreproduced,
N-LEGACY51-0026-DIFF,-0.008748208124386841,proportion_or_dimensionless_as_labeled,src/barnabus/analysis.py,legacy51.csv,f33859fef494be6df07ab0f3b77d778e84ea3365daff09d484711c9f7995819f,83b9cec48c0b290e7be9c4626dafc19af4fdfbc2db1f34584f8d4873669964d2,6e98a05f682972c6b753bb0970bd0d8ea40ea481,unreproduced,
N-LEGACY51-0026-P_VALUE,0.26184034521399957,proportion_or_dimensionless_as_labeled,src/barnabus/analysis.py,legacy51.csv,f33859fef494be6df07ab0f3b77d778e84ea3365daff09d484711c9f7995819f,83b9cec48c0b290e7be9c4626dafc19af4fdfbc2db1f34584f8d4873669964d2,6e98a05f682972c6b753bb0970bd0d8ea40ea481,unreproduced,
N-LEGACY51-0026-SUPPLIED_N_BEFORE,8271,dimensionless,src/barnabus/analysis.py,legacy51.csv,f33859fef494be6df07ab0f3b77d778e84ea3365daff09d484711c9f7995819f,83b9cec48c0b290e7be9c4626dafc19af4fdfbc2db1f34584f8d4873669964d2,6e98a05f682972c6b753bb0970bd0d8ea40ea481,unreproduced,
N-LEGACY51-0026-SUPPLIED_N_AFTER,2776,dimensionless,src/barnabus/analysis.py,legacy51.csv,f33859fef494be6df07ab0f3b77d778e84ea3365daff09d484711c9f7995819f,83b9cec48c0b290e7be9c4626dafc19af4fdfbc2db1f34584f8d4873669964d2,6e98a05f682972c6b753bb0970bd0d8ea40ea481,unreproduced,
N-LEGACY51-0026-SUPPLIED_DIFF,-0.0088,dimensionless,src/barnabus/analysis.py,legacy51.csv,f33859fef494be6df07ab0f3b77d778e84ea3365daff09d484711c9f7995819f,83b9cec48c0b290e7be9c4626dafc19af4fdfbc2db1f34584f8d4873669964d2,6e98a05f682972c6b753bb0970bd0d8ea40ea481,unreproduced,
N-LEGACY51-0026-SUPPLIED_P_VALUE,0.1656,proportion_or_dimensionless_as_labeled,src/barnabus/analysis.py,legacy51.csv,f33859fef494be6df07ab0f3b77d778e84ea3365daff09d484711c9f7995819f,83b9cec48c0b290e7be9c4626dafc19af4fdfbc2db1f34584f8d4873669964d2,6e98a05f682972c6b753bb0970bd0d8ea40ea481,unreproduced,
N-LEGACY51-0026-P_ADJUSTED_HOLM,1.0,dimensionless,src/barnabus/analysis.py,legacy51.csv,f33859fef494be6df07ab0f3b77d778e84ea3365daff09d484711c9f7995819f,83b9cec48c0b290e7be9c4626dafc19af4fdfbc2db1f34584f8d4873669964d2,6e98a05f682972c6b753bb0970bd0d8ea40ea481,unreproduced,
N-LEGACY51-0026-SUPPLIED_P_ADJUSTED_HOLM,1.0,dimensionless,src/barnabus/analysis.py,legacy51.csv,f33859fef494be6df07ab0f3b77d778e84ea3365daff09d484711c9f7995819f,83b9cec48c0b290e7be9c4626dafc19af4fdfbc2db1f34584f8d4873669964d2,6e98a05f682972c6b753bb0970bd0d8ea40ea481,unreproduced,
N-LEGACY51-0027-N_BEFORE,8752,count,src/barnabus/analysis.py,legacy51.csv,f33859fef494be6df07ab0f3b77d778e84ea3365daff09d484711c9f7995819f,83b9cec48c0b290e7be9c4626dafc19af4fdfbc2db1f34584f8d4873669964d2,6e98a05f682972c6b753bb0970bd0d8ea40ea481,unreproduced,
N-LEGACY51-0027-N_AFTER,2276,count,src/barnabus/analysis.py,legacy51.csv,f33859fef494be6df07ab0f3b77d778e84ea3365daff09d484711c9f7995819f,83b9cec48c0b290e7be9c4626dafc19af4fdfbc2db1f34584f8d4873669964d2,6e98a05f682972c6b753bb0970bd0d8ea40ea481,unreproduced,
N-LEGACY51-0027-DIFF,-0.010755061158001941,proportion_or_dimensionless_as_labeled,src/barnabus/analysis.py,legacy51.csv,f33859fef494be6df07ab0f3b77d778e84ea3365daff09d484711c9f7995819f,83b9cec48c0b290e7be9c4626dafc19af4fdfbc2db1f34584f8d4873669964d2,6e98a05f682972c6b753bb0970bd0d8ea40ea481,unreproduced,
N-LEGACY51-0027-P_VALUE,0.15908639181762577,proportion_or_dimensionless_as_labeled,src/barnabus/analysis.py,legacy51.csv,f33859fef494be6df07ab0f3b77d778e84ea3365daff09d484711c9f7995819f,83b9cec48c0b290e7be9c4626dafc19af4fdfbc2db1f34584f8d4873669964d2,6e98a05f682972c6b753bb0970bd0d8ea40ea481,unreproduced,
N-LEGACY51-0027-SUPPLIED_N_BEFORE,8280,dimensionless,src/barnabus/analysis.py,legacy51.csv,f33859fef494be6df07ab0f3b77d778e84ea3365daff09d484711c9f7995819f,83b9cec48c0b290e7be9c4626dafc19af4fdfbc2db1f34584f8d4873669964d2,6e98a05f682972c6b753bb0970bd0d8ea40ea481,unreproduced,
N-LEGACY51-0027-SUPPLIED_N_AFTER,2783,dimensionless,src/barnabus/analysis.py,legacy51.csv,f33859fef494be6df07ab0f3b77d778e84ea3365daff09d484711c9f7995819f,83b9cec48c0b290e7be9c4626dafc19af4fdfbc2db1f34584f8d4873669964d2,6e98a05f682972c6b753bb0970bd0d8ea40ea481,unreproduced,
N-LEGACY51-0027-SUPPLIED_DIFF,-0.0146,dimensionless,src/barnabus/analysis.py,legacy51.csv,f33859fef494be6df07ab0f3b77d778e84ea3365daff09d484711c9f7995819f,83b9cec48c0b290e7be9c4626dafc19af4fdfbc2db1f34584f8d4873669964d2,6e98a05f682972c6b753bb0970bd0d8ea40ea481,unreproduced,
N-LEGACY51-0027-SUPPLIED_P_VALUE,0.02,proportion_or_dimensionless_as_labeled,src/barnabus/analysis.py,legacy51.csv,f33859fef494be6df07ab0f3b77d778e84ea3365daff09d484711c9f7995819f,83b9cec48c0b290e7be9c4626dafc19af4fdfbc2db1f34584f8d4873669964d2,6e98a05f682972c6b753bb0970bd0d8ea40ea481,unreproduced,
N-LEGACY51-0027-P_ADJUSTED_HOLM,1.0,dimensionless,src/barnabus/analysis.py,legacy51.csv,f33859fef494be6df07ab0f3b77d778e84ea3365daff09d484711c9f7995819f,83b9cec48c0b290e7be9c4626dafc19af4fdfbc2db1f34584f8d4873669964d2,6e98a05f682972c6b753bb0970bd0d8ea40ea481,unreproduced,
N-LEGACY51-0027-SUPPLIED_P_ADJUSTED_HOLM,0.72,dimensionless,src/barnabus/analysis.py,legacy51.csv,f33859fef494be6df07ab0f3b77d778e84ea3365daff09d484711c9f7995819f,83b9cec48c0b290e7be9c4626dafc19af4fdfbc2db1f34584f8d4873669964d2,6e98a05f682972c6b753bb0970bd0d8ea40ea481,unreproduced,
N-LEGACY51-0028-N_BEFORE,5344,count,src/barnabus/analysis.py,legacy51.csv,f33859fef494be6df07ab0f3b77d778e84ea3365daff09d484711c9f7995819f,83b9cec48c0b290e7be9c4626dafc19af4fdfbc2db1f34584f8d4873669964d2,6e98a05f682972c6b753bb0970bd0d8ea40ea481,unreproduced,
N-LEGACY51-0028-N_AFTER,1418,count,src/barnabus/analysis.py,legacy51.csv,f33859fef494be6df07ab0f3b77d778e84ea3365daff09d484711c9f7995819f,83b9cec48c0b290e7be9c4626dafc19af4fdfbc2db1f34584f8d4873669964d2,6e98a05f682972c6b753bb0970bd0d8ea40ea481,unreproduced,
N-LEGACY51-0028-DIFF,-0.004119933616546861,proportion_or_dimensionless_as_labeled,src/barnabus/analysis.py,legacy51.csv,f33859fef494be6df07ab0f3b77d778e84ea3365daff09d484711c9f7995819f,83b9cec48c0b290e7be9c4626dafc19af4fdfbc2db1f34584f8d4873669964d2,6e98a05f682972c6b753bb0970bd0d8ea40ea481,unreproduced,
N-LEGACY51-0028-P_VALUE,0.676928342379447,proportion_or_dimensionless_as_labeled,src/barnabus/analysis.py,legacy51.csv,f33859fef494be6df07ab0f3b77d778e84ea3365daff09d484711c9f7995819f,83b9cec48c0b290e7be9c4626dafc19af4fdfbc2db1f34584f8d4873669964d2,6e98a05f682972c6b753bb0970bd0d8ea40ea481,unreproduced,
N-LEGACY51-0028-SUPPLIED_N_BEFORE,5053,dimensionless,src/barnabus/analysis.py,legacy51.csv,f33859fef494be6df07ab0f3b77d778e84ea3365daff09d484711c9f7995819f,83b9cec48c0b290e7be9c4626dafc19af4fdfbc2db1f34584f8d4873669964d2,6e98a05f682972c6b753bb0970bd0d8ea40ea481,unreproduced,
N-LEGACY51-0028-SUPPLIED_N_AFTER,1730,dimensionless,src/barnabus/analysis.py,legacy51.csv,f33859fef494be6df07ab0f3b77d778e84ea3365daff09d484711c9f7995819f,83b9cec48c0b290e7be9c4626dafc19af4fdfbc2db1f34584f8d4873669964d2,6e98a05f682972c6b753bb0970bd0d8ea40ea481,unreproduced,
N-LEGACY51-0028-SUPPLIED_DIFF,-0.0135,dimensionless,src/barnabus/analysis.py,legacy51.csv,f33859fef494be6df07ab0f3b77d778e84ea3365daff09d484711c9f7995819f,83b9cec48c0b290e7be9c4626dafc19af4fdfbc2db1f34584f8d4873669964d2,6e98a05f682972c6b753bb0970bd0d8ea40ea481,unreproduced,
N-LEGACY51-0028-SUPPLIED_P_VALUE,0.0955,proportion_or_dimensionless_as_labeled,src/barnabus/analysis.py,legacy51.csv,f33859fef494be6df07ab0f3b77d778e84ea3365daff09d484711c9f7995819f,83b9cec48c0b290e7be9c4626dafc19af4fdfbc2db1f34584f8d4873669964d2,6e98a05f682972c6b753bb0970bd0d8ea40ea481,unreproduced,
N-LEGACY51-0028-P_ADJUSTED_HOLM,1.0,dimensionless,src/barnabus/analysis.py,legacy51.csv,f33859fef494be6df07ab0f3b77d778e84ea3365daff09d484711c9f7995819f,83b9cec48c0b290e7be9c4626dafc19af4fdfbc2db1f34584f8d4873669964d2,6e98a05f682972c6b753bb0970bd0d8ea40ea481,unreproduced,
N-LEGACY51-0028-SUPPLIED_P_ADJUSTED_HOLM,1.0,dimensionless,src/barnabus/analysis.py,legacy51.csv,f33859fef494be6df07ab0f3b77d778e84ea3365daff09d484711c9f7995819f,83b9cec48c0b290e7be9c4626dafc19af4fdfbc2db1f34584f8d4873669964d2,6e98a05f682972c6b753bb0970bd0d8ea40ea481,unreproduced,
N-LEGACY51-0029-N_BEFORE,8525,count,src/barnabus/analysis.py,legacy51.csv,f33859fef494be6df07ab0f3b77d778e84ea3365daff09d484711c9f7995819f,83b9cec48c0b290e7be9c4626dafc19af4fdfbc2db1f34584f8d4873669964d2,6e98a05f682972c6b753bb0970bd0d8ea40ea481,unreproduced,
N-LEGACY51-0029-N_AFTER,2187,count,src/barnabus/analysis.py,legacy51.csv,f33859fef494be6df07ab0f3b77d778e84ea3365daff09d484711c9f7995819f,83b9cec48c0b290e7be9c4626dafc19af4fdfbc2db1f34584f8d4873669964d2,6e98a05f682972c6b753bb0970bd0d8ea40ea481,unreproduced,
N-LEGACY51-0029-DIFF,-0.007495531446148729,proportion_or_dimensionless_as_labeled,src/barnabus/analysis.py,legacy51.csv,f33859fef494be6df07ab0f3b77d778e84ea3365daff09d484711c9f7995819f,83b9cec48c0b290e7be9c4626dafc19af4fdfbc2db1f34584f8d4873669964d2,6e98a05f682972c6b753bb0970bd0d8ea40ea481,unreproduced,
N-LEGACY51-0029-P_VALUE,0.3395268280919153,proportion_or_dimensionless_as_labeled,src/barnabus/analysis.py,legacy51.csv,f33859fef494be6df07ab0f3b77d778e84ea3365daff09d484711c9f7995819f,83b9cec48c0b290e7be9c4626dafc19af4fdfbc2db1f34584f8d4873669964d2,6e98a05f682972c6b753bb0970bd0d8ea40ea481,unreproduced,
N-LEGACY51-0029-SUPPLIED_N_BEFORE,7758,dimensionless,src/barnabus/analysis.py,legacy51.csv,f33859fef494be6df07ab0f3b77d778e84ea3365daff09d484711c9f7995819f,83b9cec48c0b290e7be9c4626dafc19af4fdfbc2db1f34584f8d4873669964d2,6e98a05f682972c6b753bb0970bd0d8ea40ea481,unreproduced,
N-LEGACY51-0029-SUPPLIED_N_AFTER,2601,dimensionless,src/barnabus/analysis.py,legacy51.csv,f33859fef494be6df07ab0f3b77d778e84ea3365daff09d484711c9f7995819f,83b9cec48c0b290e7be9c4626dafc19af4fdfbc2db1f34584f8d4873669964d2,6e98a05f682972c6b753bb0970bd0d8ea40ea481,unreproduced,
N-LEGACY51-0029-SUPPLIED_DIFF,-0.0063,dimensionless,src/barnabus/analysis.py,legacy51.csv,f33859fef494be6df07ab0f3b77d778e84ea3365daff09d484711c9f7995819f,83b9cec48c0b290e7be9c4626dafc19af4fdfbc2db1f34584f8d4873669964d2,6e98a05f682972c6b753bb0970bd0d8ea40ea481,unreproduced,
N-LEGACY51-0029-SUPPLIED_P_VALUE,0.3377,proportion_or_dimensionless_as_labeled,src/barnabus/analysis.py,legacy51.csv,f33859fef494be6df07ab0f3b77d778e84ea3365daff09d484711c9f7995819f,83b9cec48c0b290e7be9c4626dafc19af4fdfbc2db1f34584f8d4873669964d2,6e98a05f682972c6b753bb0970bd0d8ea40ea481,unreproduced,
N-LEGACY51-0029-P_ADJUSTED_HOLM,1.0,dimensionless,src/barnabus/analysis.py,legacy51.csv,f33859fef494be6df07ab0f3b77d778e84ea3365daff09d484711c9f7995819f,83b9cec48c0b290e7be9c4626dafc19af4fdfbc2db1f34584f8d4873669964d2,6e98a05f682972c6b753bb0970bd0d8ea40ea481,unreproduced,
N-LEGACY51-0029-SUPPLIED_P_ADJUSTED_HOLM,1.0,dimensionless,src/barnabus/analysis.py,legacy51.csv,f33859fef494be6df07ab0f3b77d778e84ea3365daff09d484711c9f7995819f,83b9cec48c0b290e7be9c4626dafc19af4fdfbc2db1f34584f8d4873669964d2,6e98a05f682972c6b753bb0970bd0d8ea40ea481,unreproduced,
N-LEGACY51-0030-N_BEFORE,3606,count,src/barnabus/analysis.py,legacy51.csv,f33859fef494be6df07ab0f3b77d778e84ea3365daff09d484711c9f7995819f,83b9cec48c0b290e7be9c4626dafc19af4fdfbc2db1f34584f8d4873669964d2,6e98a05f682972c6b753bb0970bd0d8ea40ea481,unreproduced,
N-LEGACY51-0030-N_AFTER,931,count,src/barnabus/analysis.py,legacy51.csv,f33859fef494be6df07ab0f3b77d778e84ea3365daff09d484711c9f7995819f,83b9cec48c0b290e7be9c4626dafc19af4fdfbc2db1f34584f8d4873669964d2,6e98a05f682972c6b753bb0970bd0d8ea40ea481,unreproduced,
N-LEGACY51-0030-DIFF,-0.023755013871736633,proportion_or_dimensionless_as_labeled,src/barnabus/analysis.py,legacy51.csv,f33859fef494be6df07ab0f3b77d778e84ea3365daff09d484711c9f7995819f,83b9cec48c0b290e7be9c4626dafc19af4fdfbc2db1f34584f8d4873669964d2,6e98a05f682972c6b753bb0970bd0d8ea40ea481,unreproduced,
N-LEGACY51-0030-P_VALUE,0.044938581370305805,proportion_or_dimensionless_as_labeled,src/barnabus/analysis.py,legacy51.csv,f33859fef494be6df07ab0f3b77d778e84ea3365daff09d484711c9f7995819f,83b9cec48c0b290e7be9c4626dafc19af4fdfbc2db1f34584f8d4873669964d2,6e98a05f682972c6b753bb0970bd0d8ea40ea481,unreproduced,
N-LEGACY51-0030-SUPPLIED_N_BEFORE,3740,dimensionless,src/barnabus/analysis.py,legacy51.csv,f33859fef494be6df07ab0f3b77d778e84ea3365daff09d484711c9f7995819f,83b9cec48c0b290e7be9c4626dafc19af4fdfbc2db1f34584f8d4873669964d2,6e98a05f682972c6b753bb0970bd0d8ea40ea481,unreproduced,
N-LEGACY51-0030-SUPPLIED_N_AFTER,1228,dimensionless,src/barnabus/analysis.py,legacy51.csv,f33859fef494be6df07ab0f3b77d778e84ea3365daff09d484711c9f7995819f,83b9cec48c0b290e7be9c4626dafc19af4fdfbc2db1f34584f8d4873669964d2,6e98a05f682972c6b753bb0970bd0d8ea40ea481,unreproduced,
N-LEGACY51-0030-SUPPLIED_DIFF,-0.0207,dimensionless,src/barnabus/analysis.py,legacy51.csv,f33859fef494be6df07ab0f3b77d778e84ea3365daff09d484711c9f7995819f,83b9cec48c0b290e7be9c4626dafc19af4fdfbc2db1f34584f8d4873669964d2,6e98a05f682972c6b753bb0970bd0d8ea40ea481,unreproduced,
N-LEGACY51-0030-SUPPLIED_P_VALUE,0.0237,proportion_or_dimensionless_as_labeled,src/barnabus/analysis.py,legacy51.csv,f33859fef494be6df07ab0f3b77d778e84ea3365daff09d484711c9f7995819f,83b9cec48c0b290e7be9c4626dafc19af4fdfbc2db1f34584f8d4873669964d2,6e98a05f682972c6b753bb0970bd0d8ea40ea481,unreproduced,
N-LEGACY51-0030-P_ADJUSTED_HOLM,1.0,dimensionless,src/barnabus/analysis.py,legacy51.csv,f33859fef494be6df07ab0f3b77d778e84ea3365daff09d484711c9f7995819f,83b9cec48c0b290e7be9c4626dafc19af4fdfbc2db1f34584f8d4873669964d2,6e98a05f682972c6b753bb0970bd0d8ea40ea481,unreproduced,
N-LEGACY51-0030-SUPPLIED_P_ADJUSTED_HOLM,0.8294999999999999,dimensionless,src/barnabus/analysis.py,legacy51.csv,f33859fef494be6df07ab0f3b77d778e84ea3365daff09d484711c9f7995819f,83b9cec48c0b290e7be9c4626dafc19af4fdfbc2db1f34584f8d4873669964d2,6e98a05f682972c6b753bb0970bd0d8ea40ea481,unreproduced,
N-LEGACY51-0031-N_BEFORE,14259,count,src/barnabus/analysis.py,legacy51.csv,f33859fef494be6df07ab0f3b77d778e84ea3365daff09d484711c9f7995819f,83b9cec48c0b290e7be9c4626dafc19af4fdfbc2db1f34584f8d4873669964d2,6e98a05f682972c6b753bb0970bd0d8ea40ea481,unreproduced,
N-LEGACY51-0031-N_AFTER,3741,count,src/barnabus/analysis.py,legacy51.csv,f33859fef494be6df07ab0f3b77d778e84ea3365daff09d484711c9f7995819f,83b9cec48c0b290e7be9c4626dafc19af4fdfbc2db1f34584f8d4873669964d2,6e98a05f682972c6b753bb0970bd0d8ea40ea481,unreproduced,
N-LEGACY51-0031-DIFF,-0.024182309933207816,proportion_or_dimensionless_as_labeled,src/barnabus/analysis.py,legacy51.csv,f33859fef494be6df07ab0f3b77d778e84ea3365daff09d484711c9f7995819f,83b9cec48c0b290e7be9c4626dafc19af4fdfbc2db1f34584f8d4873669964d2,6e98a05f682972c6b753bb0970bd0d8ea40ea481,unreproduced,
N-LEGACY51-0031-P_VALUE,6.986481247322949e-05,proportion_or_dimensionless_as_labeled,src/barnabus/analysis.py,legacy51.csv,f33859fef494be6df07ab0f3b77d778e84ea3365daff09d484711c9f7995819f,83b9cec48c0b290e7be9c4626dafc19af4fdfbc2db1f34584f8d4873669964d2,6e98a05f682972c6b753bb0970bd0d8ea40ea481,unreproduced,
N-LEGACY51-0031-SUPPLIED_N_BEFORE,13464,dimensionless,src/barnabus/analysis.py,legacy51.csv,f33859fef494be6df07ab0f3b77d778e84ea3365daff09d484711c9f7995819f,83b9cec48c0b290e7be9c4626dafc19af4fdfbc2db1f34584f8d4873669964d2,6e98a05f682972c6b753bb0970bd0d8ea40ea481,unreproduced,
N-LEGACY51-0031-SUPPLIED_N_AFTER,4426,dimensionless,src/barnabus/analysis.py,legacy51.csv,f33859fef494be6df07ab0f3b77d778e84ea3365daff09d484711c9f7995819f,83b9cec48c0b290e7be9c4626dafc19af4fdfbc2db1f34584f8d4873669964d2,6e98a05f682972c6b753bb0970bd0d8ea40ea481,unreproduced,
N-LEGACY51-0031-SUPPLIED_DIFF,-0.0202,dimensionless,src/barnabus/analysis.py,legacy51.csv,f33859fef494be6df07ab0f3b77d778e84ea3365daff09d484711c9f7995819f,83b9cec48c0b290e7be9c4626dafc19af4fdfbc2db1f34584f8d4873669964d2,6e98a05f682972c6b753bb0970bd0d8ea40ea481,unreproduced,
N-LEGACY51-0031-SUPPLIED_P_VALUE,0.0001,proportion_or_dimensionless_as_labeled,src/barnabus/analysis.py,legacy51.csv,f33859fef494be6df07ab0f3b77d778e84ea3365daff09d484711c9f7995819f,83b9cec48c0b290e7be9c4626dafc19af4fdfbc2db1f34584f8d4873669964d2,6e98a05f682972c6b753bb0970bd0d8ea40ea481,unreproduced,
N-LEGACY51-0031-P_ADJUSTED_HOLM,0.003563105436134704,dimensionless,src/barnabus/analysis.py,legacy51.csv,f33859fef494be6df07ab0f3b77d778e84ea3365daff09d484711c9f7995819f,83b9cec48c0b290e7be9c4626dafc19af4fdfbc2db1f34584f8d4873669964d2,6e98a05f682972c6b753bb0970bd0d8ea40ea481,unreproduced,
N-LEGACY51-0031-SUPPLIED_P_ADJUSTED_HOLM,0.0049,dimensionless,src/barnabus/analysis.py,legacy51.csv,f33859fef494be6df07ab0f3b77d778e84ea3365daff09d484711c9f7995819f,83b9cec48c0b290e7be9c4626dafc19af4fdfbc2db1f34584f8d4873669964d2,6e98a05f682972c6b753bb0970bd0d8ea40ea481,unreproduced,
N-LEGACY51-0032-N_BEFORE,7228,count,src/barnabus/analysis.py,legacy51.csv,f33859fef494be6df07ab0f3b77d778e84ea3365daff09d484711c9f7995819f,83b9cec48c0b290e7be9c4626dafc19af4fdfbc2db1f34584f8d4873669964d2,6e98a05f682972c6b753bb0970bd0d8ea40ea481,unreproduced,
N-LEGACY51-0032-N_AFTER,1882,count,src/barnabus/analysis.py,legacy51.csv,f33859fef494be6df07ab0f3b77d778e84ea3365daff09d484711c9f7995819f,83b9cec48c0b290e7be9c4626dafc19af4fdfbc2db1f34584f8d4873669964d2,6e98a05f682972c6b753bb0970bd0d8ea40ea481,unreproduced,
N-LEGACY51-0032-DIFF,-0.02308209836937121,proportion_or_dimensionless_as_labeled,src/barnabus/analysis.py,legacy51.csv,f33859fef494be6df07ab0f3b77d778e84ea3365daff09d484711c9f7995819f,83b9cec48c0b290e7be9c4626dafc19af4fdfbc2db1f34584f8d4873669964d2,6e98a05f682972c6b753bb0970bd0d8ea40ea481,unreproduced,
N-LEGACY51-0032-P_VALUE,0.007544747901682388,proportion_or_dimensionless_as_labeled,src/barnabus/analysis.py,legacy51.csv,f33859fef494be6df07ab0f3b77d778e84ea3365daff09d484711c9f7995819f,83b9cec48c0b290e7be9c4626dafc19af4fdfbc2db1f34584f8d4873669964d2,6e98a05f682972c6b753bb0970bd0d8ea40ea481,unreproduced,
N-LEGACY51-0032-SUPPLIED_N_BEFORE,6797,dimensionless,src/barnabus/analysis.py,legacy51.csv,f33859fef494be6df07ab0f3b77d778e84ea3365daff09d484711c9f7995819f,83b9cec48c0b290e7be9c4626dafc19af4fdfbc2db1f34584f8d4873669964d2,6e98a05f682972c6b753bb0970bd0d8ea40ea481,unreproduced,
N-LEGACY51-0032-SUPPLIED_N_AFTER,2196,dimensionless,src/barnabus/analysis.py,legacy51.csv,f33859fef494be6df07ab0f3b77d778e84ea3365daff09d484711c9f7995819f,83b9cec48c0b290e7be9c4626dafc19af4fdfbc2db1f34584f8d4873669964d2,6e98a05f682972c6b753bb0970bd0d8ea40ea481,unreproduced,
N-LEGACY51-0032-SUPPLIED_DIFF,-0.0114,dimensionless,src/barnabus/analysis.py,legacy51.csv,f33859fef494be6df07ab0f3b77d778e84ea3365daff09d484711c9f7995819f,83b9cec48c0b290e7be9c4626dafc19af4fdfbc2db1f34584f8d4873669964d2,6e98a05f682972c6b753bb0970bd0d8ea40ea481,unreproduced,
N-LEGACY51-0032-SUPPLIED_P_VALUE,0.1225,proportion_or_dimensionless_as_labeled,src/barnabus/analysis.py,legacy51.csv,f33859fef494be6df07ab0f3b77d778e84ea3365daff09d484711c9f7995819f,83b9cec48c0b290e7be9c4626dafc19af4fdfbc2db1f34584f8d4873669964d2,6e98a05f682972c6b753bb0970bd0d8ea40ea481,unreproduced,
N-LEGACY51-0032-P_ADJUSTED_HOLM,0.3244241597723427,dimensionless,src/barnabus/analysis.py,legacy51.csv,f33859fef494be6df07ab0f3b77d778e84ea3365daff09d484711c9f7995819f,83b9cec48c0b290e7be9c4626dafc19af4fdfbc2db1f34584f8d4873669964d2,6e98a05f682972c6b753bb0970bd0d8ea40ea481,unreproduced,
N-LEGACY51-0032-SUPPLIED_P_ADJUSTED_HOLM,1.0,dimensionless,src/barnabus/analysis.py,legacy51.csv,f33859fef494be6df07ab0f3b77d778e84ea3365daff09d484711c9f7995819f,83b9cec48c0b290e7be9c4626dafc19af4fdfbc2db1f34584f8d4873669964d2,6e98a05f682972c6b753bb0970bd0d8ea40ea481,unreproduced,
N-LEGACY51-0033-N_BEFORE,7031,count,src/barnabus/analysis.py,legacy51.csv,f33859fef494be6df07ab0f3b77d778e84ea3365daff09d484711c9f7995819f,83b9cec48c0b290e7be9c4626dafc19af4fdfbc2db1f34584f8d4873669964d2,6e98a05f682972c6b753bb0970bd0d8ea40ea481,unreproduced,
N-LEGACY51-0033-N_AFTER,1859,count,src/barnabus/analysis.py,legacy51.csv,f33859fef494be6df07ab0f3b77d778e84ea3365daff09d484711c9f7995819f,83b9cec48c0b290e7be9c4626dafc19af4fdfbc2db1f34584f8d4873669964d2,6e98a05f682972c6b753bb0970bd0d8ea40ea481,unreproduced,
N-LEGACY51-0033-DIFF,-0.02526114083721602,proportion_or_dimensionless_as_labeled,src/barnabus/analysis.py,legacy51.csv,f33859fef494be6df07ab0f3b77d778e84ea3365daff09d484711c9f7995819f,83b9cec48c0b290e7be9c4626dafc19af4fdfbc2db1f34584f8d4873669964d2,6e98a05f682972c6b753bb0970bd0d8ea40ea481,unreproduced,
N-LEGACY51-0033-P_VALUE,0.00315695855411064,proportion_or_dimensionless_as_labeled,src/barnabus/analysis.py,legacy51.csv,f33859fef494be6df07ab0f3b77d778e84ea3365daff09d484711c9f7995819f,83b9cec48c0b290e7be9c4626dafc19af4fdfbc2db1f34584f8d4873669964d2,6e98a05f682972c6b753bb0970bd0d8ea40ea481,unreproduced,
N-LEGACY51-0033-SUPPLIED_N_BEFORE,6667,dimensionless,src/barnabus/analysis.py,legacy51.csv,f33859fef494be6df07ab0f3b77d778e84ea3365daff09d484711c9f7995819f,83b9cec48c0b290e7be9c4626dafc19af4fdfbc2db1f34584f8d4873669964d2,6e98a05f682972c6b753bb0970bd0d8ea40ea481,unreproduced,
N-LEGACY51-0033-SUPPLIED_N_AFTER,2230,dimensionless,src/barnabus/analysis.py,legacy51.csv,f33859fef494be6df07ab0f3b77d778e84ea3365daff09d484711c9f7995819f,83b9cec48c0b290e7be9c4626dafc19af4fdfbc2db1f34584f8d4873669964d2,6e98a05f682972c6b753bb0970bd0d8ea40ea481,unreproduced,
N-LEGACY51-0033-SUPPLIED_DIFF,-0.0288,dimensionless,src/barnabus/analysis.py,legacy51.csv,f33859fef494be6df07ab0f3b77d778e84ea3365daff09d484711c9f7995819f,83b9cec48c0b290e7be9c4626dafc19af4fdfbc2db1f34584f8d4873669964d2,6e98a05f682972c6b753bb0970bd0d8ea40ea481,unreproduced,
N-LEGACY51-0033-SUPPLIED_P_VALUE,0.0,proportion_or_dimensionless_as_labeled,src/barnabus/analysis.py,legacy51.csv,f33859fef494be6df07ab0f3b77d778e84ea3365daff09d484711c9f7995819f,83b9cec48c0b290e7be9c4626dafc19af4fdfbc2db1f34584f8d4873669964d2,6e98a05f682972c6b753bb0970bd0d8ea40ea481,unreproduced,
N-LEGACY51-0033-P_ADJUSTED_HOLM,0.14196559612481963,dimensionless,src/barnabus/analysis.py,legacy51.csv,f33859fef494be6df07ab0f3b77d778e84ea3365daff09d484711c9f7995819f,83b9cec48c0b290e7be9c4626dafc19af4fdfbc2db1f34584f8d4873669964d2,6e98a05f682972c6b753bb0970bd0d8ea40ea481,unreproduced,
N-LEGACY51-0033-SUPPLIED_P_ADJUSTED_HOLM,0.0,dimensionless,src/barnabus/analysis.py,legacy51.csv,f33859fef494be6df07ab0f3b77d778e84ea3365daff09d484711c9f7995819f,83b9cec48c0b290e7be9c4626dafc19af4fdfbc2db1f34584f8d4873669964d2,6e98a05f682972c6b753bb0970bd0d8ea40ea481,unreproduced,
N-LEGACY51-0034-N_BEFORE,4414,count,src/barnabus/analysis.py,legacy51.csv,f33859fef494be6df07ab0f3b77d778e84ea3365daff09d484711c9f7995819f,83b9cec48c0b290e7be9c4626dafc19af4fdfbc2db1f34584f8d4873669964d2,6e98a05f682972c6b753bb0970bd0d8ea40ea481,unreproduced,
N-LEGACY51-0034-N_AFTER,1148,count,src/barnabus/analysis.py,legacy51.csv,f33859fef494be6df07ab0f3b77d778e84ea3365daff09d484711c9f7995819f,83b9cec48c0b290e7be9c4626dafc19af4fdfbc2db1f34584f8d4873669964d2,6e98a05f682972c6b753bb0970bd0d8ea40ea481,unreproduced,
N-LEGACY51-0034-DIFF,-0.021851205145490507,proportion_or_dimensionless_as_labeled,src/barnabus/analysis.py,legacy51.csv,f33859fef494be6df07ab0f3b77d778e84ea3365daff09d484711c9f7995819f,83b9cec48c0b290e7be9c4626dafc19af4fdfbc2db1f34584f8d4873669964d2,6e98a05f682972c6b753bb0970bd0d8ea40ea481,unreproduced,
N-LEGACY51-0034-P_VALUE,0.04313822364379437,proportion_or_dimensionless_as_labeled,src/barnabus/analysis.py,legacy51.csv,f33859fef494be6df07ab0f3b77d778e84ea3365daff09d484711c9f7995819f,83b9cec48c0b290e7be9c4626dafc19af4fdfbc2db1f34584f8d4873669964d2,6e98a05f682972c6b753bb0970bd0d8ea40ea481,unreproduced,
N-LEGACY51-0034-SUPPLIED_N_BEFORE,4162,dimensionless,src/barnabus/analysis.py,legacy51.csv,f33859fef494be6df07ab0f3b77d778e84ea3365daff09d484711c9f7995819f,83b9cec48c0b290e7be9c4626dafc19af4fdfbc2db1f34584f8d4873669964d2,6e98a05f682972c6b753bb0970bd0d8ea40ea481,unreproduced,
N-LEGACY51-0034-SUPPLIED_N_AFTER,1352,dimensionless,src/barnabus/analysis.py,legacy51.csv,f33859fef494be6df07ab0f3b77d778e84ea3365daff09d484711c9f7995819f,83b9cec48c0b290e7be9c4626dafc19af4fdfbc2db1f34584f8d4873669964d2,6e98a05f682972c6b753bb0970bd0d8ea40ea481,unreproduced,
N-LEGACY51-0034-SUPPLIED_DIFF,-0.0196,dimensionless,src/barnabus/analysis.py,legacy51.csv,f33859fef494be6df07ab0f3b77d778e84ea3365daff09d484711c9f7995819f,83b9cec48c0b290e7be9c4626dafc19af4fdfbc2db1f34584f8d4873669964d2,6e98a05f682972c6b753bb0970bd0d8ea40ea481,unreproduced,
N-LEGACY51-0034-SUPPLIED_P_VALUE,0.03,proportion_or_dimensionless_as_labeled,src/barnabus/analysis.py,legacy51.csv,f33859fef494be6df07ab0f3b77d778e84ea3365daff09d484711c9f7995819f,83b9cec48c0b290e7be9c4626dafc19af4fdfbc2db1f34584f8d4873669964d2,6e98a05f682972c6b753bb0970bd0d8ea40ea481,unreproduced,
N-LEGACY51-0034-P_ADJUSTED_HOLM,1.0,dimensionless,src/barnabus/analysis.py,legacy51.csv,f33859fef494be6df07ab0f3b77d778e84ea3365daff09d484711c9f7995819f,83b9cec48c0b290e7be9c4626dafc19af4fdfbc2db1f34584f8d4873669964d2,6e98a05f682972c6b753bb0970bd0d8ea40ea481,unreproduced,
N-LEGACY51-0034-SUPPLIED_P_ADJUSTED_HOLM,1.0,dimensionless,src/barnabus/analysis.py,legacy51.csv,f33859fef494be6df07ab0f3b77d778e84ea3365daff09d484711c9f7995819f,83b9cec48c0b290e7be9c4626dafc19af4fdfbc2db1f34584f8d4873669964d2,6e98a05f682972c6b753bb0970bd0d8ea40ea481,unreproduced,
N-LEGACY51-0035-N_BEFORE,6872,count,src/barnabus/analysis.py,legacy51.csv,f33859fef494be6df07ab0f3b77d778e84ea3365daff09d484711c9f7995819f,83b9cec48c0b290e7be9c4626dafc19af4fdfbc2db1f34584f8d4873669964d2,6e98a05f682972c6b753bb0970bd0d8ea40ea481,unreproduced,
N-LEGACY51-0035-N_AFTER,1821,count,src/barnabus/analysis.py,legacy51.csv,f33859fef494be6df07ab0f3b77d778e84ea3365daff09d484711c9f7995819f,83b9cec48c0b290e7be9c4626dafc19af4fdfbc2db1f34584f8d4873669964d2,6e98a05f682972c6b753bb0970bd0d8ea40ea481,unreproduced,
N-LEGACY51-0035-DIFF,-0.019541051591221034,proportion_or_dimensionless_as_labeled,src/barnabus/analysis.py,legacy51.csv,f33859fef494be6df07ab0f3b77d778e84ea3365daff09d484711c9f7995819f,83b9cec48c0b290e7be9c4626dafc19af4fdfbc2db1f34584f8d4873669964d2,6e98a05f682972c6b753bb0970bd0d8ea40ea481,unreproduced,
N-LEGACY51-0035-P_VALUE,0.027594037222212615,proportion_or_dimensionless_as_labeled,src/barnabus/analysis.py,legacy51.csv,f33859fef494be6df07ab0f3b77d778e84ea3365daff09d484711c9f7995819f,83b9cec48c0b290e7be9c4626dafc19af4fdfbc2db1f34584f8d4873669964d2,6e98a05f682972c6b753bb0970bd0d8ea40ea481,unreproduced,
N-LEGACY51-0035-SUPPLIED_N_BEFORE,6234,dimensionless,src/barnabus/analysis.py,legacy51.csv,f33859fef494be6df07ab0f3b77d778e84ea3365daff09d484711c9f7995819f,83b9cec48c0b290e7be9c4626dafc19af4fdfbc2db1f34584f8d4873669964d2,6e98a05f682972c6b753bb0970bd0d8ea40ea481,unreproduced,
N-LEGACY51-0035-SUPPLIED_N_AFTER,2067,dimensionless,src/barnabus/analysis.py,legacy51.csv,f33859fef494be6df07ab0f3b77d778e84ea3365daff09d484711c9f7995819f,83b9cec48c0b290e7be9c4626dafc19af4fdfbc2db1f34584f8d4873669964d2,6e98a05f682972c6b753bb0970bd0d8ea40ea481,unreproduced,
N-LEGACY51-0035-SUPPLIED_DIFF,-0.0212,dimensionless,src/barnabus/analysis.py,legacy51.csv,f33859fef494be6df07ab0f3b77d778e84ea3365daff09d484711c9f7995819f,83b9cec48c0b290e7be9c4626dafc19af4fdfbc2db1f34584f8d4873669964d2,6e98a05f682972c6b753bb0970bd0d8ea40ea481,unreproduced,
N-LEGACY51-0035-SUPPLIED_P_VALUE,0.0045,proportion_or_dimensionless_as_labeled,src/barnabus/analysis.py,legacy51.csv,f33859fef494be6df07ab0f3b77d778e84ea3365daff09d484711c9f7995819f,83b9cec48c0b290e7be9c4626dafc19af4fdfbc2db1f34584f8d4873669964d2,6e98a05f682972c6b753bb0970bd0d8ea40ea481,unreproduced,
N-LEGACY51-0035-P_ADJUSTED_HOLM,1.0,dimensionless,src/barnabus/analysis.py,legacy51.csv,f33859fef494be6df07ab0f3b77d778e84ea3365daff09d484711c9f7995819f,83b9cec48c0b290e7be9c4626dafc19af4fdfbc2db1f34584f8d4873669964d2,6e98a05f682972c6b753bb0970bd0d8ea40ea481,unreproduced,
N-LEGACY51-0035-SUPPLIED_P_ADJUSTED_HOLM,0.18899999999999997,dimensionless,src/barnabus/analysis.py,legacy51.csv,f33859fef494be6df07ab0f3b77d778e84ea3365daff09d484711c9f7995819f,83b9cec48c0b290e7be9c4626dafc19af4fdfbc2db1f34584f8d4873669964d2,6e98a05f682972c6b753bb0970bd0d8ea40ea481,unreproduced,
N-LEGACY51-0036-N_BEFORE,2973,count,src/barnabus/analysis.py,legacy51.csv,f33859fef494be6df07ab0f3b77d778e84ea3365daff09d484711c9f7995819f,83b9cec48c0b290e7be9c4626dafc19af4fdfbc2db1f34584f8d4873669964d2,6e98a05f682972c6b753bb0970bd0d8ea40ea481,unreproduced,
N-LEGACY51-0036-N_AFTER,772,count,src/barnabus/analysis.py,legacy51.csv,f33859fef494be6df07ab0f3b77d778e84ea3365daff09d484711c9f7995819f,83b9cec48c0b290e7be9c4626dafc19af4fdfbc2db1f34584f8d4873669964d2,6e98a05f682972c6b753bb0970bd0d8ea40ea481,unreproduced,
N-LEGACY51-0036-DIFF,-0.03877514208184542,proportion_or_dimensionless_as_labeled,src/barnabus/analysis.py,legacy51.csv,f33859fef494be6df07ab0f3b77d778e84ea3365daff09d484711c9f7995819f,83b9cec48c0b290e7be9c4626dafc19af4fdfbc2db1f34584f8d4873669964d2,6e98a05f682972c6b753bb0970bd0d8ea40ea481,unreproduced,
N-LEGACY51-0036-P_VALUE,0.0031547910249959915,proportion_or_dimensionless_as_labeled,src/barnabus/analysis.py,legacy51.csv,f33859fef494be6df07ab0f3b77d778e84ea3365daff09d484711c9f7995819f,83b9cec48c0b290e7be9c4626dafc19af4fdfbc2db1f34584f8d4873669964d2,6e98a05f682972c6b753bb0970bd0d8ea40ea481,unreproduced,
N-LEGACY51-0036-SUPPLIED_N_BEFORE,3068,dimensionless,src/barnabus/analysis.py,legacy51.csv,f33859fef494be6df07ab0f3b77d778e84ea3365daff09d484711c9f7995819f,83b9cec48c0b290e7be9c4626dafc19af4fdfbc2db1f34584f8d4873669964d2,6e98a05f682972c6b753bb0970bd0d8ea40ea481,unreproduced,
N-LEGACY51-0036-SUPPLIED_N_AFTER,1007,dimensionless,src/barnabus/analysis.py,legacy51.csv,f33859fef494be6df07ab0f3b77d778e84ea3365daff09d484711c9f7995819f,83b9cec48c0b290e7be9c4626dafc19af4fdfbc2db1f34584f8d4873669964d2,6e98a05f682972c6b753bb0970bd0d8ea40ea481,unreproduced,
N-LEGACY51-0036-SUPPLIED_DIFF,-0.0189,dimensionless,src/barnabus/analysis.py,legacy51.csv,f33859fef494be6df07ab0f3b77d778e84ea3365daff09d484711c9f7995819f,83b9cec48c0b290e7be9c4626dafc19af4fdfbc2db1f34584f8d4873669964d2,6e98a05f682972c6b753bb0970bd0d8ea40ea481,unreproduced,
N-LEGACY51-0036-SUPPLIED_P_VALUE,0.0723,proportion_or_dimensionless_as_labeled,src/barnabus/analysis.py,legacy51.csv,f33859fef494be6df07ab0f3b77d778e84ea3365daff09d484711c9f7995819f,83b9cec48c0b290e7be9c4626dafc19af4fdfbc2db1f34584f8d4873669964d2,6e98a05f682972c6b753bb0970bd0d8ea40ea481,unreproduced,
N-LEGACY51-0036-P_ADJUSTED_HOLM,0.14196559612481963,dimensionless,src/barnabus/analysis.py,legacy51.csv,f33859fef494be6df07ab0f3b77d778e84ea3365daff09d484711c9f7995819f,83b9cec48c0b290e7be9c4626dafc19af4fdfbc2db1f34584f8d4873669964d2,6e98a05f682972c6b753bb0970bd0d8ea40ea481,unreproduced,
N-LEGACY51-0036-SUPPLIED_P_ADJUSTED_HOLM,1.0,dimensionless,src/barnabus/analysis.py,legacy51.csv,f33859fef494be6df07ab0f3b77d778e84ea3365daff09d484711c9f7995819f,83b9cec48c0b290e7be9c4626dafc19af4fdfbc2db1f34584f8d4873669964d2,6e98a05f682972c6b753bb0970bd0d8ea40ea481,unreproduced,
N-LEGACY51-0037-N_BEFORE,4336,count,src/barnabus/analysis.py,legacy51.csv,f33859fef494be6df07ab0f3b77d778e84ea3365daff09d484711c9f7995819f,83b9cec48c0b290e7be9c4626dafc19af4fdfbc2db1f34584f8d4873669964d2,6e98a05f682972c6b753bb0970bd0d8ea40ea481,unreproduced,
N-LEGACY51-0037-N_AFTER,1138,count,src/barnabus/analysis.py,legacy51.csv,f33859fef494be6df07ab0f3b77d778e84ea3365daff09d484711c9f7995819f,83b9cec48c0b290e7be9c4626dafc19af4fdfbc2db1f34584f8d4873669964d2,6e98a05f682972c6b753bb0970bd0d8ea40ea481,unreproduced,
N-LEGACY51-0037-DIFF,0.0017396351467908466,proportion_or_dimensionless_as_labeled,src/barnabus/analysis.py,legacy51.csv,f33859fef494be6df07ab0f3b77d778e84ea3365daff09d484711c9f7995819f,83b9cec48c0b290e7be9c4626dafc19af4fdfbc2db1f34584f8d4873669964d2,6e98a05f682972c6b753bb0970bd0d8ea40ea481,unreproduced,
N-LEGACY51-0037-P_VALUE,0.8833498690640196,proportion_or_dimensionless_as_labeled,src/barnabus/analysis.py,legacy51.csv,f33859fef494be6df07ab0f3b77d778e84ea3365daff09d484711c9f7995819f,83b9cec48c0b290e7be9c4626dafc19af4fdfbc2db1f34584f8d4873669964d2,6e98a05f682972c6b753bb0970bd0d8ea40ea481,unreproduced,
N-LEGACY51-0037-SUPPLIED_N_BEFORE,4115,dimensionless,src/barnabus/analysis.py,legacy51.csv,f33859fef494be6df07ab0f3b77d778e84ea3365daff09d484711c9f7995819f,83b9cec48c0b290e7be9c4626dafc19af4fdfbc2db1f34584f8d4873669964d2,6e98a05f682972c6b753bb0970bd0d8ea40ea481,unreproduced,
N-LEGACY51-0037-SUPPLIED_N_AFTER,1398,dimensionless,src/barnabus/analysis.py,legacy51.csv,f33859fef494be6df07ab0f3b77d778e84ea3365daff09d484711c9f7995819f,83b9cec48c0b290e7be9c4626dafc19af4fdfbc2db1f34584f8d4873669964d2,6e98a05f682972c6b753bb0970bd0d8ea40ea481,unreproduced,
N-LEGACY51-0037-SUPPLIED_DIFF,-0.0033,dimensionless,src/barnabus/analysis.py,legacy51.csv,f33859fef494be6df07ab0f3b77d778e84ea3365daff09d484711c9f7995819f,83b9cec48c0b290e7be9c4626dafc19af4fdfbc2db1f34584f8d4873669964d2,6e98a05f682972c6b753bb0970bd0d8ea40ea481,unreproduced,
N-LEGACY51-0037-SUPPLIED_P_VALUE,0.7462,proportion_or_dimensionless_as_labeled,src/barnabus/analysis.py,legacy51.csv,f33859fef494be6df07ab0f3b77d778e84ea3365daff09d484711c9f7995819f,83b9cec48c0b290e7be9c4626dafc19af4fdfbc2db1f34584f8d4873669964d2,6e98a05f682972c6b753bb0970bd0d8ea40ea481,unreproduced,
N-LEGACY51-0037-P_ADJUSTED_HOLM,1.0,dimensionless,src/barnabus/analysis.py,legacy51.csv,f33859fef494be6df07ab0f3b77d778e84ea3365daff09d484711c9f7995819f,83b9cec48c0b290e7be9c4626dafc19af4fdfbc2db1f34584f8d4873669964d2,6e98a05f682972c6b753bb0970bd0d8ea40ea481,unreproduced,
N-LEGACY51-0037-SUPPLIED_P_ADJUSTED_HOLM,1.0,dimensionless,src/barnabus/analysis.py,legacy51.csv,f33859fef494be6df07ab0f3b77d778e84ea3365daff09d484711c9f7995819f,83b9cec48c0b290e7be9c4626dafc19af4fdfbc2db1f34584f8d4873669964d2,6e98a05f682972c6b753bb0970bd0d8ea40ea481,unreproduced,
N-LEGACY51-0038-N_BEFORE,2926,count,src/barnabus/analysis.py,legacy51.csv,f33859fef494be6df07ab0f3b77d778e84ea3365daff09d484711c9f7995819f,83b9cec48c0b290e7be9c4626dafc19af4fdfbc2db1f34584f8d4873669964d2,6e98a05f682972c6b753bb0970bd0d8ea40ea481,unreproduced,
N-LEGACY51-0038-N_AFTER,554,count,src/barnabus/analysis.py,legacy51.csv,f33859fef494be6df07ab0f3b77d778e84ea3365daff09d484711c9f7995819f,83b9cec48c0b290e7be9c4626dafc19af4fdfbc2db1f34584f8d4873669964d2,6e98a05f682972c6b753bb0970bd0d8ea40ea481,unreproduced,
N-LEGACY51-0038-DIFF,0.021283106025648285,proportion_or_dimensionless_as_labeled,src/barnabus/analysis.py,legacy51.csv,f33859fef494be6df07ab0f3b77d778e84ea3365daff09d484711c9f7995819f,83b9cec48c0b290e7be9c4626dafc19af4fdfbc2db1f34584f8d4873669964d2,6e98a05f682972c6b753bb0970bd0d8ea40ea481,unreproduced,
N-LEGACY51-0038-P_VALUE,0.14535206988981056,proportion_or_dimensionless_as_labeled,src/barnabus/analysis.py,legacy51.csv,f33859fef494be6df07ab0f3b77d778e84ea3365daff09d484711c9f7995819f,83b9cec48c0b290e7be9c4626dafc19af4fdfbc2db1f34584f8d4873669964d2,6e98a05f682972c6b753bb0970bd0d8ea40ea481,unreproduced,
N-LEGACY51-0038-SUPPLIED_N_BEFORE,2771,dimensionless,src/barnabus/analysis.py,legacy51.csv,f33859fef494be6df07ab0f3b77d778e84ea3365daff09d484711c9f7995819f,83b9cec48c0b290e7be9c4626dafc19af4fdfbc2db1f34584f8d4873669964d2,6e98a05f682972c6b753bb0970bd0d8ea40ea481,unreproduced,
N-LEGACY51-0038-SUPPLIED_N_AFTER,668,dimensionless,src/barnabus/analysis.py,legacy51.csv,f33859fef494be6df07ab0f3b77d778e84ea3365daff09d484711c9f7995819f,83b9cec48c0b290e7be9c4626dafc19af4fdfbc2db1f34584f8d4873669964d2,6e98a05f682972c6b753bb0970bd0d8ea40ea481,unreproduced,
N-LEGACY51-0038-SUPPLIED_DIFF,0.0123,dimensionless,src/barnabus/analysis.py,legacy51.csv,f33859fef494be6df07ab0f3b77d778e84ea3365daff09d484711c9f7995819f,83b9cec48c0b290e7be9c4626dafc19af4fdfbc2db1f34584f8d4873669964d2,6e98a05f682972c6b753bb0970bd0d8ea40ea481,unreproduced,
N-LEGACY51-0038-SUPPLIED_P_VALUE,0.3185,proportion_or_dimensionless_as_labeled,src/barnabus/analysis.py,legacy51.csv,f33859fef494be6df07ab0f3b77d778e84ea3365daff09d484711c9f7995819f,83b9cec48c0b290e7be9c4626dafc19af4fdfbc2db1f34584f8d4873669964d2,6e98a05f682972c6b753bb0970bd0d8ea40ea481,unreproduced,
N-LEGACY51-0038-P_ADJUSTED_HOLM,1.0,dimensionless,src/barnabus/analysis.py,legacy51.csv,f33859fef494be6df07ab0f3b77d778e84ea3365daff09d484711c9f7995819f,83b9cec48c0b290e7be9c4626dafc19af4fdfbc2db1f34584f8d4873669964d2,6e98a05f682972c6b753bb0970bd0d8ea40ea481,unreproduced,
N-LEGACY51-0038-SUPPLIED_P_ADJUSTED_HOLM,1.0,dimensionless,src/barnabus/analysis.py,legacy51.csv,f33859fef494be6df07ab0f3b77d778e84ea3365daff09d484711c9f7995819f,83b9cec48c0b290e7be9c4626dafc19af4fdfbc2db1f34584f8d4873669964d2,6e98a05f682972c6b753bb0970bd0d8ea40ea481,unreproduced,
N-LEGACY51-0039-N_BEFORE,8776,count,src/barnabus/analysis.py,legacy51.csv,f33859fef494be6df07ab0f3b77d778e84ea3365daff09d484711c9f7995819f,83b9cec48c0b290e7be9c4626dafc19af4fdfbc2db1f34584f8d4873669964d2,6e98a05f682972c6b753bb0970bd0d8ea40ea481,unreproduced,
N-LEGACY51-0039-N_AFTER,2674,count,src/barnabus/analysis.py,legacy51.csv,f33859fef494be6df07ab0f3b77d778e84ea3365daff09d484711c9f7995819f,83b9cec48c0b290e7be9c4626dafc19af4fdfbc2db1f34584f8d4873669964d2,6e98a05f682972c6b753bb0970bd0d8ea40ea481,unreproduced,
N-LEGACY51-0039-DIFF,-0.020898431773879816,proportion_or_dimensionless_as_labeled,src/barnabus/analysis.py,legacy51.csv,f33859fef494be6df07ab0f3b77d778e84ea3365daff09d484711c9f7995819f,83b9cec48c0b290e7be9c4626dafc19af4fdfbc2db1f34584f8d4873669964d2,6e98a05f682972c6b753bb0970bd0d8ea40ea481,unreproduced,
N-LEGACY51-0039-P_VALUE,0.00287095062520868,proportion_or_dimensionless_as_labeled,src/barnabus/analysis.py,legacy51.csv,f33859fef494be6df07ab0f3b77d778e84ea3365daff09d484711c9f7995819f,83b9cec48c0b290e7be9c4626dafc19af4fdfbc2db1f34584f8d4873669964d2,6e98a05f682972c6b753bb0970bd0d8ea40ea481,unreproduced,
N-LEGACY51-0039-SUPPLIED_N_BEFORE,8294,dimensionless,src/barnabus/analysis.py,legacy51.csv,f33859fef494be6df07ab0f3b77d778e84ea3365daff09d484711c9f7995819f,83b9cec48c0b290e7be9c4626dafc19af4fdfbc2db1f34584f8d4873669964d2,6e98a05f682972c6b753bb0970bd0d8ea40ea481,unreproduced,
N-LEGACY51-0039-SUPPLIED_N_AFTER,3299,dimensionless,src/barnabus/analysis.py,legacy51.csv,f33859fef494be6df07ab0f3b77d778e84ea3365daff09d484711c9f7995819f,83b9cec48c0b290e7be9c4626dafc19af4fdfbc2db1f34584f8d4873669964d2,6e98a05f682972c6b753bb0970bd0d8ea40ea481,unreproduced,
N-LEGACY51-0039-SUPPLIED_DIFF,-0.02,dimensionless,src/barnabus/analysis.py,legacy51.csv,f33859fef494be6df07ab0f3b77d778e84ea3365daff09d484711c9f7995819f,83b9cec48c0b290e7be9c4626dafc19af4fdfbc2db1f34584f8d4873669964d2,6e98a05f682972c6b753bb0970bd0d8ea40ea481,unreproduced,
N-LEGACY51-0039-SUPPLIED_P_VALUE,0.0004,proportion_or_dimensionless_as_labeled,src/barnabus/analysis.py,legacy51.csv,f33859fef494be6df07ab0f3b77d778e84ea3365daff09d484711c9f7995819f,83b9cec48c0b290e7be9c4626dafc19af4fdfbc2db1f34584f8d4873669964d2,6e98a05f682972c6b753bb0970bd0d8ea40ea481,unreproduced,
N-LEGACY51-0039-P_ADJUSTED_HOLM,0.1320637287595993,dimensionless,src/barnabus/analysis.py,legacy51.csv,f33859fef494be6df07ab0f3b77d778e84ea3365daff09d484711c9f7995819f,83b9cec48c0b290e7be9c4626dafc19af4fdfbc2db1f34584f8d4873669964d2,6e98a05f682972c6b753bb0970bd0d8ea40ea481,unreproduced,
N-LEGACY51-0039-SUPPLIED_P_ADJUSTED_HOLM,0.0188,dimensionless,src/barnabus/analysis.py,legacy51.csv,f33859fef494be6df07ab0f3b77d778e84ea3365daff09d484711c9f7995819f,83b9cec48c0b290e7be9c4626dafc19af4fdfbc2db1f34584f8d4873669964d2,6e98a05f682972c6b753bb0970bd0d8ea40ea481,unreproduced,
N-LEGACY51-0040-N_BEFORE,1436,count,src/barnabus/analysis.py,legacy51.csv,f33859fef494be6df07ab0f3b77d778e84ea3365daff09d484711c9f7995819f,83b9cec48c0b290e7be9c4626dafc19af4fdfbc2db1f34584f8d4873669964d2,6e98a05f682972c6b753bb0970bd0d8ea40ea481,unreproduced,
N-LEGACY51-0040-N_AFTER,170,count,src/barnabus/analysis.py,legacy51.csv,f33859fef494be6df07ab0f3b77d778e84ea3365daff09d484711c9f7995819f,83b9cec48c0b290e7be9c4626dafc19af4fdfbc2db1f34584f8d4873669964d2,6e98a05f682972c6b753bb0970bd0d8ea40ea481,unreproduced,
N-LEGACY51-0040-DIFF,-0.02875634933639193,proportion_or_dimensionless_as_labeled,src/barnabus/analysis.py,legacy51.csv,f33859fef494be6df07ab0f3b77d778e84ea3365daff09d484711c9f7995819f,83b9cec48c0b290e7be9c4626dafc19af4fdfbc2db1f34584f8d4873669964d2,6e98a05f682972c6b753bb0970bd0d8ea40ea481,unreproduced,
N-LEGACY51-0040-P_VALUE,0.26451451883222965,proportion_or_dimensionless_as_labeled,src/barnabus/analysis.py,legacy51.csv,f33859fef494be6df07ab0f3b77d778e84ea3365daff09d484711c9f7995819f,83b9cec48c0b290e7be9c4626dafc19af4fdfbc2db1f34584f8d4873669964d2,6e98a05f682972c6b753bb0970bd0d8ea40ea481,unreproduced,
N-LEGACY51-0040-SUPPLIED_N_BEFORE,1371,dimensionless,src/barnabus/analysis.py,legacy51.csv,f33859fef494be6df07ab0f3b77d778e84ea3365daff09d484711c9f7995819f,83b9cec48c0b290e7be9c4626dafc19af4fdfbc2db1f34584f8d4873669964d2,6e98a05f682972c6b753bb0970bd0d8ea40ea481,unreproduced,
N-LEGACY51-0040-SUPPLIED_N_AFTER,194,dimensionless,src/barnabus/analysis.py,legacy51.csv,f33859fef494be6df07ab0f3b77d778e84ea3365daff09d484711c9f7995819f,83b9cec48c0b290e7be9c4626dafc19af4fdfbc2db1f34584f8d4873669964d2,6e98a05f682972c6b753bb0970bd0d8ea40ea481,unreproduced,
N-LEGACY51-0040-SUPPLIED_DIFF,-0.027,dimensionless,src/barnabus/analysis.py,legacy51.csv,f33859fef494be6df07ab0f3b77d778e84ea3365daff09d484711c9f7995819f,83b9cec48c0b290e7be9c4626dafc19af4fdfbc2db1f34584f8d4873669964d2,6e98a05f682972c6b753bb0970bd0d8ea40ea481,unreproduced,
N-LEGACY51-0040-SUPPLIED_P_VALUE,0.1972,proportion_or_dimensionless_as_labeled,src/barnabus/analysis.py,legacy51.csv,f33859fef494be6df07ab0f3b77d778e84ea3365daff09d484711c9f7995819f,83b9cec48c0b290e7be9c4626dafc19af4fdfbc2db1f34584f8d4873669964d2,6e98a05f682972c6b753bb0970bd0d8ea40ea481,unreproduced,
N-LEGACY51-0040-P_ADJUSTED_HOLM,1.0,dimensionless,src/barnabus/analysis.py,legacy51.csv,f33859fef494be6df07ab0f3b77d778e84ea3365daff09d484711c9f7995819f,83b9cec48c0b290e7be9c4626dafc19af4fdfbc2db1f34584f8d4873669964d2,6e98a05f682972c6b753bb0970bd0d8ea40ea481,unreproduced,
N-LEGACY51-0040-SUPPLIED_P_ADJUSTED_HOLM,1.0,dimensionless,src/barnabus/analysis.py,legacy51.csv,f33859fef494be6df07ab0f3b77d778e84ea3365daff09d484711c9f7995819f,83b9cec48c0b290e7be9c4626dafc19af4fdfbc2db1f34584f8d4873669964d2,6e98a05f682972c6b753bb0970bd0d8ea40ea481,unreproduced,
N-LEGACY51-0041-N_BEFORE,3521,count,src/barnabus/analysis.py,legacy51.csv,f33859fef494be6df07ab0f3b77d778e84ea3365daff09d484711c9f7995819f,83b9cec48c0b290e7be9c4626dafc19af4fdfbc2db1f34584f8d4873669964d2,6e98a05f682972c6b753bb0970bd0d8ea40ea481,unreproduced,
N-LEGACY51-0041-N_AFTER,971,count,src/barnabus/analysis.py,legacy51.csv,f33859fef494be6df07ab0f3b77d778e84ea3365daff09d484711c9f7995819f,83b9cec48c0b290e7be9c4626dafc19af4fdfbc2db1f34584f8d4873669964d2,6e98a05f682972c6b753bb0970bd0d8ea40ea481,unreproduced,
N-LEGACY51-0041-DIFF,-0.022583053978614695,proportion_or_dimensionless_as_labeled,src/barnabus/analysis.py,legacy51.csv,f33859fef494be6df07ab0f3b77d778e84ea3365daff09d484711c9f7995819f,83b9cec48c0b290e7be9c4626dafc19af4fdfbc2db1f34584f8d4873669964d2,6e98a05f682972c6b753bb0970bd0d8ea40ea481,unreproduced,
N-LEGACY51-0041-P_VALUE,0.051300584159707834,proportion_or_dimensionless_as_labeled,src/barnabus/analysis.py,legacy51.csv,f33859fef494be6df07ab0f3b77d778e84ea3365daff09d484711c9f7995819f,83b9cec48c0b290e7be9c4626dafc19af4fdfbc2db1f34584f8d4873669964d2,6e98a05f682972c6b753bb0970bd0d8ea40ea481,unreproduced,
N-LEGACY51-0041-SUPPLIED_N_BEFORE,3320,dimensionless,src/barnabus/analysis.py,legacy51.csv,f33859fef494be6df07ab0f3b77d778e84ea3365daff09d484711c9f7995819f,83b9cec48c0b290e7be9c4626dafc19af4fdfbc2db1f34584f8d4873669964d2,6e98a05f682972c6b753bb0970bd0d8ea40ea481,unreproduced,
N-LEGACY51-0041-SUPPLIED_N_AFTER,1152,dimensionless,src/barnabus/analysis.py,legacy51.csv,f33859fef494be6df07ab0f3b77d778e84ea3365daff09d484711c9f7995819f,83b9cec48c0b290e7be9c4626dafc19af4fdfbc2db1f34584f8d4873669964d2,6e98a05f682972c6b753bb0970bd0d8ea40ea481,unreproduced,
N-LEGACY51-0041-SUPPLIED_DIFF,-0.0149,dimensionless,src/barnabus/analysis.py,legacy51.csv,f33859fef494be6df07ab0f3b77d778e84ea3365daff09d484711c9f7995819f,83b9cec48c0b290e7be9c4626dafc19af4fdfbc2db1f34584f8d4873669964d2,6e98a05f682972c6b753bb0970bd0d8ea40ea481,unreproduced,
N-LEGACY51-0041-SUPPLIED_P_VALUE,0.125,proportion_or_dimensionless_as_labeled,src/barnabus/analysis.py,legacy51.csv,f33859fef494be6df07ab0f3b77d778e84ea3365daff09d484711c9f7995819f,83b9cec48c0b290e7be9c4626dafc19af4fdfbc2db1f34584f8d4873669964d2,6e98a05f682972c6b753bb0970bd0d8ea40ea481,unreproduced,
N-LEGACY51-0041-P_ADJUSTED_HOLM,1.0,dimensionless,src/barnabus/analysis.py,legacy51.csv,f33859fef494be6df07ab0f3b77d778e84ea3365daff09d484711c9f7995819f,83b9cec48c0b290e7be9c4626dafc19af4fdfbc2db1f34584f8d4873669964d2,6e98a05f682972c6b753bb0970bd0d8ea40ea481,unreproduced,
N-LEGACY51-0041-SUPPLIED_P_ADJUSTED_HOLM,1.0,dimensionless,src/barnabus/analysis.py,legacy51.csv,f33859fef494be6df07ab0f3b77d778e84ea3365daff09d484711c9f7995819f,83b9cec48c0b290e7be9c4626dafc19af4fdfbc2db1f34584f8d4873669964d2,6e98a05f682972c6b753bb0970bd0d8ea40ea481,unreproduced,
N-LEGACY51-0042-N_BEFORE,3544,count,src/barnabus/analysis.py,legacy51.csv,f33859fef494be6df07ab0f3b77d778e84ea3365daff09d484711c9f7995819f,83b9cec48c0b290e7be9c4626dafc19af4fdfbc2db1f34584f8d4873669964d2,6e98a05f682972c6b753bb0970bd0d8ea40ea481,unreproduced,
N-LEGACY51-0042-N_AFTER,941,count,src/barnabus/analysis.py,legacy51.csv,f33859fef494be6df07ab0f3b77d778e84ea3365daff09d484711c9f7995819f,83b9cec48c0b290e7be9c4626dafc19af4fdfbc2db1f34584f8d4873669964d2,6e98a05f682972c6b753bb0970bd0d8ea40ea481,unreproduced,
N-LEGACY51-0042-DIFF,-0.02203181860707233,proportion_or_dimensionless_as_labeled,src/barnabus/analysis.py,legacy51.csv,f33859fef494be6df07ab0f3b77d778e84ea3365daff09d484711c9f7995819f,83b9cec48c0b290e7be9c4626dafc19af4fdfbc2db1f34584f8d4873669964d2,6e98a05f682972c6b753bb0970bd0d8ea40ea481,unreproduced,
N-LEGACY51-0042-P_VALUE,0.07106261282396407,proportion_or_dimensionless_as_labeled,src/barnabus/analysis.py,legacy51.csv,f33859fef494be6df07ab0f3b77d778e84ea3365daff09d484711c9f7995819f,83b9cec48c0b290e7be9c4626dafc19af4fdfbc2db1f34584f8d4873669964d2,6e98a05f682972c6b753bb0970bd0d8ea40ea481,unreproduced,
N-LEGACY51-0042-SUPPLIED_N_BEFORE,3364,dimensionless,src/barnabus/analysis.py,legacy51.csv,f33859fef494be6df07ab0f3b77d778e84ea3365daff09d484711c9f7995819f,83b9cec48c0b290e7be9c4626dafc19af4fdfbc2db1f34584f8d4873669964d2,6e98a05f682972c6b753bb0970bd0d8ea40ea481,unreproduced,
N-LEGACY51-0042-SUPPLIED_N_AFTER,1101,dimensionless,src/barnabus/analysis.py,legacy51.csv,f33859fef494be6df07ab0f3b77d778e84ea3365daff09d484711c9f7995819f,83b9cec48c0b290e7be9c4626dafc19af4fdfbc2db1f34584f8d4873669964d2,6e98a05f682972c6b753bb0970bd0d8ea40ea481,unreproduced,
N-LEGACY51-0042-SUPPLIED_DIFF,-0.0156,dimensionless,src/barnabus/analysis.py,legacy51.csv,f33859fef494be6df07ab0f3b77d778e84ea3365daff09d484711c9f7995819f,83b9cec48c0b290e7be9c4626dafc19af4fdfbc2db1f34584f8d4873669964d2,6e98a05f682972c6b753bb0970bd0d8ea40ea481,unreproduced,
N-LEGACY51-0042-SUPPLIED_P_VALUE,0.123,proportion_or_dimensionless_as_labeled,src/barnabus/analysis.py,legacy51.csv,f33859fef494be6df07ab0f3b77d778e84ea3365daff09d484711c9f7995819f,83b9cec48c0b290e7be9c4626dafc19af4fdfbc2db1f34584f8d4873669964d2,6e98a05f682972c6b753bb0970bd0d8ea40ea481,unreproduced,
N-LEGACY51-0042-P_ADJUSTED_HOLM,1.0,dimensionless,src/barnabus/analysis.py,legacy51.csv,f33859fef494be6df07ab0f3b77d778e84ea3365daff09d484711c9f7995819f,83b9cec48c0b290e7be9c4626dafc19af4fdfbc2db1f34584f8d4873669964d2,6e98a05f682972c6b753bb0970bd0d8ea40ea481,unreproduced,
N-LEGACY51-0042-SUPPLIED_P_ADJUSTED_HOLM,1.0,dimensionless,src/barnabus/analysis.py,legacy51.csv,f33859fef494be6df07ab0f3b77d778e84ea3365daff09d484711c9f7995819f,83b9cec48c0b290e7be9c4626dafc19af4fdfbc2db1f34584f8d4873669964d2,6e98a05f682972c6b753bb0970bd0d8ea40ea481,unreproduced,
N-LEGACY51-0043-N_BEFORE,6043,count,src/barnabus/analysis.py,legacy51.csv,f33859fef494be6df07ab0f3b77d778e84ea3365daff09d484711c9f7995819f,83b9cec48c0b290e7be9c4626dafc19af4fdfbc2db1f34584f8d4873669964d2,6e98a05f682972c6b753bb0970bd0d8ea40ea481,unreproduced,
N-LEGACY51-0043-N_AFTER,1528,count,src/barnabus/analysis.py,legacy51.csv,f33859fef494be6df07ab0f3b77d778e84ea3365daff09d484711c9f7995819f,83b9cec48c0b290e7be9c4626dafc19af4fdfbc2db1f34584f8d4873669964d2,6e98a05f682972c6b753bb0970bd0d8ea40ea481,unreproduced,
N-LEGACY51-0043-DIFF,-0.028996381083907397,proportion_or_dimensionless_as_labeled,src/barnabus/analysis.py,legacy51.csv,f33859fef494be6df07ab0f3b77d778e84ea3365daff09d484711c9f7995819f,83b9cec48c0b290e7be9c4626dafc19af4fdfbc2db1f34584f8d4873669964d2,6e98a05f682972c6b753bb0970bd0d8ea40ea481,unreproduced,
N-LEGACY51-0043-P_VALUE,0.002425412535278159,proportion_or_dimensionless_as_labeled,src/barnabus/analysis.py,legacy51.csv,f33859fef494be6df07ab0f3b77d778e84ea3365daff09d484711c9f7995819f,83b9cec48c0b290e7be9c4626dafc19af4fdfbc2db1f34584f8d4873669964d2,6e98a05f682972c6b753bb0970bd0d8ea40ea481,unreproduced,
N-LEGACY51-0043-SUPPLIED_N_BEFORE,5705,dimensionless,src/barnabus/analysis.py,legacy51.csv,f33859fef494be6df07ab0f3b77d778e84ea3365daff09d484711c9f7995819f,83b9cec48c0b290e7be9c4626dafc19af4fdfbc2db1f34584f8d4873669964d2,6e98a05f682972c6b753bb0970bd0d8ea40ea481,unreproduced,
N-LEGACY51-0043-SUPPLIED_N_AFTER,1815,dimensionless,src/barnabus/analysis.py,legacy51.csv,f33859fef494be6df07ab0f3b77d778e84ea3365daff09d484711c9f7995819f,83b9cec48c0b290e7be9c4626dafc19af4fdfbc2db1f34584f8d4873669964d2,6e98a05f682972c6b753bb0970bd0d8ea40ea481,unreproduced,
N-LEGACY51-0043-SUPPLIED_DIFF,-0.0305,dimensionless,src/barnabus/analysis.py,legacy51.csv,f33859fef494be6df07ab0f3b77d778e84ea3365daff09d484711c9f7995819f,83b9cec48c0b290e7be9c4626dafc19af4fdfbc2db1f34584f8d4873669964d2,6e98a05f682972c6b753bb0970bd0d8ea40ea481,unreproduced,
N-LEGACY51-0043-SUPPLIED_P_VALUE,0.0001,proportion_or_dimensionless_as_labeled,src/barnabus/analysis.py,legacy51.csv,f33859fef494be6df07ab0f3b77d778e84ea3365daff09d484711c9f7995819f,83b9cec48c0b290e7be9c4626dafc19af4fdfbc2db1f34584f8d4873669964d2,6e98a05f682972c6b753bb0970bd0d8ea40ea481,unreproduced,
N-LEGACY51-0043-P_ADJUSTED_HOLM,0.1188452142286298,dimensionless,src/barnabus/analysis.py,legacy51.csv,f33859fef494be6df07ab0f3b77d778e84ea3365daff09d484711c9f7995819f,83b9cec48c0b290e7be9c4626dafc19af4fdfbc2db1f34584f8d4873669964d2,6e98a05f682972c6b753bb0970bd0d8ea40ea481,unreproduced,
N-LEGACY51-0043-SUPPLIED_P_ADJUSTED_HOLM,0.0049,dimensionless,src/barnabus/analysis.py,legacy51.csv,f33859fef494be6df07ab0f3b77d778e84ea3365daff09d484711c9f7995819f,83b9cec48c0b290e7be9c4626dafc19af4fdfbc2db1f34584f8d4873669964d2,6e98a05f682972c6b753bb0970bd0d8ea40ea481,unreproduced,
N-LEGACY51-0044-N_BEFORE,1149,count,src/barnabus/analysis.py,legacy51.csv,f33859fef494be6df07ab0f3b77d778e84ea3365daff09d484711c9f7995819f,83b9cec48c0b290e7be9c4626dafc19af4fdfbc2db1f34584f8d4873669964d2,6e98a05f682972c6b753bb0970bd0d8ea40ea481,unreproduced,
N-LEGACY51-0044-N_AFTER,301,count,src/barnabus/analysis.py,legacy51.csv,f33859fef494be6df07ab0f3b77d778e84ea3365daff09d484711c9f7995819f,83b9cec48c0b290e7be9c4626dafc19af4fdfbc2db1f34584f8d4873669964d2,6e98a05f682972c6b753bb0970bd0d8ea40ea481,unreproduced,
N-LEGACY51-0044-DIFF,-0.007942772712946994,proportion_or_dimensionless_as_labeled,src/barnabus/analysis.py,legacy51.csv,f33859fef494be6df07ab0f3b77d778e84ea3365daff09d484711c9f7995819f,83b9cec48c0b290e7be9c4626dafc19af4fdfbc2db1f34584f8d4873669964d2,6e98a05f682972c6b753bb0970bd0d8ea40ea481,unreproduced,
N-LEGACY51-0044-P_VALUE,0.720338549155442,proportion_or_dimensionless_as_labeled,src/barnabus/analysis.py,legacy51.csv,f33859fef494be6df07ab0f3b77d778e84ea3365daff09d484711c9f7995819f,83b9cec48c0b290e7be9c4626dafc19af4fdfbc2db1f34584f8d4873669964d2,6e98a05f682972c6b753bb0970bd0d8ea40ea481,unreproduced,
N-LEGACY51-0044-SUPPLIED_N_BEFORE,1075,dimensionless,src/barnabus/analysis.py,legacy51.csv,f33859fef494be6df07ab0f3b77d778e84ea3365daff09d484711c9f7995819f,83b9cec48c0b290e7be9c4626dafc19af4fdfbc2db1f34584f8d4873669964d2,6e98a05f682972c6b753bb0970bd0d8ea40ea481,unreproduced,
N-LEGACY51-0044-SUPPLIED_N_AFTER,358,dimensionless,src/barnabus/analysis.py,legacy51.csv,f33859fef494be6df07ab0f3b77d778e84ea3365daff09d484711c9f7995819f,83b9cec48c0b290e7be9c4626dafc19af4fdfbc2db1f34584f8d4873669964d2,6e98a05f682972c6b753bb0970bd0d8ea40ea481,unreproduced,
N-LEGACY51-0044-SUPPLIED_DIFF,0.0038,dimensionless,src/barnabus/analysis.py,legacy51.csv,f33859fef494be6df07ab0f3b77d778e84ea3365daff09d484711c9f7995819f,83b9cec48c0b290e7be9c4626dafc19af4fdfbc2db1f34584f8d4873669964d2,6e98a05f682972c6b753bb0970bd0d8ea40ea481,unreproduced,
N-LEGACY51-0044-SUPPLIED_P_VALUE,0.8465,proportion_or_dimensionless_as_labeled,src/barnabus/analysis.py,legacy51.csv,f33859fef494be6df07ab0f3b77d778e84ea3365daff09d484711c9f7995819f,83b9cec48c0b290e7be9c4626dafc19af4fdfbc2db1f34584f8d4873669964d2,6e98a05f682972c6b753bb0970bd0d8ea40ea481,unreproduced,
N-LEGACY51-0044-P_ADJUSTED_HOLM,1.0,dimensionless,src/barnabus/analysis.py,legacy51.csv,f33859fef494be6df07ab0f3b77d778e84ea3365daff09d484711c9f7995819f,83b9cec48c0b290e7be9c4626dafc19af4fdfbc2db1f34584f8d4873669964d2,6e98a05f682972c6b753bb0970bd0d8ea40ea481,unreproduced,
N-LEGACY51-0044-SUPPLIED_P_ADJUSTED_HOLM,1.0,dimensionless,src/barnabus/analysis.py,legacy51.csv,f33859fef494be6df07ab0f3b77d778e84ea3365daff09d484711c9f7995819f,83b9cec48c0b290e7be9c4626dafc19af4fdfbc2db1f34584f8d4873669964d2,6e98a05f682972c6b753bb0970bd0d8ea40ea481,unreproduced,
N-LEGACY51-0045-N_BEFORE,15951,count,src/barnabus/analysis.py,legacy51.csv,f33859fef494be6df07ab0f3b77d778e84ea3365daff09d484711c9f7995819f,83b9cec48c0b290e7be9c4626dafc19af4fdfbc2db1f34584f8d4873669964d2,6e98a05f682972c6b753bb0970bd0d8ea40ea481,unreproduced,
N-LEGACY51-0045-N_AFTER,4142,count,src/barnabus/analysis.py,legacy51.csv,f33859fef494be6df07ab0f3b77d778e84ea3365daff09d484711c9f7995819f,83b9cec48c0b290e7be9c4626dafc19af4fdfbc2db1f34584f8d4873669964d2,6e98a05f682972c6b753bb0970bd0d8ea40ea481,unreproduced,
N-LEGACY51-0045-DIFF,-0.015253588813956165,proportion_or_dimensionless_as_labeled,src/barnabus/analysis.py,legacy51.csv,f33859fef494be6df07ab0f3b77d778e84ea3365daff09d484711c9f7995819f,83b9cec48c0b290e7be9c4626dafc19af4fdfbc2db1f34584f8d4873669964d2,6e98a05f682972c6b753bb0970bd0d8ea40ea481,unreproduced,
N-LEGACY51-0045-P_VALUE,0.008408772139569061,proportion_or_dimensionless_as_labeled,src/barnabus/analysis.py,legacy51.csv,f33859fef494be6df07ab0f3b77d778e84ea3365daff09d484711c9f7995819f,83b9cec48c0b290e7be9c4626dafc19af4fdfbc2db1f34584f8d4873669964d2,6e98a05f682972c6b753bb0970bd0d8ea40ea481,unreproduced,
N-LEGACY51-0045-SUPPLIED_N_BEFORE,15068,dimensionless,src/barnabus/analysis.py,legacy51.csv,f33859fef494be6df07ab0f3b77d778e84ea3365daff09d484711c9f7995819f,83b9cec48c0b290e7be9c4626dafc19af4fdfbc2db1f34584f8d4873669964d2,6e98a05f682972c6b753bb0970bd0d8ea40ea481,unreproduced,
N-LEGACY51-0045-SUPPLIED_N_AFTER,4972,dimensionless,src/barnabus/analysis.py,legacy51.csv,f33859fef494be6df07ab0f3b77d778e84ea3365daff09d484711c9f7995819f,83b9cec48c0b290e7be9c4626dafc19af4fdfbc2db1f34584f8d4873669964d2,6e98a05f682972c6b753bb0970bd0d8ea40ea481,unreproduced,
N-LEGACY51-0045-SUPPLIED_DIFF,-0.0101,dimensionless,src/barnabus/analysis.py,legacy51.csv,f33859fef494be6df07ab0f3b77d778e84ea3365daff09d484711c9f7995819f,83b9cec48c0b290e7be9c4626dafc19af4fdfbc2db1f34584f8d4873669964d2,6e98a05f682972c6b753bb0970bd0d8ea40ea481,unreproduced,
N-LEGACY51-0045-SUPPLIED_P_VALUE,0.0372,proportion_or_dimensionless_as_labeled,src/barnabus/analysis.py,legacy51.csv,f33859fef494be6df07ab0f3b77d778e84ea3365daff09d484711c9f7995819f,83b9cec48c0b290e7be9c4626dafc19af4fdfbc2db1f34584f8d4873669964d2,6e98a05f682972c6b753bb0970bd0d8ea40ea481,unreproduced,
N-LEGACY51-0045-P_ADJUSTED_HOLM,0.35316842986190056,dimensionless,src/barnabus/analysis.py,legacy51.csv,f33859fef494be6df07ab0f3b77d778e84ea3365daff09d484711c9f7995819f,83b9cec48c0b290e7be9c4626dafc19af4fdfbc2db1f34584f8d4873669964d2,6e98a05f682972c6b753bb0970bd0d8ea40ea481,unreproduced,
N-LEGACY51-0045-SUPPLIED_P_ADJUSTED_HOLM,1.0,dimensionless,src/barnabus/analysis.py,legacy51.csv,f33859fef494be6df07ab0f3b77d778e84ea3365daff09d484711c9f7995819f,83b9cec48c0b290e7be9c4626dafc19af4fdfbc2db1f34584f8d4873669964d2,6e98a05f682972c6b753bb0970bd0d8ea40ea481,unreproduced,
N-LEGACY51-0046-N_BEFORE,15783,count,src/barnabus/analysis.py,legacy51.csv,f33859fef494be6df07ab0f3b77d778e84ea3365daff09d484711c9f7995819f,83b9cec48c0b290e7be9c4626dafc19af4fdfbc2db1f34584f8d4873669964d2,6e98a05f682972c6b753bb0970bd0d8ea40ea481,unreproduced,
N-LEGACY51-0046-N_AFTER,4135,count,src/barnabus/analysis.py,legacy51.csv,f33859fef494be6df07ab0f3b77d778e84ea3365daff09d484711c9f7995819f,83b9cec48c0b290e7be9c4626dafc19af4fdfbc2db1f34584f8d4873669964d2,6e98a05f682972c6b753bb0970bd0d8ea40ea481,unreproduced,
N-LEGACY51-0046-DIFF,-0.017251706008814677,proportion_or_dimensionless_as_labeled,src/barnabus/analysis.py,legacy51.csv,f33859fef494be6df07ab0f3b77d778e84ea3365daff09d484711c9f7995819f,83b9cec48c0b290e7be9c4626dafc19af4fdfbc2db1f34584f8d4873669964d2,6e98a05f682972c6b753bb0970bd0d8ea40ea481,unreproduced,
N-LEGACY51-0046-P_VALUE,0.0024659239728542937,proportion_or_dimensionless_as_labeled,src/barnabus/analysis.py,legacy51.csv,f33859fef494be6df07ab0f3b77d778e84ea3365daff09d484711c9f7995819f,83b9cec48c0b290e7be9c4626dafc19af4fdfbc2db1f34584f8d4873669964d2,6e98a05f682972c6b753bb0970bd0d8ea40ea481,unreproduced,
N-LEGACY51-0046-SUPPLIED_N_BEFORE,14947,dimensionless,src/barnabus/analysis.py,legacy51.csv,f33859fef494be6df07ab0f3b77d778e84ea3365daff09d484711c9f7995819f,83b9cec48c0b290e7be9c4626dafc19af4fdfbc2db1f34584f8d4873669964d2,6e98a05f682972c6b753bb0970bd0d8ea40ea481,unreproduced,
N-LEGACY51-0046-SUPPLIED_N_AFTER,5013,dimensionless,src/barnabus/analysis.py,legacy51.csv,f33859fef494be6df07ab0f3b77d778e84ea3365daff09d484711c9f7995819f,83b9cec48c0b290e7be9c4626dafc19af4fdfbc2db1f34584f8d4873669964d2,6e98a05f682972c6b753bb0970bd0d8ea40ea481,unreproduced,
N-LEGACY51-0046-SUPPLIED_DIFF,-0.0209,dimensionless,src/barnabus/analysis.py,legacy51.csv,f33859fef494be6df07ab0f3b77d778e84ea3365daff09d484711c9f7995819f,83b9cec48c0b290e7be9c4626dafc19af4fdfbc2db1f34584f8d4873669964d2,6e98a05f682972c6b753bb0970bd0d8ea40ea481,unreproduced,
N-LEGACY51-0046-SUPPLIED_P_VALUE,0.0,proportion_or_dimensionless_as_labeled,src/barnabus/analysis.py,legacy51.csv,f33859fef494be6df07ab0f3b77d778e84ea3365daff09d484711c9f7995819f,83b9cec48c0b290e7be9c4626dafc19af4fdfbc2db1f34584f8d4873669964d2,6e98a05f682972c6b753bb0970bd0d8ea40ea481,unreproduced,
N-LEGACY51-0046-P_ADJUSTED_HOLM,0.1188452142286298,dimensionless,src/barnabus/analysis.py,legacy51.csv,f33859fef494be6df07ab0f3b77d778e84ea3365daff09d484711c9f7995819f,83b9cec48c0b290e7be9c4626dafc19af4fdfbc2db1f34584f8d4873669964d2,6e98a05f682972c6b753bb0970bd0d8ea40ea481,unreproduced,
N-LEGACY51-0046-SUPPLIED_P_ADJUSTED_HOLM,0.0,dimensionless,src/barnabus/analysis.py,legacy51.csv,f33859fef494be6df07ab0f3b77d778e84ea3365daff09d484711c9f7995819f,83b9cec48c0b290e7be9c4626dafc19af4fdfbc2db1f34584f8d4873669964d2,6e98a05f682972c6b753bb0970bd0d8ea40ea481,unreproduced,
N-LEGACY51-0047-N_BEFORE,9758,count,src/barnabus/analysis.py,legacy51.csv,f33859fef494be6df07ab0f3b77d778e84ea3365daff09d484711c9f7995819f,83b9cec48c0b290e7be9c4626dafc19af4fdfbc2db1f34584f8d4873669964d2,6e98a05f682972c6b753bb0970bd0d8ea40ea481,unreproduced,
N-LEGACY51-0047-N_AFTER,2566,count,src/barnabus/analysis.py,legacy51.csv,f33859fef494be6df07ab0f3b77d778e84ea3365daff09d484711c9f7995819f,83b9cec48c0b290e7be9c4626dafc19af4fdfbc2db1f34584f8d4873669964d2,6e98a05f682972c6b753bb0970bd0d8ea40ea481,unreproduced,
N-LEGACY51-0047-DIFF,-0.0120496690206984,proportion_or_dimensionless_as_labeled,src/barnabus/analysis.py,legacy51.csv,f33859fef494be6df07ab0f3b77d778e84ea3365daff09d484711c9f7995819f,83b9cec48c0b290e7be9c4626dafc19af4fdfbc2db1f34584f8d4873669964d2,6e98a05f682972c6b753bb0970bd0d8ea40ea481,unreproduced,
N-LEGACY51-0047-P_VALUE,0.09858451815837549,proportion_or_dimensionless_as_labeled,src/barnabus/analysis.py,legacy51.csv,f33859fef494be6df07ab0f3b77d778e84ea3365daff09d484711c9f7995819f,83b9cec48c0b290e7be9c4626dafc19af4fdfbc2db1f34584f8d4873669964d2,6e98a05f682972c6b753bb0970bd0d8ea40ea481,unreproduced,
N-LEGACY51-0047-SUPPLIED_N_BEFORE,9215,dimensionless,src/barnabus/analysis.py,legacy51.csv,f33859fef494be6df07ab0f3b77d778e84ea3365daff09d484711c9f7995819f,83b9cec48c0b290e7be9c4626dafc19af4fdfbc2db1f34584f8d4873669964d2,6e98a05f682972c6b753bb0970bd0d8ea40ea481,unreproduced,
N-LEGACY51-0047-SUPPLIED_N_AFTER,3082,dimensionless,src/barnabus/analysis.py,legacy51.csv,f33859fef494be6df07ab0f3b77d778e84ea3365daff09d484711c9f7995819f,83b9cec48c0b290e7be9c4626dafc19af4fdfbc2db1f34584f8d4873669964d2,6e98a05f682972c6b753bb0970bd0d8ea40ea481,unreproduced,
N-LEGACY51-0047-SUPPLIED_DIFF,-0.0163,dimensionless,src/barnabus/analysis.py,legacy51.csv,f33859fef494be6df07ab0f3b77d778e84ea3365daff09d484711c9f7995819f,83b9cec48c0b290e7be9c4626dafc19af4fdfbc2db1f34584f8d4873669964d2,6e98a05f682972c6b753bb0970bd0d8ea40ea481,unreproduced,
N-LEGACY51-0047-SUPPLIED_P_VALUE,0.0071,proportion_or_dimensionless_as_labeled,src/barnabus/analysis.py,legacy51.csv,f33859fef494be6df07ab0f3b77d778e84ea3365daff09d484711c9f7995819f,83b9cec48c0b290e7be9c4626dafc19af4fdfbc2db1f34584f8d4873669964d2,6e98a05f682972c6b753bb0970bd0d8ea40ea481,unreproduced,
N-LEGACY51-0047-P_ADJUSTED_HOLM,1.0,dimensionless,src/barnabus/analysis.py,legacy51.csv,f33859fef494be6df07ab0f3b77d778e84ea3365daff09d484711c9f7995819f,83b9cec48c0b290e7be9c4626dafc19af4fdfbc2db1f34584f8d4873669964d2,6e98a05f682972c6b753bb0970bd0d8ea40ea481,unreproduced,
N-LEGACY51-0047-SUPPLIED_P_ADJUSTED_HOLM,0.2911,dimensionless,src/barnabus/analysis.py,legacy51.csv,f33859fef494be6df07ab0f3b77d778e84ea3365daff09d484711c9f7995819f,83b9cec48c0b290e7be9c4626dafc19af4fdfbc2db1f34584f8d4873669964d2,6e98a05f682972c6b753bb0970bd0d8ea40ea481,unreproduced,
N-LEGACY51-0048-N_BEFORE,15397,count,src/barnabus/analysis.py,legacy51.csv,f33859fef494be6df07ab0f3b77d778e84ea3365daff09d484711c9f7995819f,83b9cec48c0b290e7be9c4626dafc19af4fdfbc2db1f34584f8d4873669964d2,6e98a05f682972c6b753bb0970bd0d8ea40ea481,unreproduced,
N-LEGACY51-0048-N_AFTER,4008,count,src/barnabus/analysis.py,legacy51.csv,f33859fef494be6df07ab0f3b77d778e84ea3365daff09d484711c9f7995819f,83b9cec48c0b290e7be9c4626dafc19af4fdfbc2db1f34584f8d4873669964d2,6e98a05f682972c6b753bb0970bd0d8ea40ea481,unreproduced,
N-LEGACY51-0048-DIFF,-0.012882674606622319,proportion_or_dimensionless_as_labeled,src/barnabus/analysis.py,legacy51.csv,f33859fef494be6df07ab0f3b77d778e84ea3365daff09d484711c9f7995819f,83b9cec48c0b290e7be9c4626dafc19af4fdfbc2db1f34584f8d4873669964d2,6e98a05f682972c6b753bb0970bd0d8ea40ea481,unreproduced,
N-LEGACY51-0048-P_VALUE,0.028440640937032607,proportion_or_dimensionless_as_labeled,src/barnabus/analysis.py,legacy51.csv,f33859fef494be6df07ab0f3b77d778e84ea3365daff09d484711c9f7995819f,83b9cec48c0b290e7be9c4626dafc19af4fdfbc2db1f34584f8d4873669964d2,6e98a05f682972c6b753bb0970bd0d8ea40ea481,unreproduced,
N-LEGACY51-0048-SUPPLIED_N_BEFORE,13992,dimensionless,src/barnabus/analysis.py,legacy51.csv,f33859fef494be6df07ab0f3b77d778e84ea3365daff09d484711c9f7995819f,83b9cec48c0b290e7be9c4626dafc19af4fdfbc2db1f34584f8d4873669964d2,6e98a05f682972c6b753bb0970bd0d8ea40ea481,unreproduced,
N-LEGACY51-0048-SUPPLIED_N_AFTER,4668,dimensionless,src/barnabus/analysis.py,legacy51.csv,f33859fef494be6df07ab0f3b77d778e84ea3365daff09d484711c9f7995819f,83b9cec48c0b290e7be9c4626dafc19af4fdfbc2db1f34584f8d4873669964d2,6e98a05f682972c6b753bb0970bd0d8ea40ea481,unreproduced,
N-LEGACY51-0048-SUPPLIED_DIFF,-0.0129,dimensionless,src/barnabus/analysis.py,legacy51.csv,f33859fef494be6df07ab0f3b77d778e84ea3365daff09d484711c9f7995819f,83b9cec48c0b290e7be9c4626dafc19af4fdfbc2db1f34584f8d4873669964d2,6e98a05f682972c6b753bb0970bd0d8ea40ea481,unreproduced,
N-LEGACY51-0048-SUPPLIED_P_VALUE,0.0088,proportion_or_dimensionless_as_labeled,src/barnabus/analysis.py,legacy51.csv,f33859fef494be6df07ab0f3b77d778e84ea3365daff09d484711c9f7995819f,83b9cec48c0b290e7be9c4626dafc19af4fdfbc2db1f34584f8d4873669964d2,6e98a05f682972c6b753bb0970bd0d8ea40ea481,unreproduced,
N-LEGACY51-0048-P_ADJUSTED_HOLM,1.0,dimensionless,src/barnabus/analysis.py,legacy51.csv,f33859fef494be6df07ab0f3b77d778e84ea3365daff09d484711c9f7995819f,83b9cec48c0b290e7be9c4626dafc19af4fdfbc2db1f34584f8d4873669964d2,6e98a05f682972c6b753bb0970bd0d8ea40ea481,unreproduced,
N-LEGACY51-0048-SUPPLIED_P_ADJUSTED_HOLM,0.35200000000000004,dimensionless,src/barnabus/analysis.py,legacy51.csv,f33859fef494be6df07ab0f3b77d778e84ea3365daff09d484711c9f7995819f,83b9cec48c0b290e7be9c4626dafc19af4fdfbc2db1f34584f8d4873669964d2,6e98a05f682972c6b753bb0970bd0d8ea40ea481,unreproduced,
N-LEGACY51-0049-N_BEFORE,6579,count,src/barnabus/analysis.py,legacy51.csv,f33859fef494be6df07ab0f3b77d778e84ea3365daff09d484711c9f7995819f,83b9cec48c0b290e7be9c4626dafc19af4fdfbc2db1f34584f8d4873669964d2,6e98a05f682972c6b753bb0970bd0d8ea40ea481,unreproduced,
N-LEGACY51-0049-N_AFTER,1703,count,src/barnabus/analysis.py,legacy51.csv,f33859fef494be6df07ab0f3b77d778e84ea3365daff09d484711c9f7995819f,83b9cec48c0b290e7be9c4626dafc19af4fdfbc2db1f34584f8d4873669964d2,6e98a05f682972c6b753bb0970bd0d8ea40ea481,unreproduced,
N-LEGACY51-0049-DIFF,-0.030555950502484067,proportion_or_dimensionless_as_labeled,src/barnabus/analysis.py,legacy51.csv,f33859fef494be6df07ab0f3b77d778e84ea3365daff09d484711c9f7995819f,83b9cec48c0b290e7be9c4626dafc19af4fdfbc2db1f34584f8d4873669964d2,6e98a05f682972c6b753bb0970bd0d8ea40ea481,unreproduced,
N-LEGACY51-0049-P_VALUE,0.0005139639763956444,proportion_or_dimensionless_as_labeled,src/barnabus/analysis.py,legacy51.csv,f33859fef494be6df07ab0f3b77d778e84ea3365daff09d484711c9f7995819f,83b9cec48c0b290e7be9c4626dafc19af4fdfbc2db1f34584f8d4873669964d2,6e98a05f682972c6b753bb0970bd0d8ea40ea481,unreproduced,
N-LEGACY51-0049-SUPPLIED_N_BEFORE,6808,dimensionless,src/barnabus/analysis.py,legacy51.csv,f33859fef494be6df07ab0f3b77d778e84ea3365daff09d484711c9f7995819f,83b9cec48c0b290e7be9c4626dafc19af4fdfbc2db1f34584f8d4873669964d2,6e98a05f682972c6b753bb0970bd0d8ea40ea481,unreproduced,
N-LEGACY51-0049-SUPPLIED_N_AFTER,2235,dimensionless,src/barnabus/analysis.py,legacy51.csv,f33859fef494be6df07ab0f3b77d778e84ea3365daff09d484711c9f7995819f,83b9cec48c0b290e7be9c4626dafc19af4fdfbc2db1f34584f8d4873669964d2,6e98a05f682972c6b753bb0970bd0d8ea40ea481,unreproduced,
N-LEGACY51-0049-SUPPLIED_DIFF,-0.0199,dimensionless,src/barnabus/analysis.py,legacy51.csv,f33859fef494be6df07ab0f3b77d778e84ea3365daff09d484711c9f7995819f,83b9cec48c0b290e7be9c4626dafc19af4fdfbc2db1f34584f8d4873669964d2,6e98a05f682972c6b753bb0970bd0d8ea40ea481,unreproduced,
N-LEGACY51-0049-SUPPLIED_P_VALUE,0.004,proportion_or_dimensionless_as_labeled,src/barnabus/analysis.py,legacy51.csv,f33859fef494be6df07ab0f3b77d778e84ea3365daff09d484711c9f7995819f,83b9cec48c0b290e7be9c4626dafc19af4fdfbc2db1f34584f8d4873669964d2,6e98a05f682972c6b753bb0970bd0d8ea40ea481,unreproduced,
N-LEGACY51-0049-P_ADJUSTED_HOLM,0.025698198819782223,dimensionless,src/barnabus/analysis.py,legacy51.csv,f33859fef494be6df07ab0f3b77d778e84ea3365daff09d484711c9f7995819f,83b9cec48c0b290e7be9c4626dafc19af4fdfbc2db1f34584f8d4873669964d2,6e98a05f682972c6b753bb0970bd0d8ea40ea481,unreproduced,
N-LEGACY51-0049-SUPPLIED_P_ADJUSTED_HOLM,0.17200000000000001,dimensionless,src/barnabus/analysis.py,legacy51.csv,f33859fef494be6df07ab0f3b77d778e84ea3365daff09d484711c9f7995819f,83b9cec48c0b290e7be9c4626dafc19af4fdfbc2db1f34584f8d4873669964d2,6e98a05f682972c6b753bb0970bd0d8ea40ea481,unreproduced,
N-LEGACY51-0050-N_BEFORE,5090,count,src/barnabus/analysis.py,legacy51.csv,f33859fef494be6df07ab0f3b77d778e84ea3365daff09d484711c9f7995819f,83b9cec48c0b290e7be9c4626dafc19af4fdfbc2db1f34584f8d4873669964d2,6e98a05f682972c6b753bb0970bd0d8ea40ea481,unreproduced,
N-LEGACY51-0050-N_AFTER,1282,count,src/barnabus/analysis.py,legacy51.csv,f33859fef494be6df07ab0f3b77d778e84ea3365daff09d484711c9f7995819f,83b9cec48c0b290e7be9c4626dafc19af4fdfbc2db1f34584f8d4873669964d2,6e98a05f682972c6b753bb0970bd0d8ea40ea481,unreproduced,
N-LEGACY51-0050-DIFF,-0.0013188503964520204,proportion_or_dimensionless_as_labeled,src/barnabus/analysis.py,legacy51.csv,f33859fef494be6df07ab0f3b77d778e84ea3365daff09d484711c9f7995819f,83b9cec48c0b290e7be9c4626dafc19af4fdfbc2db1f34584f8d4873669964d2,6e98a05f682972c6b753bb0970bd0d8ea40ea481,unreproduced,
N-LEGACY51-0050-P_VALUE,0.8984808649133482,proportion_or_dimensionless_as_labeled,src/barnabus/analysis.py,legacy51.csv,f33859fef494be6df07ab0f3b77d778e84ea3365daff09d484711c9f7995819f,83b9cec48c0b290e7be9c4626dafc19af4fdfbc2db1f34584f8d4873669964d2,6e98a05f682972c6b753bb0970bd0d8ea40ea481,unreproduced,
N-LEGACY51-0050-SUPPLIED_N_BEFORE,4852,dimensionless,src/barnabus/analysis.py,legacy51.csv,f33859fef494be6df07ab0f3b77d778e84ea3365daff09d484711c9f7995819f,83b9cec48c0b290e7be9c4626dafc19af4fdfbc2db1f34584f8d4873669964d2,6e98a05f682972c6b753bb0970bd0d8ea40ea481,unreproduced,
N-LEGACY51-0050-SUPPLIED_N_AFTER,1600,dimensionless,src/barnabus/analysis.py,legacy51.csv,f33859fef494be6df07ab0f3b77d778e84ea3365daff09d484711c9f7995819f,83b9cec48c0b290e7be9c4626dafc19af4fdfbc2db1f34584f8d4873669964d2,6e98a05f682972c6b753bb0970bd0d8ea40ea481,unreproduced,
N-LEGACY51-0050-SUPPLIED_DIFF,-0.0074,dimensionless,src/barnabus/analysis.py,legacy51.csv,f33859fef494be6df07ab0f3b77d778e84ea3365daff09d484711c9f7995819f,83b9cec48c0b290e7be9c4626dafc19af4fdfbc2db1f34584f8d4873669964d2,6e98a05f682972c6b753bb0970bd0d8ea40ea481,unreproduced,
N-LEGACY51-0050-SUPPLIED_P_VALUE,0.3817,proportion_or_dimensionless_as_labeled,src/barnabus/analysis.py,legacy51.csv,f33859fef494be6df07ab0f3b77d778e84ea3365daff09d484711c9f7995819f,83b9cec48c0b290e7be9c4626dafc19af4fdfbc2db1f34584f8d4873669964d2,6e98a05f682972c6b753bb0970bd0d8ea40ea481,unreproduced,
N-LEGACY51-0050-P_ADJUSTED_HOLM,1.0,dimensionless,src/barnabus/analysis.py,legacy51.csv,f33859fef494be6df07ab0f3b77d778e84ea3365daff09d484711c9f7995819f,83b9cec48c0b290e7be9c4626dafc19af4fdfbc2db1f34584f8d4873669964d2,6e98a05f682972c6b753bb0970bd0d8ea40ea481,unreproduced,
N-LEGACY51-0050-SUPPLIED_P_ADJUSTED_HOLM,1.0,dimensionless,src/barnabus/analysis.py,legacy51.csv,f33859fef494be6df07ab0f3b77d778e84ea3365daff09d484711c9f7995819f,83b9cec48c0b290e7be9c4626dafc19af4fdfbc2db1f34584f8d4873669964d2,6e98a05f682972c6b753bb0970bd0d8ea40ea481,unreproduced,
N-LEGACY51-0051-N_BEFORE,12385,count,src/barnabus/analysis.py,legacy51.csv,f33859fef494be6df07ab0f3b77d778e84ea3365daff09d484711c9f7995819f,83b9cec48c0b290e7be9c4626dafc19af4fdfbc2db1f34584f8d4873669964d2,6e98a05f682972c6b753bb0970bd0d8ea40ea481,unreproduced,
N-LEGACY51-0051-N_AFTER,3254,count,src/barnabus/analysis.py,legacy51.csv,f33859fef494be6df07ab0f3b77d778e84ea3365daff09d484711c9f7995819f,83b9cec48c0b290e7be9c4626dafc19af4fdfbc2db1f34584f8d4873669964d2,6e98a05f682972c6b753bb0970bd0d8ea40ea481,unreproduced,
N-LEGACY51-0051-DIFF,-0.01306495480609686,proportion_or_dimensionless_as_labeled,src/barnabus/analysis.py,legacy51.csv,f33859fef494be6df07ab0f3b77d778e84ea3365daff09d484711c9f7995819f,83b9cec48c0b290e7be9c4626dafc19af4fdfbc2db1f34584f8d4873669964d2,6e98a05f682972c6b753bb0970bd0d8ea40ea481,unreproduced,
N-LEGACY51-0051-P_VALUE,0.04197346221859434,proportion_or_dimensionless_as_labeled,src/barnabus/analysis.py,legacy51.csv,f33859fef494be6df07ab0f3b77d778e84ea3365daff09d484711c9f7995819f,83b9cec48c0b290e7be9c4626dafc19af4fdfbc2db1f34584f8d4873669964d2,6e98a05f682972c6b753bb0970bd0d8ea40ea481,unreproduced,
N-LEGACY51-0051-SUPPLIED_N_BEFORE,11699,dimensionless,src/barnabus/analysis.py,legacy51.csv,f33859fef494be6df07ab0f3b77d778e84ea3365daff09d484711c9f7995819f,83b9cec48c0b290e7be9c4626dafc19af4fdfbc2db1f34584f8d4873669964d2,6e98a05f682972c6b753bb0970bd0d8ea40ea481,unreproduced,
N-LEGACY51-0051-SUPPLIED_N_AFTER,3959,dimensionless,src/barnabus/analysis.py,legacy51.csv,f33859fef494be6df07ab0f3b77d778e84ea3365daff09d484711c9f7995819f,83b9cec48c0b290e7be9c4626dafc19af4fdfbc2db1f34584f8d4873669964d2,6e98a05f682972c6b753bb0970bd0d8ea40ea481,unreproduced,
N-LEGACY51-0051-SUPPLIED_DIFF,-0.0135,dimensionless,src/barnabus/analysis.py,legacy51.csv,f33859fef494be6df07ab0f3b77d778e84ea3365daff09d484711c9f7995819f,83b9cec48c0b290e7be9c4626dafc19af4fdfbc2db1f34584f8d4873669964d2,6e98a05f682972c6b753bb0970bd0d8ea40ea481,unreproduced,
N-LEGACY51-0051-SUPPLIED_P_VALUE,0.0106,proportion_or_dimensionless_as_labeled,src/barnabus/analysis.py,legacy51.csv,f33859fef494be6df07ab0f3b77d778e84ea3365daff09d484711c9f7995819f,83b9cec48c0b290e7be9c4626dafc19af4fdfbc2db1f34584f8d4873669964d2,6e98a05f682972c6b753bb0970bd0d8ea40ea481,unreproduced,
N-LEGACY51-0051-P_ADJUSTED_HOLM,1.0,dimensionless,src/barnabus/analysis.py,legacy51.csv,f33859fef494be6df07ab0f3b77d778e84ea3365daff09d484711c9f7995819f,83b9cec48c0b290e7be9c4626dafc19af4fdfbc2db1f34584f8d4873669964d2,6e98a05f682972c6b753bb0970bd0d8ea40ea481,unreproduced,
N-LEGACY51-0051-SUPPLIED_P_ADJUSTED_HOLM,0.4028,dimensionless,src/barnabus/analysis.py,legacy51.csv,f33859fef494be6df07ab0f3b77d778e84ea3365daff09d484711c9f7995819f,83b9cec48c0b290e7be9c4626dafc19af4fdfbc2db1f34584f8d4873669964d2,6e98a05f682972c6b753bb0970bd0d8ea40ea481,unreproduced,
N-MULTIPLICITY-0001-P_VALUE,0.7531,proportion_or_dimensionless_as_labeled,src/barnabus/analysis.py,multiplicity.csv,f33859fef494be6df07ab0f3b77d778e84ea3365daff09d484711c9f7995819f,83b9cec48c0b290e7be9c4626dafc19af4fdfbc2db1f34584f8d4873669964d2,6e98a05f682972c6b753bb0970bd0d8ea40ea481,sensitivity_only,
N-MULTIPLICITY-0001-P_ADJUSTED,1.0,dimensionless,src/barnabus/analysis.py,multiplicity.csv,f33859fef494be6df07ab0f3b77d778e84ea3365daff09d484711c9f7995819f,83b9cec48c0b290e7be9c4626dafc19af4fdfbc2db1f34584f8d4873669964d2,6e98a05f682972c6b753bb0970bd0d8ea40ea481,sensitivity_only,
N-MULTIPLICITY-0002-P_VALUE,0.0272,proportion_or_dimensionless_as_labeled,src/barnabus/analysis.py,multiplicity.csv,f33859fef494be6df07ab0f3b77d778e84ea3365daff09d484711c9f7995819f,83b9cec48c0b290e7be9c4626dafc19af4fdfbc2db1f34584f8d4873669964d2,6e98a05f682972c6b753bb0970bd0d8ea40ea481,sensitivity_only,
N-MULTIPLICITY-0002-P_ADJUSTED,0.08159999999999999,dimensionless,src/barnabus/analysis.py,multiplicity.csv,f33859fef494be6df07ab0f3b77d778e84ea3365daff09d484711c9f7995819f,83b9cec48c0b290e7be9c4626dafc19af4fdfbc2db1f34584f8d4873669964d2,6e98a05f682972c6b753bb0970bd0d8ea40ea481,sensitivity_only,
N-MULTIPLICITY-0003-P_VALUE,0.8442844284428442,proportion_or_dimensionless_as_labeled,src/barnabus/analysis.py,multiplicity.csv,f33859fef494be6df07ab0f3b77d778e84ea3365daff09d484711c9f7995819f,83b9cec48c0b290e7be9c4626dafc19af4fdfbc2db1f34584f8d4873669964d2,6e98a05f682972c6b753bb0970bd0d8ea40ea481,sensitivity_only,
N-MULTIPLICITY-0003-P_ADJUSTED,1.0,dimensionless,src/barnabus/analysis.py,multiplicity.csv,f33859fef494be6df07ab0f3b77d778e84ea3365daff09d484711c9f7995819f,83b9cec48c0b290e7be9c4626dafc19af4fdfbc2db1f34584f8d4873669964d2,6e98a05f682972c6b753bb0970bd0d8ea40ea481,sensitivity_only,
N-MULTIPLICITY-0004-P_VALUE,0.9301,proportion_or_dimensionless_as_labeled,src/barnabus/analysis.py,multiplicity.csv,f33859fef494be6df07ab0f3b77d778e84ea3365daff09d484711c9f7995819f,83b9cec48c0b290e7be9c4626dafc19af4fdfbc2db1f34584f8d4873669964d2,6e98a05f682972c6b753bb0970bd0d8ea40ea481,unreproduced,
N-MULTIPLICITY-0004-P_ADJUSTED,1.0,dimensionless,src/barnabus/analysis.py,multiplicity.csv,f33859fef494be6df07ab0f3b77d778e84ea3365daff09d484711c9f7995819f,83b9cec48c0b290e7be9c4626dafc19af4fdfbc2db1f34584f8d4873669964d2,6e98a05f682972c6b753bb0970bd0d8ea40ea481,unreproduced,
N-MULTIPLICITY-0005-P_VALUE,0.0012,proportion_or_dimensionless_as_labeled,src/barnabus/analysis.py,multiplicity.csv,f33859fef494be6df07ab0f3b77d778e84ea3365daff09d484711c9f7995819f,83b9cec48c0b290e7be9c4626dafc19af4fdfbc2db1f34584f8d4873669964d2,6e98a05f682972c6b753bb0970bd0d8ea40ea481,unreproduced,
N-MULTIPLICITY-0005-P_ADJUSTED,0.05519999999999999,dimensionless,src/barnabus/analysis.py,multiplicity.csv,f33859fef494be6df07ab0f3b77d778e84ea3365daff09d484711c9f7995819f,83b9cec48c0b290e7be9c4626dafc19af4fdfbc2db1f34584f8d4873669964d2,6e98a05f682972c6b753bb0970bd0d8ea40ea481,unreproduced,
N-MULTIPLICITY-0006-P_VALUE,0.2769,proportion_or_dimensionless_as_labeled,src/barnabus/analysis.py,multiplicity.csv,f33859fef494be6df07ab0f3b77d778e84ea3365daff09d484711c9f7995819f,83b9cec48c0b290e7be9c4626dafc19af4fdfbc2db1f34584f8d4873669964d2,6e98a05f682972c6b753bb0970bd0d8ea40ea481,unreproduced,
N-MULTIPLICITY-0006-P_ADJUSTED,1.0,dimensionless,src/barnabus/analysis.py,multiplicity.csv,f33859fef494be6df07ab0f3b77d778e84ea3365daff09d484711c9f7995819f,83b9cec48c0b290e7be9c4626dafc19af4fdfbc2db1f34584f8d4873669964d2,6e98a05f682972c6b753bb0970bd0d8ea40ea481,unreproduced,
N-MULTIPLICITY-0007-P_VALUE,0.0368,proportion_or_dimensionless_as_labeled,src/barnabus/analysis.py,multiplicity.csv,f33859fef494be6df07ab0f3b77d778e84ea3365daff09d484711c9f7995819f,83b9cec48c0b290e7be9c4626dafc19af4fdfbc2db1f34584f8d4873669964d2,6e98a05f682972c6b753bb0970bd0d8ea40ea481,unreproduced,
N-MULTIPLICITY-0007-P_ADJUSTED,1.0,dimensionless,src/barnabus/analysis.py,multiplicity.csv,f33859fef494be6df07ab0f3b77d778e84ea3365daff09d484711c9f7995819f,83b9cec48c0b290e7be9c4626dafc19af4fdfbc2db1f34584f8d4873669964d2,6e98a05f682972c6b753bb0970bd0d8ea40ea481,unreproduced,
N-MULTIPLICITY-0008-P_VALUE,0.8201,proportion_or_dimensionless_as_labeled,src/barnabus/analysis.py,multiplicity.csv,f33859fef494be6df07ab0f3b77d778e84ea3365daff09d484711c9f7995819f,83b9cec48c0b290e7be9c4626dafc19af4fdfbc2db1f34584f8d4873669964d2,6e98a05f682972c6b753bb0970bd0d8ea40ea481,unreproduced,
N-MULTIPLICITY-0008-P_ADJUSTED,1.0,dimensionless,src/barnabus/analysis.py,multiplicity.csv,f33859fef494be6df07ab0f3b77d778e84ea3365daff09d484711c9f7995819f,83b9cec48c0b290e7be9c4626dafc19af4fdfbc2db1f34584f8d4873669964d2,6e98a05f682972c6b753bb0970bd0d8ea40ea481,unreproduced,
N-MULTIPLICITY-0009-P_VALUE,0.0507,proportion_or_dimensionless_as_labeled,src/barnabus/analysis.py,multiplicity.csv,f33859fef494be6df07ab0f3b77d778e84ea3365daff09d484711c9f7995819f,83b9cec48c0b290e7be9c4626dafc19af4fdfbc2db1f34584f8d4873669964d2,6e98a05f682972c6b753bb0970bd0d8ea40ea481,unreproduced,
N-MULTIPLICITY-0009-P_ADJUSTED,1.0,dimensionless,src/barnabus/analysis.py,multiplicity.csv,f33859fef494be6df07ab0f3b77d778e84ea3365daff09d484711c9f7995819f,83b9cec48c0b290e7be9c4626dafc19af4fdfbc2db1f34584f8d4873669964d2,6e98a05f682972c6b753bb0970bd0d8ea40ea481,unreproduced,
N-MULTIPLICITY-0010-P_VALUE,0.0015,proportion_or_dimensionless_as_labeled,src/barnabus/analysis.py,multiplicity.csv,f33859fef494be6df07ab0f3b77d778e84ea3365daff09d484711c9f7995819f,83b9cec48c0b290e7be9c4626dafc19af4fdfbc2db1f34584f8d4873669964d2,6e98a05f682972c6b753bb0970bd0d8ea40ea481,unreproduced,
N-MULTIPLICITY-0010-P_ADJUSTED,0.066,dimensionless,src/barnabus/analysis.py,multiplicity.csv,f33859fef494be6df07ab0f3b77d778e84ea3365daff09d484711c9f7995819f,83b9cec48c0b290e7be9c4626dafc19af4fdfbc2db1f34584f8d4873669964d2,6e98a05f682972c6b753bb0970bd0d8ea40ea481,unreproduced,
N-MULTIPLICITY-0011-P_VALUE,0.5598,proportion_or_dimensionless_as_labeled,src/barnabus/analysis.py,multiplicity.csv,f33859fef494be6df07ab0f3b77d778e84ea3365daff09d484711c9f7995819f,83b9cec48c0b290e7be9c4626dafc19af4fdfbc2db1f34584f8d4873669964d2,6e98a05f682972c6b753bb0970bd0d8ea40ea481,unreproduced,
N-MULTIPLICITY-0011-P_ADJUSTED,1.0,dimensionless,src/barnabus/analysis.py,multiplicity.csv,f33859fef494be6df07ab0f3b77d778e84ea3365daff09d484711c9f7995819f,83b9cec48c0b290e7be9c4626dafc19af4fdfbc2db1f34584f8d4873669964d2,6e98a05f682972c6b753bb0970bd0d8ea40ea481,unreproduced,
N-MULTIPLICITY-0012-P_VALUE,0.0485,proportion_or_dimensionless_as_labeled,src/barnabus/analysis.py,multiplicity.csv,f33859fef494be6df07ab0f3b77d778e84ea3365daff09d484711c9f7995819f,83b9cec48c0b290e7be9c4626dafc19af4fdfbc2db1f34584f8d4873669964d2,6e98a05f682972c6b753bb0970bd0d8ea40ea481,unreproduced,
N-MULTIPLICITY-0012-P_ADJUSTED,1.0,dimensionless,src/barnabus/analysis.py,multiplicity.csv,f33859fef494be6df07ab0f3b77d778e84ea3365daff09d484711c9f7995819f,83b9cec48c0b290e7be9c4626dafc19af4fdfbc2db1f34584f8d4873669964d2,6e98a05f682972c6b753bb0970bd0d8ea40ea481,unreproduced,
N-MULTIPLICITY-0013-P_VALUE,0.0491,proportion_or_dimensionless_as_labeled,src/barnabus/analysis.py,multiplicity.csv,f33859fef494be6df07ab0f3b77d778e84ea3365daff09d484711c9f7995819f,83b9cec48c0b290e7be9c4626dafc19af4fdfbc2db1f34584f8d4873669964d2,6e98a05f682972c6b753bb0970bd0d8ea40ea481,unreproduced,
N-MULTIPLICITY-0013-P_ADJUSTED,1.0,dimensionless,src/barnabus/analysis.py,multiplicity.csv,f33859fef494be6df07ab0f3b77d778e84ea3365daff09d484711c9f7995819f,83b9cec48c0b290e7be9c4626dafc19af4fdfbc2db1f34584f8d4873669964d2,6e98a05f682972c6b753bb0970bd0d8ea40ea481,unreproduced,
N-MULTIPLICITY-0014-P_VALUE,0.1972,proportion_or_dimensionless_as_labeled,src/barnabus/analysis.py,multiplicity.csv,f33859fef494be6df07ab0f3b77d778e84ea3365daff09d484711c9f7995819f,83b9cec48c0b290e7be9c4626dafc19af4fdfbc2db1f34584f8d4873669964d2,6e98a05f682972c6b753bb0970bd0d8ea40ea481,unreproduced,
N-MULTIPLICITY-0014-P_ADJUSTED,1.0,dimensionless,src/barnabus/analysis.py,multiplicity.csv,f33859fef494be6df07ab0f3b77d778e84ea3365daff09d484711c9f7995819f,83b9cec48c0b290e7be9c4626dafc19af4fdfbc2db1f34584f8d4873669964d2,6e98a05f682972c6b753bb0970bd0d8ea40ea481,unreproduced,
N-MULTIPLICITY-0015-P_VALUE,0.4883,proportion_or_dimensionless_as_labeled,src/barnabus/analysis.py,multiplicity.csv,f33859fef494be6df07ab0f3b77d778e84ea3365daff09d484711c9f7995819f,83b9cec48c0b290e7be9c4626dafc19af4fdfbc2db1f34584f8d4873669964d2,6e98a05f682972c6b753bb0970bd0d8ea40ea481,unreproduced,
N-MULTIPLICITY-0015-P_ADJUSTED,1.0,dimensionless,src/barnabus/analysis.py,multiplicity.csv,f33859fef494be6df07ab0f3b77d778e84ea3365daff09d484711c9f7995819f,83b9cec48c0b290e7be9c4626dafc19af4fdfbc2db1f34584f8d4873669964d2,6e98a05f682972c6b753bb0970bd0d8ea40ea481,unreproduced,
N-MULTIPLICITY-0016-P_VALUE,0.4002,proportion_or_dimensionless_as_labeled,src/barnabus/analysis.py,multiplicity.csv,f33859fef494be6df07ab0f3b77d778e84ea3365daff09d484711c9f7995819f,83b9cec48c0b290e7be9c4626dafc19af4fdfbc2db1f34584f8d4873669964d2,6e98a05f682972c6b753bb0970bd0d8ea40ea481,unreproduced,
N-MULTIPLICITY-0016-P_ADJUSTED,1.0,dimensionless,src/barnabus/analysis.py,multiplicity.csv,f33859fef494be6df07ab0f3b77d778e84ea3365daff09d484711c9f7995819f,83b9cec48c0b290e7be9c4626dafc19af4fdfbc2db1f34584f8d4873669964d2,6e98a05f682972c6b753bb0970bd0d8ea40ea481,unreproduced,
N-MULTIPLICITY-0017-P_VALUE,0.3235,proportion_or_dimensionless_as_labeled,src/barnabus/analysis.py,multiplicity.csv,f33859fef494be6df07ab0f3b77d778e84ea3365daff09d484711c9f7995819f,83b9cec48c0b290e7be9c4626dafc19af4fdfbc2db1f34584f8d4873669964d2,6e98a05f682972c6b753bb0970bd0d8ea40ea481,unreproduced,
N-MULTIPLICITY-0017-P_ADJUSTED,1.0,dimensionless,src/barnabus/analysis.py,multiplicity.csv,f33859fef494be6df07ab0f3b77d778e84ea3365daff09d484711c9f7995819f,83b9cec48c0b290e7be9c4626dafc19af4fdfbc2db1f34584f8d4873669964d2,6e98a05f682972c6b753bb0970bd0d8ea40ea481,unreproduced,
N-MULTIPLICITY-0018-P_VALUE,0.8465,proportion_or_dimensionless_as_labeled,src/barnabus/analysis.py,multiplicity.csv,f33859fef494be6df07ab0f3b77d778e84ea3365daff09d484711c9f7995819f,83b9cec48c0b290e7be9c4626dafc19af4fdfbc2db1f34584f8d4873669964d2,6e98a05f682972c6b753bb0970bd0d8ea40ea481,unreproduced,
N-MULTIPLICITY-0018-P_ADJUSTED,1.0,dimensionless,src/barnabus/analysis.py,multiplicity.csv,f33859fef494be6df07ab0f3b77d778e84ea3365daff09d484711c9f7995819f,83b9cec48c0b290e7be9c4626dafc19af4fdfbc2db1f34584f8d4873669964d2,6e98a05f682972c6b753bb0970bd0d8ea40ea481,unreproduced,
N-MULTIPLICITY-0019-P_VALUE,0.0014,proportion_or_dimensionless_as_labeled,src/barnabus/analysis.py,multiplicity.csv,f33859fef494be6df07ab0f3b77d778e84ea3365daff09d484711c9f7995819f,83b9cec48c0b290e7be9c4626dafc19af4fdfbc2db1f34584f8d4873669964d2,6e98a05f682972c6b753bb0970bd0d8ea40ea481,unreproduced,
N-MULTIPLICITY-0019-P_ADJUSTED,0.063,dimensionless,src/barnabus/analysis.py,multiplicity.csv,f33859fef494be6df07ab0f3b77d778e84ea3365daff09d484711c9f7995819f,83b9cec48c0b290e7be9c4626dafc19af4fdfbc2db1f34584f8d4873669964d2,6e98a05f682972c6b753bb0970bd0d8ea40ea481,unreproduced,
N-MULTIPLICITY-0020-P_VALUE,0.974,proportion_or_dimensionless_as_labeled,src/barnabus/analysis.py,multiplicity.csv,f33859fef494be6df07ab0f3b77d778e84ea3365daff09d484711c9f7995819f,83b9cec48c0b290e7be9c4626dafc19af4fdfbc2db1f34584f8d4873669964d2,6e98a05f682972c6b753bb0970bd0d8ea40ea481,unreproduced,
N-MULTIPLICITY-0020-P_ADJUSTED,1.0,dimensionless,src/barnabus/analysis.py,multiplicity.csv,f33859fef494be6df07ab0f3b77d778e84ea3365daff09d484711c9f7995819f,83b9cec48c0b290e7be9c4626dafc19af4fdfbc2db1f34584f8d4873669964d2,6e98a05f682972c6b753bb0970bd0d8ea40ea481,unreproduced,
N-MULTIPLICITY-0021-P_VALUE,0.012,proportion_or_dimensionless_as_labeled,src/barnabus/analysis.py,multiplicity.csv,f33859fef494be6df07ab0f3b77d778e84ea3365daff09d484711c9f7995819f,83b9cec48c0b290e7be9c4626dafc19af4fdfbc2db1f34584f8d4873669964d2,6e98a05f682972c6b753bb0970bd0d8ea40ea481,unreproduced,
N-MULTIPLICITY-0021-P_ADJUSTED,0.444,dimensionless,src/barnabus/analysis.py,multiplicity.csv,f33859fef494be6df07ab0f3b77d778e84ea3365daff09d484711c9f7995819f,83b9cec48c0b290e7be9c4626dafc19af4fdfbc2db1f34584f8d4873669964d2,6e98a05f682972c6b753bb0970bd0d8ea40ea481,unreproduced,
N-MULTIPLICITY-0022-P_VALUE,0.1972,proportion_or_dimensionless_as_labeled,src/barnabus/analysis.py,multiplicity.csv,f33859fef494be6df07ab0f3b77d778e84ea3365daff09d484711c9f7995819f,83b9cec48c0b290e7be9c4626dafc19af4fdfbc2db1f34584f8d4873669964d2,6e98a05f682972c6b753bb0970bd0d8ea40ea481,unreproduced,
N-MULTIPLICITY-0022-P_ADJUSTED,1.0,dimensionless,src/barnabus/analysis.py,multiplicity.csv,f33859fef494be6df07ab0f3b77d778e84ea3365daff09d484711c9f7995819f,83b9cec48c0b290e7be9c4626dafc19af4fdfbc2db1f34584f8d4873669964d2,6e98a05f682972c6b753bb0970bd0d8ea40ea481,unreproduced,
N-MULTIPLICITY-0023-P_VALUE,0.9787,proportion_or_dimensionless_as_labeled,src/barnabus/analysis.py,multiplicity.csv,f33859fef494be6df07ab0f3b77d778e84ea3365daff09d484711c9f7995819f,83b9cec48c0b290e7be9c4626dafc19af4fdfbc2db1f34584f8d4873669964d2,6e98a05f682972c6b753bb0970bd0d8ea40ea481,unreproduced,
N-MULTIPLICITY-0023-P_ADJUSTED,1.0,dimensionless,src/barnabus/analysis.py,multiplicity.csv,f33859fef494be6df07ab0f3b77d778e84ea3365daff09d484711c9f7995819f,83b9cec48c0b290e7be9c4626dafc19af4fdfbc2db1f34584f8d4873669964d2,6e98a05f682972c6b753bb0970bd0d8ea40ea481,unreproduced,
N-MULTIPLICITY-0024-P_VALUE,0.703,proportion_or_dimensionless_as_labeled,src/barnabus/analysis.py,multiplicity.csv,f33859fef494be6df07ab0f3b77d778e84ea3365daff09d484711c9f7995819f,83b9cec48c0b290e7be9c4626dafc19af4fdfbc2db1f34584f8d4873669964d2,6e98a05f682972c6b753bb0970bd0d8ea40ea481,unreproduced,
N-MULTIPLICITY-0024-P_ADJUSTED,1.0,dimensionless,src/barnabus/analysis.py,multiplicity.csv,f33859fef494be6df07ab0f3b77d778e84ea3365daff09d484711c9f7995819f,83b9cec48c0b290e7be9c4626dafc19af4fdfbc2db1f34584f8d4873669964d2,6e98a05f682972c6b753bb0970bd0d8ea40ea481,unreproduced,
N-MULTIPLICITY-0025-P_VALUE,0.0647,proportion_or_dimensionless_as_labeled,src/barnabus/analysis.py,multiplicity.csv,f33859fef494be6df07ab0f3b77d778e84ea3365daff09d484711c9f7995819f,83b9cec48c0b290e7be9c4626dafc19af4fdfbc2db1f34584f8d4873669964d2,6e98a05f682972c6b753bb0970bd0d8ea40ea481,unreproduced,
N-MULTIPLICITY-0025-P_ADJUSTED,1.0,dimensionless,src/barnabus/analysis.py,multiplicity.csv,f33859fef494be6df07ab0f3b77d778e84ea3365daff09d484711c9f7995819f,83b9cec48c0b290e7be9c4626dafc19af4fdfbc2db1f34584f8d4873669964d2,6e98a05f682972c6b753bb0970bd0d8ea40ea481,unreproduced,
N-MULTIPLICITY-0026-P_VALUE,0.5819,proportion_or_dimensionless_as_labeled,src/barnabus/analysis.py,multiplicity.csv,f33859fef494be6df07ab0f3b77d778e84ea3365daff09d484711c9f7995819f,83b9cec48c0b290e7be9c4626dafc19af4fdfbc2db1f34584f8d4873669964d2,6e98a05f682972c6b753bb0970bd0d8ea40ea481,unreproduced,
N-MULTIPLICITY-0026-P_ADJUSTED,1.0,dimensionless,src/barnabus/analysis.py,multiplicity.csv,f33859fef494be6df07ab0f3b77d778e84ea3365daff09d484711c9f7995819f,83b9cec48c0b290e7be9c4626dafc19af4fdfbc2db1f34584f8d4873669964d2,6e98a05f682972c6b753bb0970bd0d8ea40ea481,unreproduced,
N-MULTIPLICITY-0027-P_VALUE,0.272,proportion_or_dimensionless_as_labeled,src/barnabus/analysis.py,multiplicity.csv,f33859fef494be6df07ab0f3b77d778e84ea3365daff09d484711c9f7995819f,83b9cec48c0b290e7be9c4626dafc19af4fdfbc2db1f34584f8d4873669964d2,6e98a05f682972c6b753bb0970bd0d8ea40ea481,unreproduced,
N-MULTIPLICITY-0027-P_ADJUSTED,1.0,dimensionless,src/barnabus/analysis.py,multiplicity.csv,f33859fef494be6df07ab0f3b77d778e84ea3365daff09d484711c9f7995819f,83b9cec48c0b290e7be9c4626dafc19af4fdfbc2db1f34584f8d4873669964d2,6e98a05f682972c6b753bb0970bd0d8ea40ea481,unreproduced,
N-MULTIPLICITY-0028-P_VALUE,0.0088,proportion_or_dimensionless_as_labeled,src/barnabus/analysis.py,multiplicity.csv,f33859fef494be6df07ab0f3b77d778e84ea3365daff09d484711c9f7995819f,83b9cec48c0b290e7be9c4626dafc19af4fdfbc2db1f34584f8d4873669964d2,6e98a05f682972c6b753bb0970bd0d8ea40ea481,unreproduced,
N-MULTIPLICITY-0028-P_ADJUSTED,0.35200000000000004,dimensionless,src/barnabus/analysis.py,multiplicity.csv,f33859fef494be6df07ab0f3b77d778e84ea3365daff09d484711c9f7995819f,83b9cec48c0b290e7be9c4626dafc19af4fdfbc2db1f34584f8d4873669964d2,6e98a05f682972c6b753bb0970bd0d8ea40ea481,unreproduced,
N-MULTIPLICITY-0029-P_VALUE,0.1656,proportion_or_dimensionless_as_labeled,src/barnabus/analysis.py,multiplicity.csv,f33859fef494be6df07ab0f3b77d778e84ea3365daff09d484711c9f7995819f,83b9cec48c0b290e7be9c4626dafc19af4fdfbc2db1f34584f8d4873669964d2,6e98a05f682972c6b753bb0970bd0d8ea40ea481,unreproduced,
N-MULTIPLICITY-0029-P_ADJUSTED,1.0,dimensionless,src/barnabus/analysis.py,multiplicity.csv,f33859fef494be6df07ab0f3b77d778e84ea3365daff09d484711c9f7995819f,83b9cec48c0b290e7be9c4626dafc19af4fdfbc2db1f34584f8d4873669964d2,6e98a05f682972c6b753bb0970bd0d8ea40ea481,unreproduced,
N-MULTIPLICITY-0030-P_VALUE,0.02,proportion_or_dimensionless_as_labeled,src/barnabus/analysis.py,multiplicity.csv,f33859fef494be6df07ab0f3b77d778e84ea3365daff09d484711c9f7995819f,83b9cec48c0b290e7be9c4626dafc19af4fdfbc2db1f34584f8d4873669964d2,6e98a05f682972c6b753bb0970bd0d8ea40ea481,unreproduced,
N-MULTIPLICITY-0030-P_ADJUSTED,0.72,dimensionless,src/barnabus/analysis.py,multiplicity.csv,f33859fef494be6df07ab0f3b77d778e84ea3365daff09d484711c9f7995819f,83b9cec48c0b290e7be9c4626dafc19af4fdfbc2db1f34584f8d4873669964d2,6e98a05f682972c6b753bb0970bd0d8ea40ea481,unreproduced,
N-MULTIPLICITY-0031-P_VALUE,0.0955,proportion_or_dimensionless_as_labeled,src/barnabus/analysis.py,multiplicity.csv,f33859fef494be6df07ab0f3b77d778e84ea3365daff09d484711c9f7995819f,83b9cec48c0b290e7be9c4626dafc19af4fdfbc2db1f34584f8d4873669964d2,6e98a05f682972c6b753bb0970bd0d8ea40ea481,unreproduced,
N-MULTIPLICITY-0031-P_ADJUSTED,1.0,dimensionless,src/barnabus/analysis.py,multiplicity.csv,f33859fef494be6df07ab0f3b77d778e84ea3365daff09d484711c9f7995819f,83b9cec48c0b290e7be9c4626dafc19af4fdfbc2db1f34584f8d4873669964d2,6e98a05f682972c6b753bb0970bd0d8ea40ea481,unreproduced,
N-MULTIPLICITY-0032-P_VALUE,0.3377,proportion_or_dimensionless_as_labeled,src/barnabus/analysis.py,multiplicity.csv,f33859fef494be6df07ab0f3b77d778e84ea3365daff09d484711c9f7995819f,83b9cec48c0b290e7be9c4626dafc19af4fdfbc2db1f34584f8d4873669964d2,6e98a05f682972c6b753bb0970bd0d8ea40ea481,unreproduced,
N-MULTIPLICITY-0032-P_ADJUSTED,1.0,dimensionless,src/barnabus/analysis.py,multiplicity.csv,f33859fef494be6df07ab0f3b77d778e84ea3365daff09d484711c9f7995819f,83b9cec48c0b290e7be9c4626dafc19af4fdfbc2db1f34584f8d4873669964d2,6e98a05f682972c6b753bb0970bd0d8ea40ea481,unreproduced,
N-MULTIPLICITY-0033-P_VALUE,0.0237,proportion_or_dimensionless_as_labeled,src/barnabus/analysis.py,multiplicity.csv,f33859fef494be6df07ab0f3b77d778e84ea3365daff09d484711c9f7995819f,83b9cec48c0b290e7be9c4626dafc19af4fdfbc2db1f34584f8d4873669964d2,6e98a05f682972c6b753bb0970bd0d8ea40ea481,unreproduced,
N-MULTIPLICITY-0033-P_ADJUSTED,0.8294999999999999,dimensionless,src/barnabus/analysis.py,multiplicity.csv,f33859fef494be6df07ab0f3b77d778e84ea3365daff09d484711c9f7995819f,83b9cec48c0b290e7be9c4626dafc19af4fdfbc2db1f34584f8d4873669964d2,6e98a05f682972c6b753bb0970bd0d8ea40ea481,unreproduced,
N-MULTIPLICITY-0034-P_VALUE,0.0001,proportion_or_dimensionless_as_labeled,src/barnabus/analysis.py,multiplicity.csv,f33859fef494be6df07ab0f3b77d778e84ea3365daff09d484711c9f7995819f,83b9cec48c0b290e7be9c4626dafc19af4fdfbc2db1f34584f8d4873669964d2,6e98a05f682972c6b753bb0970bd0d8ea40ea481,unreproduced,
N-MULTIPLICITY-0034-P_ADJUSTED,0.0049,dimensionless,src/barnabus/analysis.py,multiplicity.csv,f33859fef494be6df07ab0f3b77d778e84ea3365daff09d484711c9f7995819f,83b9cec48c0b290e7be9c4626dafc19af4fdfbc2db1f34584f8d4873669964d2,6e98a05f682972c6b753bb0970bd0d8ea40ea481,unreproduced,
N-MULTIPLICITY-0035-P_VALUE,0.1225,proportion_or_dimensionless_as_labeled,src/barnabus/analysis.py,multiplicity.csv,f33859fef494be6df07ab0f3b77d778e84ea3365daff09d484711c9f7995819f,83b9cec48c0b290e7be9c4626dafc19af4fdfbc2db1f34584f8d4873669964d2,6e98a05f682972c6b753bb0970bd0d8ea40ea481,unreproduced,
N-MULTIPLICITY-0035-P_ADJUSTED,1.0,dimensionless,src/barnabus/analysis.py,multiplicity.csv,f33859fef494be6df07ab0f3b77d778e84ea3365daff09d484711c9f7995819f,83b9cec48c0b290e7be9c4626dafc19af4fdfbc2db1f34584f8d4873669964d2,6e98a05f682972c6b753bb0970bd0d8ea40ea481,unreproduced,
N-MULTIPLICITY-0036-P_VALUE,0.0,proportion_or_dimensionless_as_labeled,src/barnabus/analysis.py,multiplicity.csv,f33859fef494be6df07ab0f3b77d778e84ea3365daff09d484711c9f7995819f,83b9cec48c0b290e7be9c4626dafc19af4fdfbc2db1f34584f8d4873669964d2,6e98a05f682972c6b753bb0970bd0d8ea40ea481,unreproduced,
N-MULTIPLICITY-0036-P_ADJUSTED,0.0,dimensionless,src/barnabus/analysis.py,multiplicity.csv,f33859fef494be6df07ab0f3b77d778e84ea3365daff09d484711c9f7995819f,83b9cec48c0b290e7be9c4626dafc19af4fdfbc2db1f34584f8d4873669964d2,6e98a05f682972c6b753bb0970bd0d8ea40ea481,unreproduced,
N-MULTIPLICITY-0037-P_VALUE,0.03,proportion_or_dimensionless_as_labeled,src/barnabus/analysis.py,multiplicity.csv,f33859fef494be6df07ab0f3b77d778e84ea3365daff09d484711c9f7995819f,83b9cec48c0b290e7be9c4626dafc19af4fdfbc2db1f34584f8d4873669964d2,6e98a05f682972c6b753bb0970bd0d8ea40ea481,unreproduced,
N-MULTIPLICITY-0037-P_ADJUSTED,1.0,dimensionless,src/barnabus/analysis.py,multiplicity.csv,f33859fef494be6df07ab0f3b77d778e84ea3365daff09d484711c9f7995819f,83b9cec48c0b290e7be9c4626dafc19af4fdfbc2db1f34584f8d4873669964d2,6e98a05f682972c6b753bb0970bd0d8ea40ea481,unreproduced,
N-MULTIPLICITY-0038-P_VALUE,0.0045,proportion_or_dimensionless_as_labeled,src/barnabus/analysis.py,multiplicity.csv,f33859fef494be6df07ab0f3b77d778e84ea3365daff09d484711c9f7995819f,83b9cec48c0b290e7be9c4626dafc19af4fdfbc2db1f34584f8d4873669964d2,6e98a05f682972c6b753bb0970bd0d8ea40ea481,unreproduced,
N-MULTIPLICITY-0038-P_ADJUSTED,0.18899999999999997,dimensionless,src/barnabus/analysis.py,multiplicity.csv,f33859fef494be6df07ab0f3b77d778e84ea3365daff09d484711c9f7995819f,83b9cec48c0b290e7be9c4626dafc19af4fdfbc2db1f34584f8d4873669964d2,6e98a05f682972c6b753bb0970bd0d8ea40ea481,unreproduced,
N-MULTIPLICITY-0039-P_VALUE,0.0723,proportion_or_dimensionless_as_labeled,src/barnabus/analysis.py,multiplicity.csv,f33859fef494be6df07ab0f3b77d778e84ea3365daff09d484711c9f7995819f,83b9cec48c0b290e7be9c4626dafc19af4fdfbc2db1f34584f8d4873669964d2,6e98a05f682972c6b753bb0970bd0d8ea40ea481,unreproduced,
N-MULTIPLICITY-0039-P_ADJUSTED,1.0,dimensionless,src/barnabus/analysis.py,multiplicity.csv,f33859fef494be6df07ab0f3b77d778e84ea3365daff09d484711c9f7995819f,83b9cec48c0b290e7be9c4626dafc19af4fdfbc2db1f34584f8d4873669964d2,6e98a05f682972c6b753bb0970bd0d8ea40ea481,unreproduced,
N-MULTIPLICITY-0040-P_VALUE,0.7462,proportion_or_dimensionless_as_labeled,src/barnabus/analysis.py,multiplicity.csv,f33859fef494be6df07ab0f3b77d778e84ea3365daff09d484711c9f7995819f,83b9cec48c0b290e7be9c4626dafc19af4fdfbc2db1f34584f8d4873669964d2,6e98a05f682972c6b753bb0970bd0d8ea40ea481,unreproduced,
N-MULTIPLICITY-0040-P_ADJUSTED,1.0,dimensionless,src/barnabus/analysis.py,multiplicity.csv,f33859fef494be6df07ab0f3b77d778e84ea3365daff09d484711c9f7995819f,83b9cec48c0b290e7be9c4626dafc19af4fdfbc2db1f34584f8d4873669964d2,6e98a05f682972c6b753bb0970bd0d8ea40ea481,unreproduced,
N-MULTIPLICITY-0041-P_VALUE,0.3185,proportion_or_dimensionless_as_labeled,src/barnabus/analysis.py,multiplicity.csv,f33859fef494be6df07ab0f3b77d778e84ea3365daff09d484711c9f7995819f,83b9cec48c0b290e7be9c4626dafc19af4fdfbc2db1f34584f8d4873669964d2,6e98a05f682972c6b753bb0970bd0d8ea40ea481,unreproduced,
N-MULTIPLICITY-0041-P_ADJUSTED,1.0,dimensionless,src/barnabus/analysis.py,multiplicity.csv,f33859fef494be6df07ab0f3b77d778e84ea3365daff09d484711c9f7995819f,83b9cec48c0b290e7be9c4626dafc19af4fdfbc2db1f34584f8d4873669964d2,6e98a05f682972c6b753bb0970bd0d8ea40ea481,unreproduced,
N-MULTIPLICITY-0042-P_VALUE,0.0004,proportion_or_dimensionless_as_labeled,src/barnabus/analysis.py,multiplicity.csv,f33859fef494be6df07ab0f3b77d778e84ea3365daff09d484711c9f7995819f,83b9cec48c0b290e7be9c4626dafc19af4fdfbc2db1f34584f8d4873669964d2,6e98a05f682972c6b753bb0970bd0d8ea40ea481,unreproduced,
N-MULTIPLICITY-0042-P_ADJUSTED,0.0188,dimensionless,src/barnabus/analysis.py,multiplicity.csv,f33859fef494be6df07ab0f3b77d778e84ea3365daff09d484711c9f7995819f,83b9cec48c0b290e7be9c4626dafc19af4fdfbc2db1f34584f8d4873669964d2,6e98a05f682972c6b753bb0970bd0d8ea40ea481,unreproduced,
N-MULTIPLICITY-0043-P_VALUE,0.1972,proportion_or_dimensionless_as_labeled,src/barnabus/analysis.py,multiplicity.csv,f33859fef494be6df07ab0f3b77d778e84ea3365daff09d484711c9f7995819f,83b9cec48c0b290e7be9c4626dafc19af4fdfbc2db1f34584f8d4873669964d2,6e98a05f682972c6b753bb0970bd0d8ea40ea481,unreproduced,
N-MULTIPLICITY-0043-P_ADJUSTED,1.0,dimensionless,src/barnabus/analysis.py,multiplicity.csv,f33859fef494be6df07ab0f3b77d778e84ea3365daff09d484711c9f7995819f,83b9cec48c0b290e7be9c4626dafc19af4fdfbc2db1f34584f8d4873669964d2,6e98a05f682972c6b753bb0970bd0d8ea40ea481,unreproduced,
N-MULTIPLICITY-0044-P_VALUE,0.125,proportion_or_dimensionless_as_labeled,src/barnabus/analysis.py,multiplicity.csv,f33859fef494be6df07ab0f3b77d778e84ea3365daff09d484711c9f7995819f,83b9cec48c0b290e7be9c4626dafc19af4fdfbc2db1f34584f8d4873669964d2,6e98a05f682972c6b753bb0970bd0d8ea40ea481,unreproduced,
N-MULTIPLICITY-0044-P_ADJUSTED,1.0,dimensionless,src/barnabus/analysis.py,multiplicity.csv,f33859fef494be6df07ab0f3b77d778e84ea3365daff09d484711c9f7995819f,83b9cec48c0b290e7be9c4626dafc19af4fdfbc2db1f34584f8d4873669964d2,6e98a05f682972c6b753bb0970bd0d8ea40ea481,unreproduced,
N-MULTIPLICITY-0045-P_VALUE,0.123,proportion_or_dimensionless_as_labeled,src/barnabus/analysis.py,multiplicity.csv,f33859fef494be6df07ab0f3b77d778e84ea3365daff09d484711c9f7995819f,83b9cec48c0b290e7be9c4626dafc19af4fdfbc2db1f34584f8d4873669964d2,6e98a05f682972c6b753bb0970bd0d8ea40ea481,unreproduced,
N-MULTIPLICITY-0045-P_ADJUSTED,1.0,dimensionless,src/barnabus/analysis.py,multiplicity.csv,f33859fef494be6df07ab0f3b77d778e84ea3365daff09d484711c9f7995819f,83b9cec48c0b290e7be9c4626dafc19af4fdfbc2db1f34584f8d4873669964d2,6e98a05f682972c6b753bb0970bd0d8ea40ea481,unreproduced,
N-MULTIPLICITY-0046-P_VALUE,0.0001,proportion_or_dimensionless_as_labeled,src/barnabus/analysis.py,multiplicity.csv,f33859fef494be6df07ab0f3b77d778e84ea3365daff09d484711c9f7995819f,83b9cec48c0b290e7be9c4626dafc19af4fdfbc2db1f34584f8d4873669964d2,6e98a05f682972c6b753bb0970bd0d8ea40ea481,unreproduced,
N-MULTIPLICITY-0046-P_ADJUSTED,0.0049,dimensionless,src/barnabus/analysis.py,multiplicity.csv,f33859fef494be6df07ab0f3b77d778e84ea3365daff09d484711c9f7995819f,83b9cec48c0b290e7be9c4626dafc19af4fdfbc2db1f34584f8d4873669964d2,6e98a05f682972c6b753bb0970bd0d8ea40ea481,unreproduced,
N-MULTIPLICITY-0047-P_VALUE,0.8465,proportion_or_dimensionless_as_labeled,src/barnabus/analysis.py,multiplicity.csv,f33859fef494be6df07ab0f3b77d778e84ea3365daff09d484711c9f7995819f,83b9cec48c0b290e7be9c4626dafc19af4fdfbc2db1f34584f8d4873669964d2,6e98a05f682972c6b753bb0970bd0d8ea40ea481,unreproduced,
N-MULTIPLICITY-0047-P_ADJUSTED,1.0,dimensionless,src/barnabus/analysis.py,multiplicity.csv,f33859fef494be6df07ab0f3b77d778e84ea3365daff09d484711c9f7995819f,83b9cec48c0b290e7be9c4626dafc19af4fdfbc2db1f34584f8d4873669964d2,6e98a05f682972c6b753bb0970bd0d8ea40ea481,unreproduced,
N-MULTIPLICITY-0048-P_VALUE,0.0372,proportion_or_dimensionless_as_labeled,src/barnabus/analysis.py,multiplicity.csv,f33859fef494be6df07ab0f3b77d778e84ea3365daff09d484711c9f7995819f,83b9cec48c0b290e7be9c4626dafc19af4fdfbc2db1f34584f8d4873669964d2,6e98a05f682972c6b753bb0970bd0d8ea40ea481,unreproduced,
N-MULTIPLICITY-0048-P_ADJUSTED,1.0,dimensionless,src/barnabus/analysis.py,multiplicity.csv,f33859fef494be6df07ab0f3b77d778e84ea3365daff09d484711c9f7995819f,83b9cec48c0b290e7be9c4626dafc19af4fdfbc2db1f34584f8d4873669964d2,6e98a05f682972c6b753bb0970bd0d8ea40ea481,unreproduced,
N-MULTIPLICITY-0049-P_VALUE,0.0,proportion_or_dimensionless_as_labeled,src/barnabus/analysis.py,multiplicity.csv,f33859fef494be6df07ab0f3b77d778e84ea3365daff09d484711c9f7995819f,83b9cec48c0b290e7be9c4626dafc19af4fdfbc2db1f34584f8d4873669964d2,6e98a05f682972c6b753bb0970bd0d8ea40ea481,unreproduced,
N-MULTIPLICITY-0049-P_ADJUSTED,0.0,dimensionless,src/barnabus/analysis.py,multiplicity.csv,f33859fef494be6df07ab0f3b77d778e84ea3365daff09d484711c9f7995819f,83b9cec48c0b290e7be9c4626dafc19af4fdfbc2db1f34584f8d4873669964d2,6e98a05f682972c6b753bb0970bd0d8ea40ea481,unreproduced,
N-MULTIPLICITY-0050-P_VALUE,0.0071,proportion_or_dimensionless_as_labeled,src/barnabus/analysis.py,multiplicity.csv,f33859fef494be6df07ab0f3b77d778e84ea3365daff09d484711c9f7995819f,83b9cec48c0b290e7be9c4626dafc19af4fdfbc2db1f34584f8d4873669964d2,6e98a05f682972c6b753bb0970bd0d8ea40ea481,unreproduced,
N-MULTIPLICITY-0050-P_ADJUSTED,0.2911,dimensionless,src/barnabus/analysis.py,multiplicity.csv,f33859fef494be6df07ab0f3b77d778e84ea3365daff09d484711c9f7995819f,83b9cec48c0b290e7be9c4626dafc19af4fdfbc2db1f34584f8d4873669964d2,6e98a05f682972c6b753bb0970bd0d8ea40ea481,unreproduced,
N-MULTIPLICITY-0051-P_VALUE,0.0088,proportion_or_dimensionless_as_labeled,src/barnabus/analysis.py,multiplicity.csv,f33859fef494be6df07ab0f3b77d778e84ea3365daff09d484711c9f7995819f,83b9cec48c0b290e7be9c4626dafc19af4fdfbc2db1f34584f8d4873669964d2,6e98a05f682972c6b753bb0970bd0d8ea40ea481,unreproduced,
N-MULTIPLICITY-0051-P_ADJUSTED,0.35200000000000004,dimensionless,src/barnabus/analysis.py,multiplicity.csv,f33859fef494be6df07ab0f3b77d778e84ea3365daff09d484711c9f7995819f,83b9cec48c0b290e7be9c4626dafc19af4fdfbc2db1f34584f8d4873669964d2,6e98a05f682972c6b753bb0970bd0d8ea40ea481,unreproduced,
N-MULTIPLICITY-0052-P_VALUE,0.004,proportion_or_dimensionless_as_labeled,src/barnabus/analysis.py,multiplicity.csv,f33859fef494be6df07ab0f3b77d778e84ea3365daff09d484711c9f7995819f,83b9cec48c0b290e7be9c4626dafc19af4fdfbc2db1f34584f8d4873669964d2,6e98a05f682972c6b753bb0970bd0d8ea40ea481,unreproduced,
N-MULTIPLICITY-0052-P_ADJUSTED,0.17200000000000001,dimensionless,src/barnabus/analysis.py,multiplicity.csv,f33859fef494be6df07ab0f3b77d778e84ea3365daff09d484711c9f7995819f,83b9cec48c0b290e7be9c4626dafc19af4fdfbc2db1f34584f8d4873669964d2,6e98a05f682972c6b753bb0970bd0d8ea40ea481,unreproduced,
N-MULTIPLICITY-0053-P_VALUE,0.3817,proportion_or_dimensionless_as_labeled,src/barnabus/analysis.py,multiplicity.csv,f33859fef494be6df07ab0f3b77d778e84ea3365daff09d484711c9f7995819f,83b9cec48c0b290e7be9c4626dafc19af4fdfbc2db1f34584f8d4873669964d2,6e98a05f682972c6b753bb0970bd0d8ea40ea481,unreproduced,
N-MULTIPLICITY-0053-P_ADJUSTED,1.0,dimensionless,src/barnabus/analysis.py,multiplicity.csv,f33859fef494be6df07ab0f3b77d778e84ea3365daff09d484711c9f7995819f,83b9cec48c0b290e7be9c4626dafc19af4fdfbc2db1f34584f8d4873669964d2,6e98a05f682972c6b753bb0970bd0d8ea40ea481,unreproduced,
N-MULTIPLICITY-0054-P_VALUE,0.0106,proportion_or_dimensionless_as_labeled,src/barnabus/analysis.py,multiplicity.csv,f33859fef494be6df07ab0f3b77d778e84ea3365daff09d484711c9f7995819f,83b9cec48c0b290e7be9c4626dafc19af4fdfbc2db1f34584f8d4873669964d2,6e98a05f682972c6b753bb0970bd0d8ea40ea481,unreproduced,
N-MULTIPLICITY-0054-P_ADJUSTED,0.4028,dimensionless,src/barnabus/analysis.py,multiplicity.csv,f33859fef494be6df07ab0f3b77d778e84ea3365daff09d484711c9f7995819f,83b9cec48c0b290e7be9c4626dafc19af4fdfbc2db1f34584f8d4873669964d2,6e98a05f682972c6b753bb0970bd0d8ea40ea481,unreproduced,
N-MULTIPLICITY-0055-P_VALUE,0.715,proportion_or_dimensionless_as_labeled,src/barnabus/analysis.py,multiplicity.csv,f33859fef494be6df07ab0f3b77d778e84ea3365daff09d484711c9f7995819f,83b9cec48c0b290e7be9c4626dafc19af4fdfbc2db1f34584f8d4873669964d2,6e98a05f682972c6b753bb0970bd0d8ea40ea481,sensitivity_only,
N-MULTIPLICITY-0055-P_ADJUSTED,1.0,dimensionless,src/barnabus/analysis.py,multiplicity.csv,f33859fef494be6df07ab0f3b77d778e84ea3365daff09d484711c9f7995819f,83b9cec48c0b290e7be9c4626dafc19af4fdfbc2db1f34584f8d4873669964d2,6e98a05f682972c6b753bb0970bd0d8ea40ea481,sensitivity_only,
N-MULTIPLICITY-0056-P_VALUE,0.7975,proportion_or_dimensionless_as_labeled,src/barnabus/analysis.py,multiplicity.csv,f33859fef494be6df07ab0f3b77d778e84ea3365daff09d484711c9f7995819f,83b9cec48c0b290e7be9c4626dafc19af4fdfbc2db1f34584f8d4873669964d2,6e98a05f682972c6b753bb0970bd0d8ea40ea481,sensitivity_only,
N-MULTIPLICITY-0056-P_ADJUSTED,1.0,dimensionless,src/barnabus/analysis.py,multiplicity.csv,f33859fef494be6df07ab0f3b77d778e84ea3365daff09d484711c9f7995819f,83b9cec48c0b290e7be9c4626dafc19af4fdfbc2db1f34584f8d4873669964d2,6e98a05f682972c6b753bb0970bd0d8ea40ea481,sensitivity_only,
N-MULTIPLICITY-0057-P_VALUE,0.6438,proportion_or_dimensionless_as_labeled,src/barnabus/analysis.py,multiplicity.csv,f33859fef494be6df07ab0f3b77d778e84ea3365daff09d484711c9f7995819f,83b9cec48c0b290e7be9c4626dafc19af4fdfbc2db1f34584f8d4873669964d2,6e98a05f682972c6b753bb0970bd0d8ea40ea481,sensitivity_only,
N-MULTIPLICITY-0057-P_ADJUSTED,1.0,dimensionless,src/barnabus/analysis.py,multiplicity.csv,f33859fef494be6df07ab0f3b77d778e84ea3365daff09d484711c9f7995819f,83b9cec48c0b290e7be9c4626dafc19af4fdfbc2db1f34584f8d4873669964d2,6e98a05f682972c6b753bb0970bd0d8ea40ea481,sensitivity_only,
N-MULTIPLICITY-0058-P_VALUE,0.2935,proportion_or_dimensionless_as_labeled,src/barnabus/analysis.py,multiplicity.csv,f33859fef494be6df07ab0f3b77d778e84ea3365daff09d484711c9f7995819f,83b9cec48c0b290e7be9c4626dafc19af4fdfbc2db1f34584f8d4873669964d2,6e98a05f682972c6b753bb0970bd0d8ea40ea481,sensitivity_only,
N-MULTIPLICITY-0058-P_ADJUSTED,1.0,dimensionless,src/barnabus/analysis.py,multiplicity.csv,f33859fef494be6df07ab0f3b77d778e84ea3365daff09d484711c9f7995819f,83b9cec48c0b290e7be9c4626dafc19af4fdfbc2db1f34584f8d4873669964d2,6e98a05f682972c6b753bb0970bd0d8ea40ea481,sensitivity_only,
N-MULTIPLICITY-0059-P_VALUE,0.6702,proportion_or_dimensionless_as_labeled,src/barnabus/analysis.py,multiplicity.csv,f33859fef494be6df07ab0f3b77d778e84ea3365daff09d484711c9f7995819f,83b9cec48c0b290e7be9c4626dafc19af4fdfbc2db1f34584f8d4873669964d2,6e98a05f682972c6b753bb0970bd0d8ea40ea481,sensitivity_only,
N-MULTIPLICITY-0059-P_ADJUSTED,1.0,dimensionless,src/barnabus/analysis.py,multiplicity.csv,f33859fef494be6df07ab0f3b77d778e84ea3365daff09d484711c9f7995819f,83b9cec48c0b290e7be9c4626dafc19af4fdfbc2db1f34584f8d4873669964d2,6e98a05f682972c6b753bb0970bd0d8ea40ea481,sensitivity_only,
N-MULTIPLICITY-0060-P_VALUE,0.8544,proportion_or_dimensionless_as_labeled,src/barnabus/analysis.py,multiplicity.csv,f33859fef494be6df07ab0f3b77d778e84ea3365daff09d484711c9f7995819f,83b9cec48c0b290e7be9c4626dafc19af4fdfbc2db1f34584f8d4873669964d2,6e98a05f682972c6b753bb0970bd0d8ea40ea481,sensitivity_only,
N-MULTIPLICITY-0060-P_ADJUSTED,1.0,dimensionless,src/barnabus/analysis.py,multiplicity.csv,f33859fef494be6df07ab0f3b77d778e84ea3365daff09d484711c9f7995819f,83b9cec48c0b290e7be9c4626dafc19af4fdfbc2db1f34584f8d4873669964d2,6e98a05f682972c6b753bb0970bd0d8ea40ea481,sensitivity_only,
N-MULTIPLICITY-0061-P_VALUE,0.3285,proportion_or_dimensionless_as_labeled,src/barnabus/analysis.py,multiplicity.csv,f33859fef494be6df07ab0f3b77d778e84ea3365daff09d484711c9f7995819f,83b9cec48c0b290e7be9c4626dafc19af4fdfbc2db1f34584f8d4873669964d2,6e98a05f682972c6b753bb0970bd0d8ea40ea481,sensitivity_only,
N-MULTIPLICITY-0061-P_ADJUSTED,1.0,dimensionless,src/barnabus/analysis.py,multiplicity.csv,f33859fef494be6df07ab0f3b77d778e84ea3365daff09d484711c9f7995819f,83b9cec48c0b290e7be9c4626dafc19af4fdfbc2db1f34584f8d4873669964d2,6e98a05f682972c6b753bb0970bd0d8ea40ea481,sensitivity_only,
N-MULTIPLICITY-0062-P_VALUE,0.248,proportion_or_dimensionless_as_labeled,src/barnabus/analysis.py,multiplicity.csv,f33859fef494be6df07ab0f3b77d778e84ea3365daff09d484711c9f7995819f,83b9cec48c0b290e7be9c4626dafc19af4fdfbc2db1f34584f8d4873669964d2,6e98a05f682972c6b753bb0970bd0d8ea40ea481,sensitivity_only,
N-MULTIPLICITY-0062-P_ADJUSTED,1.0,dimensionless,src/barnabus/analysis.py,multiplicity.csv,f33859fef494be6df07ab0f3b77d778e84ea3365daff09d484711c9f7995819f,83b9cec48c0b290e7be9c4626dafc19af4fdfbc2db1f34584f8d4873669964d2,6e98a05f682972c6b753bb0970bd0d8ea40ea481,sensitivity_only,
N-MULTIPLICITY-0063-P_VALUE,0.712,proportion_or_dimensionless_as_labeled,src/barnabus/analysis.py,multiplicity.csv,f33859fef494be6df07ab0f3b77d778e84ea3365daff09d484711c9f7995819f,83b9cec48c0b290e7be9c4626dafc19af4fdfbc2db1f34584f8d4873669964d2,6e98a05f682972c6b753bb0970bd0d8ea40ea481,sensitivity_only,
N-MULTIPLICITY-0063-P_ADJUSTED,1.0,dimensionless,src/barnabus/analysis.py,multiplicity.csv,f33859fef494be6df07ab0f3b77d778e84ea3365daff09d484711c9f7995819f,83b9cec48c0b290e7be9c4626dafc19af4fdfbc2db1f34584f8d4873669964d2,6e98a05f682972c6b753bb0970bd0d8ea40ea481,sensitivity_only,
N-MULTIPLICITY-0064-P_VALUE,0.2303,proportion_or_dimensionless_as_labeled,src/barnabus/analysis.py,multiplicity.csv,f33859fef494be6df07ab0f3b77d778e84ea3365daff09d484711c9f7995819f,83b9cec48c0b290e7be9c4626dafc19af4fdfbc2db1f34584f8d4873669964d2,6e98a05f682972c6b753bb0970bd0d8ea40ea481,sensitivity_only,
N-MULTIPLICITY-0064-P_ADJUSTED,1.0,dimensionless,src/barnabus/analysis.py,multiplicity.csv,f33859fef494be6df07ab0f3b77d778e84ea3365daff09d484711c9f7995819f,83b9cec48c0b290e7be9c4626dafc19af4fdfbc2db1f34584f8d4873669964d2,6e98a05f682972c6b753bb0970bd0d8ea40ea481,sensitivity_only,
N-MULTIPLICITY-0065-P_VALUE,0.0001,proportion_or_dimensionless_as_labeled,src/barnabus/analysis.py,multiplicity.csv,f33859fef494be6df07ab0f3b77d778e84ea3365daff09d484711c9f7995819f,83b9cec48c0b290e7be9c4626dafc19af4fdfbc2db1f34584f8d4873669964d2,6e98a05f682972c6b753bb0970bd0d8ea40ea481,observed,
N-MULTIPLICITY-0065-P_ADJUSTED,0.00015000000000000001,dimensionless,src/barnabus/analysis.py,multiplicity.csv,f33859fef494be6df07ab0f3b77d778e84ea3365daff09d484711c9f7995819f,83b9cec48c0b290e7be9c4626dafc19af4fdfbc2db1f34584f8d4873669964d2,6e98a05f682972c6b753bb0970bd0d8ea40ea481,observed,
N-MULTIPLICITY-0066-P_VALUE,0.0001,proportion_or_dimensionless_as_labeled,src/barnabus/analysis.py,multiplicity.csv,f33859fef494be6df07ab0f3b77d778e84ea3365daff09d484711c9f7995819f,83b9cec48c0b290e7be9c4626dafc19af4fdfbc2db1f34584f8d4873669964d2,6e98a05f682972c6b753bb0970bd0d8ea40ea481,observed,
N-MULTIPLICITY-0066-P_ADJUSTED,0.00015000000000000001,dimensionless,src/barnabus/analysis.py,multiplicity.csv,f33859fef494be6df07ab0f3b77d778e84ea3365daff09d484711c9f7995819f,83b9cec48c0b290e7be9c4626dafc19af4fdfbc2db1f34584f8d4873669964d2,6e98a05f682972c6b753bb0970bd0d8ea40ea481,observed,
N-ANALYST-QUERY-OUTPUT-0001-CASES,5483.0,dimensionless,src/barnabus/analyst_reproduction.py,analyst_query_output.csv,f33859fef494be6df07ab0f3b77d778e84ea3365daff09d484711c9f7995819f,83b9cec48c0b290e7be9c4626dafc19af4fdfbc2db1f34584f8d4873669964d2,6e98a05f682972c6b753bb0970bd0d8ea40ea481,reproduced,
N-ANALYST-QUERY-OUTPUT-0001-CANCELLATION_RATE,0.0704272926870461,proportion_or_dimensionless_as_labeled,src/barnabus/analyst_reproduction.py,analyst_query_output.csv,f33859fef494be6df07ab0f3b77d778e84ea3365daff09d484711c9f7995819f,83b9cec48c0b290e7be9c4626dafc19af4fdfbc2db1f34584f8d4873669964d2,6e98a05f682972c6b753bb0970bd0d8ea40ea481,reproduced,
N-ANALYST-QUERY-OUTPUT-0001-MEAN_READINESS_DAYS,9.10642191312836,days,src/barnabus/analyst_reproduction.py,analyst_query_output.csv,f33859fef494be6df07ab0f3b77d778e84ea3365daff09d484711c9f7995819f,83b9cec48c0b290e7be9c4626dafc19af4fdfbc2db1f34584f8d4873669964d2,6e98a05f682972c6b753bb0970bd0d8ea40ea481,reproduced,
N-ANALYST-QUERY-OUTPUT-0002-CASES,19635.0,dimensionless,src/barnabus/analyst_reproduction.py,analyst_query_output.csv,f33859fef494be6df07ab0f3b77d778e84ea3365daff09d484711c9f7995819f,83b9cec48c0b290e7be9c4626dafc19af4fdfbc2db1f34584f8d4873669964d2,6e98a05f682972c6b753bb0970bd0d8ea40ea481,reproduced,
N-ANALYST-QUERY-OUTPUT-0002-CANCELLATION_RATE,0.0802705643063242,proportion_or_dimensionless_as_labeled,src/barnabus/analyst_reproduction.py,analyst_query_output.csv,f33859fef494be6df07ab0f3b77d778e84ea3365daff09d484711c9f7995819f,83b9cec48c0b290e7be9c4626dafc19af4fdfbc2db1f34584f8d4873669964d2,6e98a05f682972c6b753bb0970bd0d8ea40ea481,reproduced,
N-ANALYST-QUERY-OUTPUT-0002-MEAN_READINESS_DAYS,9.763626404114232,days,src/barnabus/analyst_reproduction.py,analyst_query_output.csv,f33859fef494be6df07ab0f3b77d778e84ea3365daff09d484711c9f7995819f,83b9cec48c0b290e7be9c4626dafc19af4fdfbc2db1f34584f8d4873669964d2,6e98a05f682972c6b753bb0970bd0d8ea40ea481,reproduced,
N-ANALYST-DECK-REPRODUCTION-0001-SUPPLIED_VALUE,41.0,dimensionless,src/barnabus/analyst_reproduction.py,analyst_deck_reproduction.csv,f33859fef494be6df07ab0f3b77d778e84ea3365daff09d484711c9f7995819f,83b9cec48c0b290e7be9c4626dafc19af4fdfbc2db1f34584f8d4873669964d2,6e98a05f682972c6b753bb0970bd0d8ea40ea481,unreproduced,
N-ANALYST-DECK-REPRODUCTION-0001-REPRODUCED_VALUE,12.262616694352289,dimensionless,src/barnabus/analyst_reproduction.py,analyst_deck_reproduction.csv,f33859fef494be6df07ab0f3b77d778e84ea3365daff09d484711c9f7995819f,83b9cec48c0b290e7be9c4626dafc19af4fdfbc2db1f34584f8d4873669964d2,6e98a05f682972c6b753bb0970bd0d8ea40ea481,reproduced,
N-ANALYST-DECK-REPRODUCTION-0002-SUPPLIED_VALUE,3.9,dimensionless,src/barnabus/analyst_reproduction.py,analyst_deck_reproduction.csv,f33859fef494be6df07ab0f3b77d778e84ea3365daff09d484711c9f7995819f,83b9cec48c0b290e7be9c4626dafc19af4fdfbc2db1f34584f8d4873669964d2,6e98a05f682972c6b753bb0970bd0d8ea40ea481,unreproduced,
N-ANALYST-DECK-REPRODUCTION-0002-REPRODUCED_VALUE,0.6572044909858725,dimensionless,src/barnabus/analyst_reproduction.py,analyst_deck_reproduction.csv,f33859fef494be6df07ab0f3b77d778e84ea3365daff09d484711c9f7995819f,83b9cec48c0b290e7be9c4626dafc19af4fdfbc2db1f34584f8d4873669964d2,6e98a05f682972c6b753bb0970bd0d8ea40ea481,reproduced,
N-ANALYST-DECK-REPRODUCTION-0003-SUPPLIED_VALUE,87.0,dimensionless,src/barnabus/analyst_reproduction.py,analyst_deck_reproduction.csv,f33859fef494be6df07ab0f3b77d778e84ea3365daff09d484711c9f7995819f,83b9cec48c0b290e7be9c4626dafc19af4fdfbc2db1f34584f8d4873669964d2,6e98a05f682972c6b753bb0970bd0d8ea40ea481,unreproduced,
N-ANALYST-DECK-REPRODUCTION-0003-REPRODUCED_VALUE,90.2,dimensionless,src/barnabus/analyst_reproduction.py,analyst_deck_reproduction.csv,f33859fef494be6df07ab0f3b77d778e84ea3365daff09d484711c9f7995819f,83b9cec48c0b290e7be9c4626dafc19af4fdfbc2db1f34584f8d4873669964d2,6e98a05f682972c6b753bb0970bd0d8ea40ea481,reproduced,
N-ANALYST-DECK-REPRODUCTION-0004-SUPPLIED_VALUE,94.0,dimensionless,src/barnabus/analyst_reproduction.py,analyst_deck_reproduction.csv,f33859fef494be6df07ab0f3b77d778e84ea3365daff09d484711c9f7995819f,83b9cec48c0b290e7be9c4626dafc19af4fdfbc2db1f34584f8d4873669964d2,6e98a05f682972c6b753bb0970bd0d8ea40ea481,unreproduced,
N-ANALYST-BIAS-AUDIT-0001-CANCELLATION_REDUCTION_PCT,12.262616694352289,percent,src/barnabus/analyst_reproduction.py,analyst_bias_audit.csv,f33859fef494be6df07ab0f3b77d778e84ea3365daff09d484711c9f7995819f,83b9cec48c0b290e7be9c4626dafc19af4fdfbc2db1f34584f8d4873669964d2,6e98a05f682972c6b753bb0970bd0d8ea40ea481,reproduced,exact_nonendorsed_reproduction
N-ANALYST-BIAS-AUDIT-0001-READINESS_TIME_REDUCTION_DAYS,0.6572044909858725,days,src/barnabus/analyst_reproduction.py,analyst_bias_audit.csv,f33859fef494be6df07ab0f3b77d778e84ea3365daff09d484711c9f7995819f,83b9cec48c0b290e7be9c4626dafc19af4fdfbc2db1f34584f8d4873669964d2,6e98a05f682972c6b753bb0970bd0d8ea40ea481,reproduced,exact_nonendorsed_reproduction
N-ANALYST-BIAS-AUDIT-0002-CANCELLATION_REDUCTION_PCT,10.968129967088561,percent,src/barnabus/analyst_reproduction.py,analyst_bias_audit.csv,f33859fef494be6df07ab0f3b77d778e84ea3365daff09d484711c9f7995819f,83b9cec48c0b290e7be9c4626dafc19af4fdfbc2db1f34584f8d4873669964d2,6e98a05f682972c6b753bb0970bd0d8ea40ea481,sensitivity_only,mechanical_key_and_multiplicity_correction
N-ANALYST-BIAS-AUDIT-0002-READINESS_TIME_REDUCTION_DAYS,0.5552567685572036,days,src/barnabus/analyst_reproduction.py,analyst_bias_audit.csv,f33859fef494be6df07ab0f3b77d778e84ea3365daff09d484711c9f7995819f,83b9cec48c0b290e7be9c4626dafc19af4fdfbc2db1f34584f8d4873669964d2,6e98a05f682972c6b753bb0970bd0d8ea40ea481,sensitivity_only,mechanical_key_and_multiplicity_correction
N-ANALYST-BIAS-AUDIT-0002-DELTA_CANCELLATION_PCT_FROM_PRIOR,-1.2944867272637275,percent,src/barnabus/analyst_reproduction.py,analyst_bias_audit.csv,f33859fef494be6df07ab0f3b77d778e84ea3365daff09d484711c9f7995819f,83b9cec48c0b290e7be9c4626dafc19af4fdfbc2db1f34584f8d4873669964d2,6e98a05f682972c6b753bb0970bd0d8ea40ea481,sensitivity_only,mechanical_key_and_multiplicity_correction
N-ANALYST-BIAS-AUDIT-0002-DELTA_READINESS_DAYS_FROM_PRIOR,-0.1019477224286689,days,src/barnabus/analyst_reproduction.py,analyst_bias_audit.csv,f33859fef494be6df07ab0f3b77d778e84ea3365daff09d484711c9f7995819f,83b9cec48c0b290e7be9c4626dafc19af4fdfbc2db1f34584f8d4873669964d2,6e98a05f682972c6b753bb0970bd0d8ea40ea481,sensitivity_only,mechanical_key_and_multiplicity_correction
N-ANALYST-BIAS-AUDIT-0003-CANCELLATION_REDUCTION_PCT,12.81127666560448,percent,src/barnabus/analyst_reproduction.py,analyst_bias_audit.csv,f33859fef494be6df07ab0f3b77d778e84ea3365daff09d484711c9f7995819f,83b9cec48c0b290e7be9c4626dafc19af4fdfbc2db1f34584f8d4873669964d2,6e98a05f682972c6b753bb0970bd0d8ea40ea481,sensitivity_only,removes_survival_to_assessment_and_realigns_time_zero
N-ANALYST-BIAS-AUDIT-0003-READINESS_TIME_REDUCTION_DAYS,0.6014745191408721,days,src/barnabus/analyst_reproduction.py,analyst_bias_audit.csv,f33859fef494be6df07ab0f3b77d778e84ea3365daff09d484711c9f7995819f,83b9cec48c0b290e7be9c4626dafc19af4fdfbc2db1f34584f8d4873669964d2,6e98a05f682972c6b753bb0970bd0d8ea40ea481,sensitivity_only,removes_survival_to_assessment_and_realigns_time_zero
N-ANALYST-BIAS-AUDIT-0003-DELTA_CANCELLATION_PCT_FROM_PRIOR,1.843146698515918,percent,src/barnabus/analyst_reproduction.py,analyst_bias_audit.csv,f33859fef494be6df07ab0f3b77d778e84ea3365daff09d484711c9f7995819f,83b9cec48c0b290e7be9c4626dafc19af4fdfbc2db1f34584f8d4873669964d2,6e98a05f682972c6b753bb0970bd0d8ea40ea481,sensitivity_only,removes_survival_to_assessment_and_realigns_time_zero
N-ANALYST-BIAS-AUDIT-0003-DELTA_READINESS_DAYS_FROM_PRIOR,0.046217750583668504,days,src/barnabus/analyst_reproduction.py,analyst_bias_audit.csv,f33859fef494be6df07ab0f3b77d778e84ea3365daff09d484711c9f7995819f,83b9cec48c0b290e7be9c4626dafc19af4fdfbc2db1f34584f8d4873669964d2,6e98a05f682972c6b753bb0970bd0d8ea40ea481,sensitivity_only,removes_survival_to_assessment_and_realigns_time_zero
N-ANALYST-BIAS-AUDIT-0004-CANCELLATION_REDUCTION_PCT,8.0499937416056,percent,src/barnabus/analyst_reproduction.py,analyst_bias_audit.csv,f33859fef494be6df07ab0f3b77d778e84ea3365daff09d484711c9f7995819f,83b9cec48c0b290e7be9c4626dafc19af4fdfbc2db1f34584f8d4873669964d2,6e98a05f682972c6b753bb0970bd0d8ea40ea481,sensitivity_only,removes_silent_site_b_mixing_but_not_service_selection
N-ANALYST-BIAS-AUDIT-0004-READINESS_TIME_REDUCTION_DAYS,1.358936803893819,days,src/barnabus/analyst_reproduction.py,analyst_bias_audit.csv,f33859fef494be6df07ab0f3b77d778e84ea3365daff09d484711c9f7995819f,83b9cec48c0b290e7be9c4626dafc19af4fdfbc2db1f34584f8d4873669964d2,6e98a05f682972c6b753bb0970bd0d8ea40ea481,sensitivity_only,removes_silent_site_b_mixing_but_not_service_selection
N-ANALYST-BIAS-AUDIT-0004-DELTA_CANCELLATION_PCT_FROM_PRIOR,-4.761282923998879,percent,src/barnabus/analyst_reproduction.py,analyst_bias_audit.csv,f33859fef494be6df07ab0f3b77d778e84ea3365daff09d484711c9f7995819f,83b9cec48c0b290e7be9c4626dafc19af4fdfbc2db1f34584f8d4873669964d2,6e98a05f682972c6b753bb0970bd0d8ea40ea481,sensitivity_only,removes_silent_site_b_mixing_but_not_service_selection
N-ANALYST-BIAS-AUDIT-0004-DELTA_READINESS_DAYS_FROM_PRIOR,0.7574622847529469,days,src/barnabus/analyst_reproduction.py,analyst_bias_audit.csv,f33859fef494be6df07ab0f3b77d778e84ea3365daff09d484711c9f7995819f,83b9cec48c0b290e7be9c4626dafc19af4fdfbc2db1f34584f8d4873669964d2,6e98a05f682972c6b753bb0970bd0d8ea40ea481,sensitivity_only,removes_silent_site_b_mixing_but_not_service_selection
N-ANALYST-BIAS-AUDIT-0005-CANCELLATION_REDUCTION_PCT,8.755117256231095,percent,src/barnabus/analyst_reproduction.py,analyst_bias_audit.csv,f33859fef494be6df07ab0f3b77d778e84ea3365daff09d484711c9f7995819f,83b9cec48c0b290e7be9c4626dafc19af4fdfbc2db1f34584f8d4873669964d2,6e98a05f682972c6b753bb0970bd0d8ea40ea481,sensitivity_only,changes_case_volume_weighting_but_exposure_still_unknown
N-ANALYST-BIAS-AUDIT-0005-READINESS_TIME_REDUCTION_DAYS,0.7125061751206907,days,src/barnabus/analyst_reproduction.py,analyst_bias_audit.csv,f33859fef494be6df07ab0f3b77d778e84ea3365daff09d484711c9f7995819f,83b9cec48c0b290e7be9c4626dafc19af4fdfbc2db1f34584f8d4873669964d2,6e98a05f682972c6b753bb0970bd0d8ea40ea481,sensitivity_only,changes_case_volume_weighting_but_exposure_still_unknown
N-ANALYST-BIAS-AUDIT-0005-DELTA_CANCELLATION_PCT_FROM_PRIOR,0.7051235146254946,percent,src/barnabus/analyst_reproduction.py,analyst_bias_audit.csv,f33859fef494be6df07ab0f3b77d778e84ea3365daff09d484711c9f7995819f,83b9cec48c0b290e7be9c4626dafc19af4fdfbc2db1f34584f8d4873669964d2,6e98a05f682972c6b753bb0970bd0d8ea40ea481,sensitivity_only,changes_case_volume_weighting_but_exposure_still_unknown
N-ANALYST-BIAS-AUDIT-0005-DELTA_READINESS_DAYS_FROM_PRIOR,-0.6464306287731283,days,src/barnabus/analyst_reproduction.py,analyst_bias_audit.csv,f33859fef494be6df07ab0f3b77d778e84ea3365daff09d484711c9f7995819f,83b9cec48c0b290e7be9c4626dafc19af4fdfbc2db1f34584f8d4873669964d2,6e98a05f682972c6b753bb0970bd0d8ea40ea481,sensitivity_only,changes_case_volume_weighting_but_exposure_still_unknown
N-EXCLUSIONS-0001-COUNT,53,count,src/barnabus/analysis.py,exclusions.csv,f33859fef494be6df07ab0f3b77d778e84ea3365daff09d484711c9f7995819f,83b9cec48c0b290e7be9c4626dafc19af4fdfbc2db1f34584f8d4873669964d2,6e98a05f682972c6b753bb0970bd0d8ea40ea481,observed,
N-EXCLUSIONS-0002-COUNT,0,count,src/barnabus/analysis.py,exclusions.csv,f33859fef494be6df07ab0f3b77d778e84ea3365daff09d484711c9f7995819f,83b9cec48c0b290e7be9c4626dafc19af4fdfbc2db1f34584f8d4873669964d2,6e98a05f682972c6b753bb0970bd0d8ea40ea481,observed,
N-EXCLUSIONS-0003-COUNT,165,count,src/barnabus/analysis.py,exclusions.csv,f33859fef494be6df07ab0f3b77d778e84ea3365daff09d484711c9f7995819f,83b9cec48c0b290e7be9c4626dafc19af4fdfbc2db1f34584f8d4873669964d2,6e98a05f682972c6b753bb0970bd0d8ea40ea481,observed,
N-DESIGN-DIAGNOSTICS-0001-TOTAL_SERVICES,24,dimensionless,src/barnabus/analysis.py,design_diagnostics.csv,f33859fef494be6df07ab0f3b77d778e84ea3365daff09d484711c9f7995819f,83b9cec48c0b290e7be9c4626dafc19af4fdfbc2db1f34584f8d4873669964d2,6e98a05f682972c6b753bb0970bd0d8ea40ea481,observed,actual_treated_component_count_unknown_without_selected_service_contract
N-DESIGN-DIAGNOSTICS-0001-TOTAL_COMPONENTS,8,dimensionless,src/barnabus/analysis.py,design_diagnostics.csv,f33859fef494be6df07ab0f3b77d778e84ea3365daff09d484711c9f7995819f,83b9cec48c0b290e7be9c4626dafc19af4fdfbc2db1f34584f8d4873669964d2,6e98a05f682972c6b753bb0970bd0d8ea40ea481,observed,actual_treated_component_count_unknown_without_selected_service_contract
N-DESIGN-DIAGNOSTICS-0001-SITE_A_COMPONENTS,4,dimensionless,src/barnabus/analysis.py,design_diagnostics.csv,f33859fef494be6df07ab0f3b77d778e84ea3365daff09d484711c9f7995819f,83b9cec48c0b290e7be9c4626dafc19af4fdfbc2db1f34584f8d4873669964d2,6e98a05f682972c6b753bb0970bd0d8ea40ea481,observed,actual_treated_component_count_unknown_without_selected_service_contract
N-DESIGN-DIAGNOSTICS-0001-SITE_B_COMPONENTS,4,dimensionless,src/barnabus/analysis.py,design_diagnostics.csv,f33859fef494be6df07ab0f3b77d778e84ea3365daff09d484711c9f7995819f,83b9cec48c0b290e7be9c4626dafc19af4fdfbc2db1f34584f8d4873669964d2,6e98a05f682972c6b753bb0970bd0d8ea40ea481,observed,actual_treated_component_count_unknown_without_selected_service_contract
N-DESIGN-DIAGNOSTICS-0001-SNAPSHOT_ROWS,40011,count,src/barnabus/analysis.py,design_diagnostics.csv,f33859fef494be6df07ab0f3b77d778e84ea3365daff09d484711c9f7995819f,83b9cec48c0b290e7be9c4626dafc19af4fdfbc2db1f34584f8d4873669964d2,6e98a05f682972c6b753bb0970bd0d8ea40ea481,observed,actual_treated_component_count_unknown_without_selected_service_contract
N-DESIGN-DIAGNOSTICS-0001-NORMALIZED_ONLY_KEY_ROWS,12003,count,src/barnabus/analysis.py,design_diagnostics.csv,f33859fef494be6df07ab0f3b77d778e84ea3365daff09d484711c9f7995819f,83b9cec48c0b290e7be9c4626dafc19af4fdfbc2db1f34584f8d4873669964d2,6e98a05f682972c6b753bb0970bd0d8ea40ea481,observed,actual_treated_component_count_unknown_without_selected_service_contract
N-DESIGN-DIAGNOSTICS-0001-DUPLICATE_SNAPSHOT_KEYS,2265,dimensionless,src/barnabus/analysis.py,design_diagnostics.csv,f33859fef494be6df07ab0f3b77d778e84ea3365daff09d484711c9f7995819f,83b9cec48c0b290e7be9c4626dafc19af4fdfbc2db1f34584f8d4873669964d2,6e98a05f682972c6b753bb0970bd0d8ea40ea481,observed,actual_treated_component_count_unknown_without_selected_service_contract
N-DESIGN-DIAGNOSTICS-0001-ELIGIBLE_REFERRALS,39947,dimensionless,src/barnabus/analysis.py,design_diagnostics.csv,f33859fef494be6df07ab0f3b77d778e84ea3365daff09d484711c9f7995819f,83b9cec48c0b290e7be9c4626dafc19af4fdfbc2db1f34584f8d4873669964d2,6e98a05f682972c6b753bb0970bd0d8ea40ea481,observed,actual_treated_component_count_unknown_without_selected_service_contract
N-DESIGN-DIAGNOSTICS-0001-EXCLUDED_WITHOUT_ASSESSMENT,1988,dimensionless,src/barnabus/analysis.py,design_diagnostics.csv,f33859fef494be6df07ab0f3b77d778e84ea3365daff09d484711c9f7995819f,83b9cec48c0b290e7be9c4626dafc19af4fdfbc2db1f34584f8d4873669964d2,6e98a05f682972c6b753bb0970bd0d8ea40ea481,observed,actual_treated_component_count_unknown_without_selected_service_contract
N-DESIGN-DIAGNOSTICS-0001-CROSSED_SWITCH_AFTER_ASSESSMENT,338,dimensionless,src/barnabus/analysis.py,design_diagnostics.csv,f33859fef494be6df07ab0f3b77d778e84ea3365daff09d484711c9f7995819f,83b9cec48c0b290e7be9c4626dafc19af4fdfbc2db1f34584f8d4873669964d2,6e98a05f682972c6b753bb0970bd0d8ea40ea481,observed,actual_treated_component_count_unknown_without_selected_service_contract
N-DESIGN-DIAGNOSTICS-0001-UNRESOLVED_CANCELLATION_ROWS,2204,count,src/barnabus/analysis.py,design_diagnostics.csv,f33859fef494be6df07ab0f3b77d778e84ea3365daff09d484711c9f7995819f,83b9cec48c0b290e7be9c4626dafc19af4fdfbc2db1f34584f8d4873669964d2,6e98a05f682972c6b753bb0970bd0d8ea40ea481,observed,actual_treated_component_count_unknown_without_selected_service_contract
N-DESIGN-DIAGNOSTICS-0001-MISSING_READINESS_ROWS,14886,count,src/barnabus/analysis.py,design_diagnostics.csv,f33859fef494be6df07ab0f3b77d778e84ea3365daff09d484711c9f7995819f,83b9cec48c0b290e7be9c4626dafc19af4fdfbc2db1f34584f8d4873669964d2,6e98a05f682972c6b753bb0970bd0d8ea40ea481,observed,actual_treated_component_count_unknown_without_selected_service_contract
N-LABELS-ALL-SUPPLIED-PAIRS-0001-RAW_AGREEMENT,0.902,proportion_or_dimensionless_as_labeled,src/barnabus/analysis.py,labels_all_supplied_pairs.csv,f33859fef494be6df07ab0f3b77d778e84ea3365daff09d484711c9f7995819f,83b9cec48c0b290e7be9c4626dafc19af4fdfbc2db1f34584f8d4873669964d2,6e98a05f682972c6b753bb0970bd0d8ea40ea481,observed,all_supplied_pairs_not_the_claim_target_population
N-LABELS-ALL-SUPPLIED-PAIRS-0001-EXPECTED_AGREEMENT,0.8578400000000002,proportion_or_dimensionless_as_labeled,src/barnabus/analysis.py,labels_all_supplied_pairs.csv,f33859fef494be6df07ab0f3b77d778e84ea3365daff09d484711c9f7995819f,83b9cec48c0b290e7be9c4626dafc19af4fdfbc2db1f34584f8d4873669964d2,6e98a05f682972c6b753bb0970bd0d8ea40ea481,observed,all_supplied_pairs_not_the_claim_target_population
N-LABELS-ALL-SUPPLIED-PAIRS-0001-CHANCE_EXCESS,0.044159999999999866,dimensionless,src/barnabus/analysis.py,labels_all_supplied_pairs.csv,f33859fef494be6df07ab0f3b77d778e84ea3365daff09d484711c9f7995819f,83b9cec48c0b290e7be9c4626dafc19af4fdfbc2db1f34584f8d4873669964d2,6e98a05f682972c6b753bb0970bd0d8ea40ea481,observed,all_supplied_pairs_not_the_claim_target_population
N-LABELS-ALL-SUPPLIED-PAIRS-0001-COHEN_KAPPA,0.3106359032076528,dimensionless,src/barnabus/analysis.py,labels_all_supplied_pairs.csv,f33859fef494be6df07ab0f3b77d778e84ea3365daff09d484711c9f7995819f,83b9cec48c0b290e7be9c4626dafc19af4fdfbc2db1f34584f8d4873669964d2,6e98a05f682972c6b753bb0970bd0d8ea40ea481,observed,all_supplied_pairs_not_the_claim_target_population
N-LABELS-ALL-SUPPLIED-PAIRS-0001-GWET_AC1,0.8857619792553082,dimensionless,src/barnabus/analysis.py,labels_all_supplied_pairs.csv,f33859fef494be6df07ab0f3b77d778e84ea3365daff09d484711c9f7995819f,83b9cec48c0b290e7be9c4626dafc19af4fdfbc2db1f34584f8d4873669964d2,6e98a05f682972c6b753bb0970bd0d8ea40ea481,observed,all_supplied_pairs_not_the_claim_target_population
N-LABELS-ALL-SUPPLIED-PAIRS-0001-N,500,count,src/barnabus/analysis.py,labels_all_supplied_pairs.csv,f33859fef494be6df07ab0f3b77d778e84ea3365daff09d484711c9f7995819f,83b9cec48c0b290e7be9c4626dafc19af4fdfbc2db1f34584f8d4873669964d2,6e98a05f682972c6b753bb0970bd0d8ea40ea481,observed,all_supplied_pairs_not_the_claim_target_population
